title,url,snippet,combined_text,clean_text,tokens,lda_topic,topic_label
Download The Official NVIDIA Drivers | NVIDIA,https://www.nvidia.com/en-us/drivers/,Download the latest official NVIDIA drivers to enhance your PC gaming experience and run apps faster.,Download The Official NVIDIA Drivers | NVIDIA Download the latest official NVIDIA drivers to enhance your PC gaming experience and run apps faster.,download official nvidia driver nvidia download late official nvidia driver enhance pc gaming experience run app fast,"['download', 'official', 'nvidia', 'driver', 'nvidia', 'download', 'late', 'official', 'nvidia', 'driver', 'enhance', 'pc', 'gaming', 'experience', 'run', 'app', 'fast']",4,"Topic 4: nvidia, geforce, driver"
Official GeForce Drivers | NVIDIA,https://www.nvidia.com/en-us/geforce/drivers/,"Nov 12, 2019 · Whether you are playing the hottest new games or working with the latest creative applications, NVIDIA drivers are custom tailored to provide the best possible experience.","Official GeForce Drivers | NVIDIA Nov 12, 2019 · Whether you are playing the hottest new games or working with the latest creative applications, NVIDIA drivers are custom tailored to provide the best possible experience.",official geforce driver nvidia nov play hot new game work late creative application nvidia driver custom tailor provide good possible experience,"['official', 'geforce', 'driver', 'nvidia', 'nov', 'play', 'hot', 'new', 'game', 'work', 'late', 'creative', 'application', 'nvidia', 'driver', 'custom', 'tailor', 'provide', 'good', 'possible', 'experience']",4,"Topic 4: nvidia, geforce, driver"
World Leader in Artificial Intelligence Computing | NVIDIA,https://www.nvidia.com/en-us/,"NVIDIA GeForce RTX™ powers the world’s fastest GPUs and the ultimate platform for gamers and creators. Enjoy beautiful ray tracing, AI-powered DLSS, and much more in games and …","World Leader in Artificial Intelligence Computing | NVIDIA NVIDIA GeForce RTX™ powers the world’s fastest GPUs and the ultimate platform for gamers and creators. Enjoy beautiful ray tracing, AI-powered DLSS, and much more in games and …",world leader artificial intelligence computing nvidia nvidia geforce rtx power world fast gpu ultimate platform gamer creator enjoy beautiful ray tracing aipowere dlss game,"['world', 'leader', 'artificial', 'intelligence', 'computing', 'nvidia', 'nvidia', 'geforce', 'rtx', 'power', 'world', 'fast', 'gpu', 'ultimate', 'platform', 'gamer', 'creator', 'enjoy', 'beautiful', 'ray', 'tracing', 'aipowere', 'dlss', 'game']",1,"Topic 1: nvidia, dgx, station"
Download NVIDIA App for Gamers and Creators | NVIDIA,https://www.nvidia.com/en-us/software/nvidia-app/,"The NVIDIA App is the essential companion for PC gamers and creators. Keep your PC up to date with the latest NVIDIA drivers and technology. Optimize games and applications with a new unified GPU control center, capture your favorite moments with powerful recording tools through the in-game overlay, and discover the latest NVIDIA tools and ...","Download NVIDIA App for Gamers and Creators | NVIDIA The NVIDIA App is the essential companion for PC gamers and creators. Keep your PC up to date with the latest NVIDIA drivers and technology. Optimize games and applications with a new unified GPU control center, capture your favorite moments with powerful recording tools through the in-game overlay, and discover the latest NVIDIA tools and ...",download nvidia app gamer creator nvidia nvidia app essential companion pc gamer creator pc date late nvidia driver technology optimize game application new unified gpu control center capture favorite moment powerful recording tool ingame overlay discover late nvidia tool,"['download', 'nvidia', 'app', 'gamer', 'creator', 'nvidia', 'nvidia', 'app', 'essential', 'companion', 'pc', 'gamer', 'creator', 'pc', 'date', 'late', 'nvidia', 'driver', 'technology', 'optimize', 'game', 'application', 'new', 'unified', 'gpu', 'control', 'center', 'capture', 'favorite', 'moment', 'powerful', 'recording', 'tool', 'ingame', 'overlay', 'discover', 'late', 'nvidia', 'tool']",4,"Topic 4: nvidia, geforce, driver"
Nvidia - Wikipedia,https://en.wikipedia.org/wiki/Nvidia,"Nvidia Corporation[a] (/ ɛnˈvɪdiə / en-VID-ee-ə) is an American multinational corporation and technology company headquartered in Santa Clara, California, and incorporated in Delaware. [5]","Nvidia - Wikipedia Nvidia Corporation[a] (/ ɛnˈvɪdiə / en-VID-ee-ə) is an American multinational corporation and technology company headquartered in Santa Clara, California, and incorporated in Delaware. [5]",nvidia wikipedia nvidia corporationa nvdi envidee american multinational corporation technology company headquarter santa clara california incorporate delaware,"['nvidia', 'wikipedia', 'nvidia', 'corporationa', 'nvdi', 'envidee', 'american', 'multinational', 'corporation', 'technology', 'company', 'headquarter', 'santa', 'clara', 'california', 'incorporate', 'delaware']",4,"Topic 4: nvidia, geforce, driver"
"NVIDIA GeForce Graphics Cards, Gaming Laptops, Desktop and …",https://marketplace.nvidia.com/en-ca/consumer/graphics-cards/,"Show NVIDIA GeForce graphics cards, gaming laptops, desktop and monitor from the official NVIDIA GeForce store - Canada. Know more about GeForce RTX 40 series GPUs.","NVIDIA GeForce Graphics Cards, Gaming Laptops, Desktop and … Show NVIDIA GeForce graphics cards, gaming laptops, desktop and monitor from the official NVIDIA GeForce store - Canada. Know more about GeForce RTX 40 series GPUs.",nvidia geforce graphic card game laptop desktop nvidia geforce graphic card game laptop desktop monitor official nvidia geforce store canada know geforce rtx series gpus,"['nvidia', 'geforce', 'graphic', 'card', 'game', 'laptop', 'desktop', 'nvidia', 'geforce', 'graphic', 'card', 'game', 'laptop', 'desktop', 'monitor', 'official', 'nvidia', 'geforce', 'store', 'canada', 'know', 'geforce', 'rtx', 'series', 'gpus']",4,"Topic 4: nvidia, geforce, driver"
NVIDIA Announces DGX Spark and DGX Station Personal AI …,https://nvidianews.nvidia.com/news/nvidia-announces-dgx-spark-and-dgx-station-personal-ai-computers,"Mar 18, 2025 · DGX Spark — formerly Project DIGITS — and DGX Station™, a new high-performance NVIDIA Grace Blackwell desktop supercomputer powered by the NVIDIA Blackwell Ultra platform, enable AI developers, researchers, data scientists and students to prototype, fine-tune and inference large models on desktops.","NVIDIA Announces DGX Spark and DGX Station Personal AI … Mar 18, 2025 · DGX Spark — formerly Project DIGITS — and DGX Station™, a new high-performance NVIDIA Grace Blackwell desktop supercomputer powered by the NVIDIA Blackwell Ultra platform, enable AI developers, researchers, data scientists and students to prototype, fine-tune and inference large models on desktops.",nvidia announce dgx spark dgx station personal ai mar dgx spark project digit dgx station new highperformance nvidia grace blackwell desktop supercomputer power nvidia blackwell ultra platform enable ai developer researcher datum scientist student prototype finetune inference large model desktop,"['nvidia', 'announce', 'dgx', 'spark', 'dgx', 'station', 'personal', 'ai', 'mar', 'dgx', 'spark', 'project', 'digit', 'dgx', 'station', 'new', 'highperformance', 'nvidia', 'grace', 'blackwell', 'desktop', 'supercomputer', 'power', 'nvidia', 'blackwell', 'ultra', 'platform', 'enable', 'ai', 'developer', 'researcher', 'datum', 'scientist', 'student', 'prototype', 'finetune', 'inference', 'large', 'model', 'desktop']",1,"Topic 1: nvidia, dgx, station"
"NVIDIA App Update Adds Project G-Assist, DLSS Super Resolution …",https://www.nvidia.com/en-us/geforce/news/nvidia-app-update-g-assist-new-dlss-override-and-more/,"2 days ago · In a new NVIDIA app update that’s available now, we’ve expanded the functionality of our DLSS overrides, enabling you to fine tune image quality or boost performance for DLSS Super Resolution.","NVIDIA App Update Adds Project G-Assist, DLSS Super Resolution … 2 days ago · In a new NVIDIA app update that’s available now, we’ve expanded the functionality of our DLSS overrides, enabling you to fine tune image quality or boost performance for DLSS Super Resolution.",nvidia app update add project gassist dlss super resolution day ago new nvidia app update s available ve expand functionality dlss override enable fine tune image quality boost performance dlss super resolution,"['nvidia', 'app', 'update', 'add', 'project', 'gassist', 'dlss', 'super', 'resolution', 'day', 'ago', 'new', 'nvidia', 'app', 'update', 's', 'available', 've', 'expand', 'functionality', 'dlss', 'override', 'enable', 'fine', 'tune', 'image', 'quality', 'boost', 'performance', 'dlss', 'super', 'resolution']",3,"Topic 3: dlss, nvidia, app"
NVIDIA Blackwell GeForce RTX 50 Series Opens New ... - NVIDIA …,https://nvidianews.nvidia.com/news/nvidia-blackwell-geforce-rtx-50-series-opens-new-world-of-ai-computer-graphics,"Jan 6, 2025 · NVIDIA today unveiled the most advanced consumer GPUs for gamers, creators and developers — the GeForce RTX™ 50 Series Desktop and Laptop GPUs.","NVIDIA Blackwell GeForce RTX 50 Series Opens New ... - NVIDIA … Jan 6, 2025 · NVIDIA today unveiled the most advanced consumer GPUs for gamers, creators and developers — the GeForce RTX™ 50 Series Desktop and Laptop GPUs.",nvidia blackwell geforce rtx series open new nvidia jan nvidia today unveil advanced consumer gpu gamer creator developer geforce rtx series desktop laptop gpu,"['nvidia', 'blackwell', 'geforce', 'rtx', 'series', 'open', 'new', 'nvidia', 'jan', 'nvidia', 'today', 'unveil', 'advanced', 'consumer', 'gpu', 'gamer', 'creator', 'developer', 'geforce', 'rtx', 'series', 'desktop', 'laptop', 'gpu']",0,"Topic 0: nvidia, rtx, gpu"
NVIDIA Delivers Quantum Leap in Performance ... - NVIDIA …,https://nvidianews.nvidia.com/news/nvidia-delivers-quantum-leap-in-performance-introduces-new-era-of-neural-rendering-with-geforce-rtx-40-series,"Sep 20, 2022 · NVIDIA today unveiled the GeForce RTX ® 40 Series of GPUs, designed to deliver revolutionary performance for gamers and creators, led by its new flagship, the RTX 4090 GPU, with up to 4x the performance of its predecessor.","NVIDIA Delivers Quantum Leap in Performance ... - NVIDIA … Sep 20, 2022 · NVIDIA today unveiled the GeForce RTX ® 40 Series of GPUs, designed to deliver revolutionary performance for gamers and creators, led by its new flagship, the RTX 4090 GPU, with up to 4x the performance of its predecessor.",nvidia deliver quantum leap performance nvidia sep nvidia today unveil geforce rtx series gpu design deliver revolutionary performance gamer creator lead new flagship rtx gpu x performance predecessor,"['nvidia', 'deliver', 'quantum', 'leap', 'performance', 'nvidia', 'sep', 'nvidia', 'today', 'unveil', 'geforce', 'rtx', 'series', 'gpu', 'design', 'deliver', 'revolutionary', 'performance', 'gamer', 'creator', 'lead', 'new', 'flagship', 'rtx', 'gpu', 'x', 'performance', 'predecessor']",4,"Topic 4: nvidia, geforce, driver"
Download The Official NVIDIA Drivers | NVIDIA,https://www.nvidia.com/en-us/drivers/,Download the latest official NVIDIA drivers to enhance your PC gaming experience and run apps faster.,Download The Official NVIDIA Drivers | NVIDIA Download the latest official NVIDIA drivers to enhance your PC gaming experience and run apps faster.,download official nvidia driver nvidia download late official nvidia driver enhance pc gaming experience run app fast,"['download', 'official', 'nvidia', 'driver', 'nvidia', 'download', 'late', 'official', 'nvidia', 'driver', 'enhance', 'pc', 'gaming', 'experience', 'run', 'app', 'fast']",4,"Topic 4: nvidia, geforce, driver"
Official GeForce Drivers | NVIDIA,https://www.nvidia.com/en-us/geforce/drivers/,"Nov 12, 2019 · Whether you are playing the hottest new games or working with the latest creative applications, NVIDIA drivers are custom tailored to provide the best possible experience.","Official GeForce Drivers | NVIDIA Nov 12, 2019 · Whether you are playing the hottest new games or working with the latest creative applications, NVIDIA drivers are custom tailored to provide the best possible experience.",official geforce driver nvidia nov play hot new game work late creative application nvidia driver custom tailor provide good possible experience,"['official', 'geforce', 'driver', 'nvidia', 'nov', 'play', 'hot', 'new', 'game', 'work', 'late', 'creative', 'application', 'nvidia', 'driver', 'custom', 'tailor', 'provide', 'good', 'possible', 'experience']",4,"Topic 4: nvidia, geforce, driver"
World Leader in Artificial Intelligence Computing | NVIDIA,https://www.nvidia.com/en-us/,"NVIDIA GeForce RTX™ powers the world’s fastest GPUs and the ultimate platform for gamers and creators. Enjoy beautiful ray tracing, AI-powered DLSS, and much more in games and …","World Leader in Artificial Intelligence Computing | NVIDIA NVIDIA GeForce RTX™ powers the world’s fastest GPUs and the ultimate platform for gamers and creators. Enjoy beautiful ray tracing, AI-powered DLSS, and much more in games and …",world leader artificial intelligence computing nvidia nvidia geforce rtx power world fast gpu ultimate platform gamer creator enjoy beautiful ray tracing aipowere dlss game,"['world', 'leader', 'artificial', 'intelligence', 'computing', 'nvidia', 'nvidia', 'geforce', 'rtx', 'power', 'world', 'fast', 'gpu', 'ultimate', 'platform', 'gamer', 'creator', 'enjoy', 'beautiful', 'ray', 'tracing', 'aipowere', 'dlss', 'game']",1,"Topic 1: nvidia, dgx, station"
Download NVIDIA App for Gamers and Creators | NVIDIA,https://www.nvidia.com/en-us/software/nvidia-app/,"The NVIDIA App is the essential companion for PC gamers and creators. Keep your PC up to date with the latest NVIDIA drivers and technology. Optimize games and applications with a new unified GPU control center, capture your favorite moments with powerful recording tools through the in-game overlay, and discover the latest NVIDIA tools and ...","Download NVIDIA App for Gamers and Creators | NVIDIA The NVIDIA App is the essential companion for PC gamers and creators. Keep your PC up to date with the latest NVIDIA drivers and technology. Optimize games and applications with a new unified GPU control center, capture your favorite moments with powerful recording tools through the in-game overlay, and discover the latest NVIDIA tools and ...",download nvidia app gamer creator nvidia nvidia app essential companion pc gamer creator pc date late nvidia driver technology optimize game application new unified gpu control center capture favorite moment powerful recording tool ingame overlay discover late nvidia tool,"['download', 'nvidia', 'app', 'gamer', 'creator', 'nvidia', 'nvidia', 'app', 'essential', 'companion', 'pc', 'gamer', 'creator', 'pc', 'date', 'late', 'nvidia', 'driver', 'technology', 'optimize', 'game', 'application', 'new', 'unified', 'gpu', 'control', 'center', 'capture', 'favorite', 'moment', 'powerful', 'recording', 'tool', 'ingame', 'overlay', 'discover', 'late', 'nvidia', 'tool']",4,"Topic 4: nvidia, geforce, driver"
Nvidia - Wikipedia,https://en.wikipedia.org/wiki/Nvidia,"Nvidia Corporation[a] (/ ɛnˈvɪdiə / en-VID-ee-ə) is an American multinational corporation and technology company headquartered in Santa Clara, California, and incorporated in Delaware. [5]","Nvidia - Wikipedia Nvidia Corporation[a] (/ ɛnˈvɪdiə / en-VID-ee-ə) is an American multinational corporation and technology company headquartered in Santa Clara, California, and incorporated in Delaware. [5]",nvidia wikipedia nvidia corporationa nvdi envidee american multinational corporation technology company headquarter santa clara california incorporate delaware,"['nvidia', 'wikipedia', 'nvidia', 'corporationa', 'nvdi', 'envidee', 'american', 'multinational', 'corporation', 'technology', 'company', 'headquarter', 'santa', 'clara', 'california', 'incorporate', 'delaware']",4,"Topic 4: nvidia, geforce, driver"
"NVIDIA GeForce Graphics Cards, Gaming Laptops, Desktop and …",https://marketplace.nvidia.com/en-ca/consumer/graphics-cards/,"Show NVIDIA GeForce graphics cards, gaming laptops, desktop and monitor from the official NVIDIA GeForce store - Canada. Know more about GeForce RTX 40 series GPUs.","NVIDIA GeForce Graphics Cards, Gaming Laptops, Desktop and … Show NVIDIA GeForce graphics cards, gaming laptops, desktop and monitor from the official NVIDIA GeForce store - Canada. Know more about GeForce RTX 40 series GPUs.",nvidia geforce graphic card game laptop desktop nvidia geforce graphic card game laptop desktop monitor official nvidia geforce store canada know geforce rtx series gpus,"['nvidia', 'geforce', 'graphic', 'card', 'game', 'laptop', 'desktop', 'nvidia', 'geforce', 'graphic', 'card', 'game', 'laptop', 'desktop', 'monitor', 'official', 'nvidia', 'geforce', 'store', 'canada', 'know', 'geforce', 'rtx', 'series', 'gpus']",4,"Topic 4: nvidia, geforce, driver"
NVIDIA Announces DGX Spark and DGX Station Personal AI …,https://nvidianews.nvidia.com/news/nvidia-announces-dgx-spark-and-dgx-station-personal-ai-computers,"Mar 18, 2025 · DGX Spark — formerly Project DIGITS — and DGX Station™, a new high-performance NVIDIA Grace Blackwell desktop supercomputer powered by the NVIDIA Blackwell Ultra platform, enable AI developers, researchers, data scientists and students to prototype, fine-tune and inference large models on desktops.","NVIDIA Announces DGX Spark and DGX Station Personal AI … Mar 18, 2025 · DGX Spark — formerly Project DIGITS — and DGX Station™, a new high-performance NVIDIA Grace Blackwell desktop supercomputer powered by the NVIDIA Blackwell Ultra platform, enable AI developers, researchers, data scientists and students to prototype, fine-tune and inference large models on desktops.",nvidia announce dgx spark dgx station personal ai mar dgx spark project digit dgx station new highperformance nvidia grace blackwell desktop supercomputer power nvidia blackwell ultra platform enable ai developer researcher datum scientist student prototype finetune inference large model desktop,"['nvidia', 'announce', 'dgx', 'spark', 'dgx', 'station', 'personal', 'ai', 'mar', 'dgx', 'spark', 'project', 'digit', 'dgx', 'station', 'new', 'highperformance', 'nvidia', 'grace', 'blackwell', 'desktop', 'supercomputer', 'power', 'nvidia', 'blackwell', 'ultra', 'platform', 'enable', 'ai', 'developer', 'researcher', 'datum', 'scientist', 'student', 'prototype', 'finetune', 'inference', 'large', 'model', 'desktop']",1,"Topic 1: nvidia, dgx, station"
"NVIDIA App Update Adds Project G-Assist, DLSS Super Resolution …",https://www.nvidia.com/en-us/geforce/news/nvidia-app-update-g-assist-new-dlss-override-and-more/,"2 days ago · In a new NVIDIA app update that’s available now, we’ve expanded the functionality of our DLSS overrides, enabling you to fine tune image quality or boost performance for DLSS Super Resolution.","NVIDIA App Update Adds Project G-Assist, DLSS Super Resolution … 2 days ago · In a new NVIDIA app update that’s available now, we’ve expanded the functionality of our DLSS overrides, enabling you to fine tune image quality or boost performance for DLSS Super Resolution.",nvidia app update add project gassist dlss super resolution day ago new nvidia app update s available ve expand functionality dlss override enable fine tune image quality boost performance dlss super resolution,"['nvidia', 'app', 'update', 'add', 'project', 'gassist', 'dlss', 'super', 'resolution', 'day', 'ago', 'new', 'nvidia', 'app', 'update', 's', 'available', 've', 'expand', 'functionality', 'dlss', 'override', 'enable', 'fine', 'tune', 'image', 'quality', 'boost', 'performance', 'dlss', 'super', 'resolution']",3,"Topic 3: dlss, nvidia, app"
NVIDIA Blackwell GeForce RTX 50 Series Opens New ... - NVIDIA …,https://nvidianews.nvidia.com/news/nvidia-blackwell-geforce-rtx-50-series-opens-new-world-of-ai-computer-graphics,"Jan 6, 2025 · NVIDIA today unveiled the most advanced consumer GPUs for gamers, creators and developers — the GeForce RTX™ 50 Series Desktop and Laptop GPUs.","NVIDIA Blackwell GeForce RTX 50 Series Opens New ... - NVIDIA … Jan 6, 2025 · NVIDIA today unveiled the most advanced consumer GPUs for gamers, creators and developers — the GeForce RTX™ 50 Series Desktop and Laptop GPUs.",nvidia blackwell geforce rtx series open new nvidia jan nvidia today unveil advanced consumer gpu gamer creator developer geforce rtx series desktop laptop gpu,"['nvidia', 'blackwell', 'geforce', 'rtx', 'series', 'open', 'new', 'nvidia', 'jan', 'nvidia', 'today', 'unveil', 'advanced', 'consumer', 'gpu', 'gamer', 'creator', 'developer', 'geforce', 'rtx', 'series', 'desktop', 'laptop', 'gpu']",0,"Topic 0: nvidia, rtx, gpu"
NVIDIA Delivers Quantum Leap in Performance ... - NVIDIA …,https://nvidianews.nvidia.com/news/nvidia-delivers-quantum-leap-in-performance-introduces-new-era-of-neural-rendering-with-geforce-rtx-40-series,"Sep 20, 2022 · NVIDIA today unveiled the GeForce RTX ® 40 Series of GPUs, designed to deliver revolutionary performance for gamers and creators, led by its new flagship, the RTX 4090 GPU, with up to 4x the performance of its predecessor.","NVIDIA Delivers Quantum Leap in Performance ... - NVIDIA … Sep 20, 2022 · NVIDIA today unveiled the GeForce RTX ® 40 Series of GPUs, designed to deliver revolutionary performance for gamers and creators, led by its new flagship, the RTX 4090 GPU, with up to 4x the performance of its predecessor.",nvidia deliver quantum leap performance nvidia sep nvidia today unveil geforce rtx series gpu design deliver revolutionary performance gamer creator lead new flagship rtx gpu x performance predecessor,"['nvidia', 'deliver', 'quantum', 'leap', 'performance', 'nvidia', 'sep', 'nvidia', 'today', 'unveil', 'geforce', 'rtx', 'series', 'gpu', 'design', 'deliver', 'revolutionary', 'performance', 'gamer', 'creator', 'lead', 'new', 'flagship', 'rtx', 'gpu', 'x', 'performance', 'predecessor']",4,"Topic 4: nvidia, geforce, driver"
Download The Official NVIDIA Drivers | NVIDIA,https://www.nvidia.com/en-us/drivers/,Download the latest official NVIDIA drivers to enhance your PC gaming experience and run apps faster.,Download The Official NVIDIA Drivers | NVIDIA Download the latest official NVIDIA drivers to enhance your PC gaming experience and run apps faster.,download official nvidia driver nvidia download late official nvidia driver enhance pc gaming experience run app fast,"['download', 'official', 'nvidia', 'driver', 'nvidia', 'download', 'late', 'official', 'nvidia', 'driver', 'enhance', 'pc', 'gaming', 'experience', 'run', 'app', 'fast']",4,"Topic 4: nvidia, geforce, driver"
Official GeForce Drivers | NVIDIA,https://www.nvidia.com/en-us/geforce/drivers/,"Nov 12, 2019 · Whether you are playing the hottest new games or working with the latest creative applications, NVIDIA drivers are custom tailored to provide the best possible experience.","Official GeForce Drivers | NVIDIA Nov 12, 2019 · Whether you are playing the hottest new games or working with the latest creative applications, NVIDIA drivers are custom tailored to provide the best possible experience.",official geforce driver nvidia nov play hot new game work late creative application nvidia driver custom tailor provide good possible experience,"['official', 'geforce', 'driver', 'nvidia', 'nov', 'play', 'hot', 'new', 'game', 'work', 'late', 'creative', 'application', 'nvidia', 'driver', 'custom', 'tailor', 'provide', 'good', 'possible', 'experience']",4,"Topic 4: nvidia, geforce, driver"
World Leader in Artificial Intelligence Computing | NVIDIA,https://www.nvidia.com/en-us/,"NVIDIA GeForce RTX™ powers the world’s fastest GPUs and the ultimate platform for gamers and creators. Enjoy beautiful ray tracing, AI-powered DLSS, and much more in games and …","World Leader in Artificial Intelligence Computing | NVIDIA NVIDIA GeForce RTX™ powers the world’s fastest GPUs and the ultimate platform for gamers and creators. Enjoy beautiful ray tracing, AI-powered DLSS, and much more in games and …",world leader artificial intelligence computing nvidia nvidia geforce rtx power world fast gpu ultimate platform gamer creator enjoy beautiful ray tracing aipowere dlss game,"['world', 'leader', 'artificial', 'intelligence', 'computing', 'nvidia', 'nvidia', 'geforce', 'rtx', 'power', 'world', 'fast', 'gpu', 'ultimate', 'platform', 'gamer', 'creator', 'enjoy', 'beautiful', 'ray', 'tracing', 'aipowere', 'dlss', 'game']",1,"Topic 1: nvidia, dgx, station"
Download NVIDIA App for Gamers and Creators | NVIDIA,https://www.nvidia.com/en-us/software/nvidia-app/,The NVIDIA App is the essential companion for PC gamers and creators. Keep your PC up to date with the latest NVIDIA drivers and technology. Optimize games and applications with a …,Download NVIDIA App for Gamers and Creators | NVIDIA The NVIDIA App is the essential companion for PC gamers and creators. Keep your PC up to date with the latest NVIDIA drivers and technology. Optimize games and applications with a …,download nvidia app gamer creator nvidia nvidia app essential companion pc gamer creator pc date late nvidia driver technology optimize game application,"['download', 'nvidia', 'app', 'gamer', 'creator', 'nvidia', 'nvidia', 'app', 'essential', 'companion', 'pc', 'gamer', 'creator', 'pc', 'date', 'late', 'nvidia', 'driver', 'technology', 'optimize', 'game', 'application']",4,"Topic 4: nvidia, geforce, driver"
Nvidia - Wikipedia,https://en.wikipedia.org/wiki/Nvidia,"Nvidia Corporation[a] (/ ɛnˈvɪdiə / en-VID-ee-ə) is an American multinational corporation and technology company headquartered in Santa Clara, California, and incorporated in Delaware. [5]","Nvidia - Wikipedia Nvidia Corporation[a] (/ ɛnˈvɪdiə / en-VID-ee-ə) is an American multinational corporation and technology company headquartered in Santa Clara, California, and incorporated in Delaware. [5]",nvidia wikipedia nvidia corporationa nvdi envidee american multinational corporation technology company headquarter santa clara california incorporate delaware,"['nvidia', 'wikipedia', 'nvidia', 'corporationa', 'nvdi', 'envidee', 'american', 'multinational', 'corporation', 'technology', 'company', 'headquarter', 'santa', 'clara', 'california', 'incorporate', 'delaware']",4,"Topic 4: nvidia, geforce, driver"
"NVIDIA GeForce Graphics Cards, Gaming Laptops, Desktop and …",https://marketplace.nvidia.com/en-ca/consumer/graphics-cards/,"Show NVIDIA GeForce graphics cards, gaming laptops, desktop and monitor from the official NVIDIA GeForce store - Canada. Know more about GeForce RTX 40 series GPUs.","NVIDIA GeForce Graphics Cards, Gaming Laptops, Desktop and … Show NVIDIA GeForce graphics cards, gaming laptops, desktop and monitor from the official NVIDIA GeForce store - Canada. Know more about GeForce RTX 40 series GPUs.",nvidia geforce graphic card game laptop desktop nvidia geforce graphic card game laptop desktop monitor official nvidia geforce store canada know geforce rtx series gpus,"['nvidia', 'geforce', 'graphic', 'card', 'game', 'laptop', 'desktop', 'nvidia', 'geforce', 'graphic', 'card', 'game', 'laptop', 'desktop', 'monitor', 'official', 'nvidia', 'geforce', 'store', 'canada', 'know', 'geforce', 'rtx', 'series', 'gpus']",4,"Topic 4: nvidia, geforce, driver"
NVIDIA Announces DGX Spark and DGX Station Personal AI …,https://nvidianews.nvidia.com/news/nvidia-announces-dgx-spark-and-dgx-station-personal-ai-computers,"Mar 18, 2025 · DGX Spark — formerly Project DIGITS — and DGX Station™, a new high-performance NVIDIA Grace Blackwell desktop supercomputer powered by the NVIDIA …","NVIDIA Announces DGX Spark and DGX Station Personal AI … Mar 18, 2025 · DGX Spark — formerly Project DIGITS — and DGX Station™, a new high-performance NVIDIA Grace Blackwell desktop supercomputer powered by the NVIDIA …",nvidia announce dgx spark dgx station personal ai mar dgx spark project digit dgx station new highperformance nvidia grace blackwell desktop supercomputer power nvidia,"['nvidia', 'announce', 'dgx', 'spark', 'dgx', 'station', 'personal', 'ai', 'mar', 'dgx', 'spark', 'project', 'digit', 'dgx', 'station', 'new', 'highperformance', 'nvidia', 'grace', 'blackwell', 'desktop', 'supercomputer', 'power', 'nvidia']",1,"Topic 1: nvidia, dgx, station"
"NVIDIA App Update Adds Project G-Assist, DLSS Super Resolution …",https://www.nvidia.com/en-us/geforce/news/nvidia-app-update-g-assist-new-dlss-override-and-more/,"2 days ago · In a new NVIDIA app update that’s available now, we’ve expanded the functionality of our DLSS overrides, enabling you to fine tune image quality or boost performance for DLSS …","NVIDIA App Update Adds Project G-Assist, DLSS Super Resolution … 2 days ago · In a new NVIDIA app update that’s available now, we’ve expanded the functionality of our DLSS overrides, enabling you to fine tune image quality or boost performance for DLSS …",nvidia app update add project gassist dlss super resolution day ago new nvidia app update s available ve expand functionality dlss override enable fine tune image quality boost performance dlss,"['nvidia', 'app', 'update', 'add', 'project', 'gassist', 'dlss', 'super', 'resolution', 'day', 'ago', 'new', 'nvidia', 'app', 'update', 's', 'available', 've', 'expand', 'functionality', 'dlss', 'override', 'enable', 'fine', 'tune', 'image', 'quality', 'boost', 'performance', 'dlss']",3,"Topic 3: dlss, nvidia, app"
NVIDIA Blackwell GeForce RTX 50 Series Opens New ... - NVIDIA …,https://nvidianews.nvidia.com/news/nvidia-blackwell-geforce-rtx-50-series-opens-new-world-of-ai-computer-graphics,"Jan 6, 2025 · NVIDIA today unveiled the most advanced consumer GPUs for gamers, creators and developers — the GeForce RTX™ 50 Series Desktop and Laptop GPUs.","NVIDIA Blackwell GeForce RTX 50 Series Opens New ... - NVIDIA … Jan 6, 2025 · NVIDIA today unveiled the most advanced consumer GPUs for gamers, creators and developers — the GeForce RTX™ 50 Series Desktop and Laptop GPUs.",nvidia blackwell geforce rtx series open new nvidia jan nvidia today unveil advanced consumer gpu gamer creator developer geforce rtx series desktop laptop gpu,"['nvidia', 'blackwell', 'geforce', 'rtx', 'series', 'open', 'new', 'nvidia', 'jan', 'nvidia', 'today', 'unveil', 'advanced', 'consumer', 'gpu', 'gamer', 'creator', 'developer', 'geforce', 'rtx', 'series', 'desktop', 'laptop', 'gpu']",0,"Topic 0: nvidia, rtx, gpu"
NVIDIA Delivers Quantum Leap in Performance ... - NVIDIA …,https://nvidianews.nvidia.com/news/nvidia-delivers-quantum-leap-in-performance-introduces-new-era-of-neural-rendering-with-geforce-rtx-40-series,"Sep 20, 2022 · NVIDIA today unveiled the GeForce RTX ® 40 Series of GPUs, designed to deliver revolutionary performance for gamers and creators, led by its new flagship, the RTX …","NVIDIA Delivers Quantum Leap in Performance ... - NVIDIA … Sep 20, 2022 · NVIDIA today unveiled the GeForce RTX ® 40 Series of GPUs, designed to deliver revolutionary performance for gamers and creators, led by its new flagship, the RTX …",nvidia deliver quantum leap performance nvidia sep nvidia today unveil geforce rtx series gpu design deliver revolutionary performance gamer creator lead new flagship rtx,"['nvidia', 'deliver', 'quantum', 'leap', 'performance', 'nvidia', 'sep', 'nvidia', 'today', 'unveil', 'geforce', 'rtx', 'series', 'gpu', 'design', 'deliver', 'revolutionary', 'performance', 'gamer', 'creator', 'lead', 'new', 'flagship', 'rtx']",4,"Topic 4: nvidia, geforce, driver"
Download The Official NVIDIA Drivers | NVIDIA,https://www.nvidia.com/en-us/drivers/,Download the latest official NVIDIA drivers to enhance your PC gaming experience and run apps faster.,Download The Official NVIDIA Drivers | NVIDIA Download the latest official NVIDIA drivers to enhance your PC gaming experience and run apps faster.,download official nvidia driver nvidia download late official nvidia driver enhance pc gaming experience run app fast,"['download', 'official', 'nvidia', 'driver', 'nvidia', 'download', 'late', 'official', 'nvidia', 'driver', 'enhance', 'pc', 'gaming', 'experience', 'run', 'app', 'fast']",4,"Topic 4: nvidia, geforce, driver"
Official GeForce Drivers | NVIDIA,https://www.nvidia.com/en-us/geforce/drivers/,"Nov 12, 2019 · Whether you are playing the hottest new games or working with the latest creative applications, NVIDIA drivers are custom tailored to provide the best possible experience.","Official GeForce Drivers | NVIDIA Nov 12, 2019 · Whether you are playing the hottest new games or working with the latest creative applications, NVIDIA drivers are custom tailored to provide the best possible experience.",official geforce driver nvidia nov play hot new game work late creative application nvidia driver custom tailor provide good possible experience,"['official', 'geforce', 'driver', 'nvidia', 'nov', 'play', 'hot', 'new', 'game', 'work', 'late', 'creative', 'application', 'nvidia', 'driver', 'custom', 'tailor', 'provide', 'good', 'possible', 'experience']",4,"Topic 4: nvidia, geforce, driver"
World Leader in Artificial Intelligence Computing | NVIDIA,https://www.nvidia.com/en-us/,"NVIDIA GeForce RTX™ powers the world’s fastest GPUs and the ultimate platform for gamers and creators. Enjoy beautiful ray tracing, AI-powered DLSS, and much more in games and …","World Leader in Artificial Intelligence Computing | NVIDIA NVIDIA GeForce RTX™ powers the world’s fastest GPUs and the ultimate platform for gamers and creators. Enjoy beautiful ray tracing, AI-powered DLSS, and much more in games and …",world leader artificial intelligence computing nvidia nvidia geforce rtx power world fast gpu ultimate platform gamer creator enjoy beautiful ray tracing aipowere dlss game,"['world', 'leader', 'artificial', 'intelligence', 'computing', 'nvidia', 'nvidia', 'geforce', 'rtx', 'power', 'world', 'fast', 'gpu', 'ultimate', 'platform', 'gamer', 'creator', 'enjoy', 'beautiful', 'ray', 'tracing', 'aipowere', 'dlss', 'game']",1,"Topic 1: nvidia, dgx, station"
Download NVIDIA App for Gamers and Creators | NVIDIA,https://www.nvidia.com/en-us/software/nvidia-app/,The NVIDIA App is the essential companion for PC gamers and creators. Keep your PC up to date with the latest NVIDIA drivers and technology. Optimize games and applications with a …,Download NVIDIA App for Gamers and Creators | NVIDIA The NVIDIA App is the essential companion for PC gamers and creators. Keep your PC up to date with the latest NVIDIA drivers and technology. Optimize games and applications with a …,download nvidia app gamer creator nvidia nvidia app essential companion pc gamer creator pc date late nvidia driver technology optimize game application,"['download', 'nvidia', 'app', 'gamer', 'creator', 'nvidia', 'nvidia', 'app', 'essential', 'companion', 'pc', 'gamer', 'creator', 'pc', 'date', 'late', 'nvidia', 'driver', 'technology', 'optimize', 'game', 'application']",4,"Topic 4: nvidia, geforce, driver"
Nvidia - Wikipedia,https://en.wikipedia.org/wiki/Nvidia,"Nvidia Corporation[a] (/ ɛnˈvɪdiə / en-VID-ee-ə) is an American multinational corporation and technology company headquartered in Santa Clara, California, and incorporated in Delaware. [5]","Nvidia - Wikipedia Nvidia Corporation[a] (/ ɛnˈvɪdiə / en-VID-ee-ə) is an American multinational corporation and technology company headquartered in Santa Clara, California, and incorporated in Delaware. [5]",nvidia wikipedia nvidia corporationa nvdi envidee american multinational corporation technology company headquarter santa clara california incorporate delaware,"['nvidia', 'wikipedia', 'nvidia', 'corporationa', 'nvdi', 'envidee', 'american', 'multinational', 'corporation', 'technology', 'company', 'headquarter', 'santa', 'clara', 'california', 'incorporate', 'delaware']",4,"Topic 4: nvidia, geforce, driver"
"NVIDIA GeForce Graphics Cards, Gaming Laptops, Desktop and …",https://marketplace.nvidia.com/en-ca/consumer/graphics-cards/,"Show NVIDIA GeForce graphics cards, gaming laptops, desktop and monitor from the official NVIDIA GeForce store - Canada. Know more about GeForce RTX 40 series GPUs.","NVIDIA GeForce Graphics Cards, Gaming Laptops, Desktop and … Show NVIDIA GeForce graphics cards, gaming laptops, desktop and monitor from the official NVIDIA GeForce store - Canada. Know more about GeForce RTX 40 series GPUs.",nvidia geforce graphic card game laptop desktop nvidia geforce graphic card game laptop desktop monitor official nvidia geforce store canada know geforce rtx series gpus,"['nvidia', 'geforce', 'graphic', 'card', 'game', 'laptop', 'desktop', 'nvidia', 'geforce', 'graphic', 'card', 'game', 'laptop', 'desktop', 'monitor', 'official', 'nvidia', 'geforce', 'store', 'canada', 'know', 'geforce', 'rtx', 'series', 'gpus']",4,"Topic 4: nvidia, geforce, driver"
NVIDIA Announces DGX Spark and DGX Station Personal AI …,https://nvidianews.nvidia.com/news/nvidia-announces-dgx-spark-and-dgx-station-personal-ai-computers,"Mar 18, 2025 · DGX Spark — formerly Project DIGITS — and DGX Station™, a new high-performance NVIDIA Grace Blackwell desktop supercomputer powered by the NVIDIA …","NVIDIA Announces DGX Spark and DGX Station Personal AI … Mar 18, 2025 · DGX Spark — formerly Project DIGITS — and DGX Station™, a new high-performance NVIDIA Grace Blackwell desktop supercomputer powered by the NVIDIA …",nvidia announce dgx spark dgx station personal ai mar dgx spark project digit dgx station new highperformance nvidia grace blackwell desktop supercomputer power nvidia,"['nvidia', 'announce', 'dgx', 'spark', 'dgx', 'station', 'personal', 'ai', 'mar', 'dgx', 'spark', 'project', 'digit', 'dgx', 'station', 'new', 'highperformance', 'nvidia', 'grace', 'blackwell', 'desktop', 'supercomputer', 'power', 'nvidia']",1,"Topic 1: nvidia, dgx, station"
"NVIDIA App Update Adds Project G-Assist, DLSS Super Resolution …",https://www.nvidia.com/en-us/geforce/news/nvidia-app-update-g-assist-new-dlss-override-and-more/,"2 days ago · In a new NVIDIA app update that’s available now, we’ve expanded the functionality of our DLSS overrides, enabling you to fine tune image quality or boost performance for DLSS …","NVIDIA App Update Adds Project G-Assist, DLSS Super Resolution … 2 days ago · In a new NVIDIA app update that’s available now, we’ve expanded the functionality of our DLSS overrides, enabling you to fine tune image quality or boost performance for DLSS …",nvidia app update add project gassist dlss super resolution day ago new nvidia app update s available ve expand functionality dlss override enable fine tune image quality boost performance dlss,"['nvidia', 'app', 'update', 'add', 'project', 'gassist', 'dlss', 'super', 'resolution', 'day', 'ago', 'new', 'nvidia', 'app', 'update', 's', 'available', 've', 'expand', 'functionality', 'dlss', 'override', 'enable', 'fine', 'tune', 'image', 'quality', 'boost', 'performance', 'dlss']",3,"Topic 3: dlss, nvidia, app"
NVIDIA Blackwell GeForce RTX 50 Series Opens New ... - NVIDIA …,https://nvidianews.nvidia.com/news/nvidia-blackwell-geforce-rtx-50-series-opens-new-world-of-ai-computer-graphics,"Jan 6, 2025 · NVIDIA today unveiled the most advanced consumer GPUs for gamers, creators and developers — the GeForce RTX™ 50 Series Desktop and Laptop GPUs.","NVIDIA Blackwell GeForce RTX 50 Series Opens New ... - NVIDIA … Jan 6, 2025 · NVIDIA today unveiled the most advanced consumer GPUs for gamers, creators and developers — the GeForce RTX™ 50 Series Desktop and Laptop GPUs.",nvidia blackwell geforce rtx series open new nvidia jan nvidia today unveil advanced consumer gpu gamer creator developer geforce rtx series desktop laptop gpu,"['nvidia', 'blackwell', 'geforce', 'rtx', 'series', 'open', 'new', 'nvidia', 'jan', 'nvidia', 'today', 'unveil', 'advanced', 'consumer', 'gpu', 'gamer', 'creator', 'developer', 'geforce', 'rtx', 'series', 'desktop', 'laptop', 'gpu']",0,"Topic 0: nvidia, rtx, gpu"
NVIDIA Delivers Quantum Leap in Performance ... - NVIDIA …,https://nvidianews.nvidia.com/news/nvidia-delivers-quantum-leap-in-performance-introduces-new-era-of-neural-rendering-with-geforce-rtx-40-series,"Sep 20, 2022 · NVIDIA today unveiled the GeForce RTX ® 40 Series of GPUs, designed to deliver revolutionary performance for gamers and creators, led by its new flagship, the RTX …","NVIDIA Delivers Quantum Leap in Performance ... - NVIDIA … Sep 20, 2022 · NVIDIA today unveiled the GeForce RTX ® 40 Series of GPUs, designed to deliver revolutionary performance for gamers and creators, led by its new flagship, the RTX …",nvidia deliver quantum leap performance nvidia sep nvidia today unveil geforce rtx series gpu design deliver revolutionary performance gamer creator lead new flagship rtx,"['nvidia', 'deliver', 'quantum', 'leap', 'performance', 'nvidia', 'sep', 'nvidia', 'today', 'unveil', 'geforce', 'rtx', 'series', 'gpu', 'design', 'deliver', 'revolutionary', 'performance', 'gamer', 'creator', 'lead', 'new', 'flagship', 'rtx']",4,"Topic 4: nvidia, geforce, driver"
Download The Official NVIDIA Drivers | NVIDIA,https://www.nvidia.com/en-us/drivers/,Download the latest official NVIDIA drivers to enhance your PC gaming experience and run apps faster.,Download The Official NVIDIA Drivers | NVIDIA Download the latest official NVIDIA drivers to enhance your PC gaming experience and run apps faster.,download official nvidia driver nvidia download late official nvidia driver enhance pc gaming experience run app fast,"['download', 'official', 'nvidia', 'driver', 'nvidia', 'download', 'late', 'official', 'nvidia', 'driver', 'enhance', 'pc', 'gaming', 'experience', 'run', 'app', 'fast']",4,"Topic 4: nvidia, geforce, driver"
Official GeForce Drivers | NVIDIA,https://www.nvidia.com/en-us/geforce/drivers/,"Nov 12, 2019 · Whether you are playing the hottest new games or working with the latest creative applications, NVIDIA drivers are custom tailored to provide the best possible experience.","Official GeForce Drivers | NVIDIA Nov 12, 2019 · Whether you are playing the hottest new games or working with the latest creative applications, NVIDIA drivers are custom tailored to provide the best possible experience.",official geforce driver nvidia nov play hot new game work late creative application nvidia driver custom tailor provide good possible experience,"['official', 'geforce', 'driver', 'nvidia', 'nov', 'play', 'hot', 'new', 'game', 'work', 'late', 'creative', 'application', 'nvidia', 'driver', 'custom', 'tailor', 'provide', 'good', 'possible', 'experience']",4,"Topic 4: nvidia, geforce, driver"
World Leader in Artificial Intelligence Computing | NVIDIA,https://www.nvidia.com/en-us/,"NVIDIA GeForce RTX™ powers the world’s fastest GPUs and the ultimate platform for gamers and creators. Enjoy beautiful ray tracing, AI-powered DLSS, and much more in games and …","World Leader in Artificial Intelligence Computing | NVIDIA NVIDIA GeForce RTX™ powers the world’s fastest GPUs and the ultimate platform for gamers and creators. Enjoy beautiful ray tracing, AI-powered DLSS, and much more in games and …",world leader artificial intelligence computing nvidia nvidia geforce rtx power world fast gpu ultimate platform gamer creator enjoy beautiful ray tracing aipowere dlss game,"['world', 'leader', 'artificial', 'intelligence', 'computing', 'nvidia', 'nvidia', 'geforce', 'rtx', 'power', 'world', 'fast', 'gpu', 'ultimate', 'platform', 'gamer', 'creator', 'enjoy', 'beautiful', 'ray', 'tracing', 'aipowere', 'dlss', 'game']",1,"Topic 1: nvidia, dgx, station"
Download NVIDIA App for Gamers and Creators | NVIDIA,https://www.nvidia.com/en-us/software/nvidia-app/,"The NVIDIA App is the essential companion for PC gamers and creators. Keep your PC up to date with the latest NVIDIA drivers and technology. Optimize games and applications with a new unified GPU control center, capture your favorite moments with powerful recording tools through the in-game overlay, and discover the latest NVIDIA tools and ...","Download NVIDIA App for Gamers and Creators | NVIDIA The NVIDIA App is the essential companion for PC gamers and creators. Keep your PC up to date with the latest NVIDIA drivers and technology. Optimize games and applications with a new unified GPU control center, capture your favorite moments with powerful recording tools through the in-game overlay, and discover the latest NVIDIA tools and ...",download nvidia app gamer creator nvidia nvidia app essential companion pc gamer creator pc date late nvidia driver technology optimize game application new unified gpu control center capture favorite moment powerful recording tool ingame overlay discover late nvidia tool,"['download', 'nvidia', 'app', 'gamer', 'creator', 'nvidia', 'nvidia', 'app', 'essential', 'companion', 'pc', 'gamer', 'creator', 'pc', 'date', 'late', 'nvidia', 'driver', 'technology', 'optimize', 'game', 'application', 'new', 'unified', 'gpu', 'control', 'center', 'capture', 'favorite', 'moment', 'powerful', 'recording', 'tool', 'ingame', 'overlay', 'discover', 'late', 'nvidia', 'tool']",4,"Topic 4: nvidia, geforce, driver"
Nvidia - Wikipedia,https://en.wikipedia.org/wiki/Nvidia,"Nvidia Corporation[a] (/ ɛnˈvɪdiə / en-VID-ee-ə) is an American multinational corporation and technology company headquartered in Santa Clara, California, and incorporated in Delaware. [5]","Nvidia - Wikipedia Nvidia Corporation[a] (/ ɛnˈvɪdiə / en-VID-ee-ə) is an American multinational corporation and technology company headquartered in Santa Clara, California, and incorporated in Delaware. [5]",nvidia wikipedia nvidia corporationa nvdi envidee american multinational corporation technology company headquarter santa clara california incorporate delaware,"['nvidia', 'wikipedia', 'nvidia', 'corporationa', 'nvdi', 'envidee', 'american', 'multinational', 'corporation', 'technology', 'company', 'headquarter', 'santa', 'clara', 'california', 'incorporate', 'delaware']",4,"Topic 4: nvidia, geforce, driver"
"NVIDIA GeForce Graphics Cards, Gaming Laptops, Desktop and …",https://marketplace.nvidia.com/en-ca/consumer/graphics-cards/,"Show NVIDIA GeForce graphics cards, gaming laptops, desktop and monitor from the official NVIDIA GeForce store - Canada. Know more about GeForce RTX 40 series GPUs.","NVIDIA GeForce Graphics Cards, Gaming Laptops, Desktop and … Show NVIDIA GeForce graphics cards, gaming laptops, desktop and monitor from the official NVIDIA GeForce store - Canada. Know more about GeForce RTX 40 series GPUs.",nvidia geforce graphic card game laptop desktop nvidia geforce graphic card game laptop desktop monitor official nvidia geforce store canada know geforce rtx series gpus,"['nvidia', 'geforce', 'graphic', 'card', 'game', 'laptop', 'desktop', 'nvidia', 'geforce', 'graphic', 'card', 'game', 'laptop', 'desktop', 'monitor', 'official', 'nvidia', 'geforce', 'store', 'canada', 'know', 'geforce', 'rtx', 'series', 'gpus']",4,"Topic 4: nvidia, geforce, driver"
NVIDIA Announces DGX Spark and DGX Station Personal AI …,https://nvidianews.nvidia.com/news/nvidia-announces-dgx-spark-and-dgx-station-personal-ai-computers,"Mar 18, 2025 · DGX Spark — formerly Project DIGITS — and DGX Station™, a new high-performance NVIDIA Grace Blackwell desktop supercomputer powered by the NVIDIA Blackwell Ultra platform, enable AI developers, researchers, data scientists and students to prototype, fine-tune and inference large models on desktops.","NVIDIA Announces DGX Spark and DGX Station Personal AI … Mar 18, 2025 · DGX Spark — formerly Project DIGITS — and DGX Station™, a new high-performance NVIDIA Grace Blackwell desktop supercomputer powered by the NVIDIA Blackwell Ultra platform, enable AI developers, researchers, data scientists and students to prototype, fine-tune and inference large models on desktops.",nvidia announce dgx spark dgx station personal ai mar dgx spark project digit dgx station new highperformance nvidia grace blackwell desktop supercomputer power nvidia blackwell ultra platform enable ai developer researcher datum scientist student prototype finetune inference large model desktop,"['nvidia', 'announce', 'dgx', 'spark', 'dgx', 'station', 'personal', 'ai', 'mar', 'dgx', 'spark', 'project', 'digit', 'dgx', 'station', 'new', 'highperformance', 'nvidia', 'grace', 'blackwell', 'desktop', 'supercomputer', 'power', 'nvidia', 'blackwell', 'ultra', 'platform', 'enable', 'ai', 'developer', 'researcher', 'datum', 'scientist', 'student', 'prototype', 'finetune', 'inference', 'large', 'model', 'desktop']",1,"Topic 1: nvidia, dgx, station"
"NVIDIA App Update Adds Project G-Assist, DLSS Super Resolution …",https://www.nvidia.com/en-us/geforce/news/nvidia-app-update-g-assist-new-dlss-override-and-more/,"2 days ago · In a new NVIDIA app update that’s available now, we’ve expanded the functionality of our DLSS overrides, enabling you to fine tune image quality or boost performance for DLSS Super Resolution.","NVIDIA App Update Adds Project G-Assist, DLSS Super Resolution … 2 days ago · In a new NVIDIA app update that’s available now, we’ve expanded the functionality of our DLSS overrides, enabling you to fine tune image quality or boost performance for DLSS Super Resolution.",nvidia app update add project gassist dlss super resolution day ago new nvidia app update s available ve expand functionality dlss override enable fine tune image quality boost performance dlss super resolution,"['nvidia', 'app', 'update', 'add', 'project', 'gassist', 'dlss', 'super', 'resolution', 'day', 'ago', 'new', 'nvidia', 'app', 'update', 's', 'available', 've', 'expand', 'functionality', 'dlss', 'override', 'enable', 'fine', 'tune', 'image', 'quality', 'boost', 'performance', 'dlss', 'super', 'resolution']",3,"Topic 3: dlss, nvidia, app"
NVIDIA Blackwell GeForce RTX 50 Series Opens New ... - NVIDIA …,https://nvidianews.nvidia.com/news/nvidia-blackwell-geforce-rtx-50-series-opens-new-world-of-ai-computer-graphics,"Jan 6, 2025 · NVIDIA today unveiled the most advanced consumer GPUs for gamers, creators and developers — the GeForce RTX™ 50 Series Desktop and Laptop GPUs.","NVIDIA Blackwell GeForce RTX 50 Series Opens New ... - NVIDIA … Jan 6, 2025 · NVIDIA today unveiled the most advanced consumer GPUs for gamers, creators and developers — the GeForce RTX™ 50 Series Desktop and Laptop GPUs.",nvidia blackwell geforce rtx series open new nvidia jan nvidia today unveil advanced consumer gpu gamer creator developer geforce rtx series desktop laptop gpu,"['nvidia', 'blackwell', 'geforce', 'rtx', 'series', 'open', 'new', 'nvidia', 'jan', 'nvidia', 'today', 'unveil', 'advanced', 'consumer', 'gpu', 'gamer', 'creator', 'developer', 'geforce', 'rtx', 'series', 'desktop', 'laptop', 'gpu']",0,"Topic 0: nvidia, rtx, gpu"
NVIDIA Delivers Quantum Leap in Performance ... - NVIDIA …,https://nvidianews.nvidia.com/news/nvidia-delivers-quantum-leap-in-performance-introduces-new-era-of-neural-rendering-with-geforce-rtx-40-series,"Sep 20, 2022 · NVIDIA today unveiled the GeForce RTX ® 40 Series of GPUs, designed to deliver revolutionary performance for gamers and creators, led by its new flagship, the RTX 4090 GPU, with up to 4x the performance of its predecessor.","NVIDIA Delivers Quantum Leap in Performance ... - NVIDIA … Sep 20, 2022 · NVIDIA today unveiled the GeForce RTX ® 40 Series of GPUs, designed to deliver revolutionary performance for gamers and creators, led by its new flagship, the RTX 4090 GPU, with up to 4x the performance of its predecessor.",nvidia deliver quantum leap performance nvidia sep nvidia today unveil geforce rtx series gpu design deliver revolutionary performance gamer creator lead new flagship rtx gpu x performance predecessor,"['nvidia', 'deliver', 'quantum', 'leap', 'performance', 'nvidia', 'sep', 'nvidia', 'today', 'unveil', 'geforce', 'rtx', 'series', 'gpu', 'design', 'deliver', 'revolutionary', 'performance', 'gamer', 'creator', 'lead', 'new', 'flagship', 'rtx', 'gpu', 'x', 'performance', 'predecessor']",4,"Topic 4: nvidia, geforce, driver"
Download The Official NVIDIA Drivers | NVIDIA,https://www.nvidia.com/en-us/drivers/,Download the latest official NVIDIA drivers to enhance your PC gaming experience and run apps faster.,Download The Official NVIDIA Drivers | NVIDIA Download the latest official NVIDIA drivers to enhance your PC gaming experience and run apps faster.,download official nvidia driver nvidia download late official nvidia driver enhance pc gaming experience run app fast,"['download', 'official', 'nvidia', 'driver', 'nvidia', 'download', 'late', 'official', 'nvidia', 'driver', 'enhance', 'pc', 'gaming', 'experience', 'run', 'app', 'fast']",4,"Topic 4: nvidia, geforce, driver"
Official GeForce Drivers | NVIDIA,https://www.nvidia.com/en-us/geforce/drivers/,"Nov 12, 2019 · Whether you are playing the hottest new games or working with the latest creative applications, NVIDIA drivers are custom tailored to provide the best possible experience.","Official GeForce Drivers | NVIDIA Nov 12, 2019 · Whether you are playing the hottest new games or working with the latest creative applications, NVIDIA drivers are custom tailored to provide the best possible experience.",official geforce driver nvidia nov play hot new game work late creative application nvidia driver custom tailor provide good possible experience,"['official', 'geforce', 'driver', 'nvidia', 'nov', 'play', 'hot', 'new', 'game', 'work', 'late', 'creative', 'application', 'nvidia', 'driver', 'custom', 'tailor', 'provide', 'good', 'possible', 'experience']",4,"Topic 4: nvidia, geforce, driver"
World Leader in Artificial Intelligence Computing | NVIDIA,https://www.nvidia.com/en-us/,"NVIDIA GeForce RTX™ powers the world’s fastest GPUs and the ultimate platform for gamers and creators. Enjoy beautiful ray tracing, AI-powered DLSS, and much more in games and …","World Leader in Artificial Intelligence Computing | NVIDIA NVIDIA GeForce RTX™ powers the world’s fastest GPUs and the ultimate platform for gamers and creators. Enjoy beautiful ray tracing, AI-powered DLSS, and much more in games and …",world leader artificial intelligence computing nvidia nvidia geforce rtx power world fast gpu ultimate platform gamer creator enjoy beautiful ray tracing aipowere dlss game,"['world', 'leader', 'artificial', 'intelligence', 'computing', 'nvidia', 'nvidia', 'geforce', 'rtx', 'power', 'world', 'fast', 'gpu', 'ultimate', 'platform', 'gamer', 'creator', 'enjoy', 'beautiful', 'ray', 'tracing', 'aipowere', 'dlss', 'game']",1,"Topic 1: nvidia, dgx, station"
Download NVIDIA App for Gamers and Creators | NVIDIA,https://www.nvidia.com/en-us/software/nvidia-app/,The NVIDIA App is the essential companion for PC gamers and creators. Keep your PC up to date with the latest NVIDIA drivers and technology. Optimize games and applications with a …,Download NVIDIA App for Gamers and Creators | NVIDIA The NVIDIA App is the essential companion for PC gamers and creators. Keep your PC up to date with the latest NVIDIA drivers and technology. Optimize games and applications with a …,download nvidia app gamer creator nvidia nvidia app essential companion pc gamer creator pc date late nvidia driver technology optimize game application,"['download', 'nvidia', 'app', 'gamer', 'creator', 'nvidia', 'nvidia', 'app', 'essential', 'companion', 'pc', 'gamer', 'creator', 'pc', 'date', 'late', 'nvidia', 'driver', 'technology', 'optimize', 'game', 'application']",4,"Topic 4: nvidia, geforce, driver"
Nvidia - Wikipedia,https://en.wikipedia.org/wiki/Nvidia,"Nvidia Corporation[a] (/ ɛnˈvɪdiə / en-VID-ee-ə) is an American multinational corporation and technology company headquartered in Santa Clara, California, and incorporated in Delaware. [5]","Nvidia - Wikipedia Nvidia Corporation[a] (/ ɛnˈvɪdiə / en-VID-ee-ə) is an American multinational corporation and technology company headquartered in Santa Clara, California, and incorporated in Delaware. [5]",nvidia wikipedia nvidia corporationa nvdi envidee american multinational corporation technology company headquarter santa clara california incorporate delaware,"['nvidia', 'wikipedia', 'nvidia', 'corporationa', 'nvdi', 'envidee', 'american', 'multinational', 'corporation', 'technology', 'company', 'headquarter', 'santa', 'clara', 'california', 'incorporate', 'delaware']",4,"Topic 4: nvidia, geforce, driver"
"NVIDIA GeForce Graphics Cards, Gaming Laptops, Desktop and …",https://marketplace.nvidia.com/en-ca/consumer/graphics-cards/,"Show NVIDIA GeForce graphics cards, gaming laptops, desktop and monitor from the official NVIDIA GeForce store - Canada. Know more about GeForce RTX 40 series GPUs.","NVIDIA GeForce Graphics Cards, Gaming Laptops, Desktop and … Show NVIDIA GeForce graphics cards, gaming laptops, desktop and monitor from the official NVIDIA GeForce store - Canada. Know more about GeForce RTX 40 series GPUs.",nvidia geforce graphic card game laptop desktop nvidia geforce graphic card game laptop desktop monitor official nvidia geforce store canada know geforce rtx series gpus,"['nvidia', 'geforce', 'graphic', 'card', 'game', 'laptop', 'desktop', 'nvidia', 'geforce', 'graphic', 'card', 'game', 'laptop', 'desktop', 'monitor', 'official', 'nvidia', 'geforce', 'store', 'canada', 'know', 'geforce', 'rtx', 'series', 'gpus']",4,"Topic 4: nvidia, geforce, driver"
NVIDIA Announces DGX Spark and DGX Station Personal AI …,https://nvidianews.nvidia.com/news/nvidia-announces-dgx-spark-and-dgx-station-personal-ai-computers,"Mar 18, 2025 · DGX Spark — formerly Project DIGITS — and DGX Station™, a new high-performance NVIDIA Grace Blackwell desktop supercomputer powered by the NVIDIA …","NVIDIA Announces DGX Spark and DGX Station Personal AI … Mar 18, 2025 · DGX Spark — formerly Project DIGITS — and DGX Station™, a new high-performance NVIDIA Grace Blackwell desktop supercomputer powered by the NVIDIA …",nvidia announce dgx spark dgx station personal ai mar dgx spark project digit dgx station new highperformance nvidia grace blackwell desktop supercomputer power nvidia,"['nvidia', 'announce', 'dgx', 'spark', 'dgx', 'station', 'personal', 'ai', 'mar', 'dgx', 'spark', 'project', 'digit', 'dgx', 'station', 'new', 'highperformance', 'nvidia', 'grace', 'blackwell', 'desktop', 'supercomputer', 'power', 'nvidia']",1,"Topic 1: nvidia, dgx, station"
"NVIDIA App Update Adds Project G-Assist, DLSS Super Resolution …",https://www.nvidia.com/en-us/geforce/news/nvidia-app-update-g-assist-new-dlss-override-and-more/,"2 days ago · In a new NVIDIA app update that’s available now, we’ve expanded the functionality of our DLSS overrides, enabling you to fine tune image quality or boost performance for DLSS …","NVIDIA App Update Adds Project G-Assist, DLSS Super Resolution … 2 days ago · In a new NVIDIA app update that’s available now, we’ve expanded the functionality of our DLSS overrides, enabling you to fine tune image quality or boost performance for DLSS …",nvidia app update add project gassist dlss super resolution day ago new nvidia app update s available ve expand functionality dlss override enable fine tune image quality boost performance dlss,"['nvidia', 'app', 'update', 'add', 'project', 'gassist', 'dlss', 'super', 'resolution', 'day', 'ago', 'new', 'nvidia', 'app', 'update', 's', 'available', 've', 'expand', 'functionality', 'dlss', 'override', 'enable', 'fine', 'tune', 'image', 'quality', 'boost', 'performance', 'dlss']",3,"Topic 3: dlss, nvidia, app"
NVIDIA Blackwell GeForce RTX 50 Series Opens New ... - NVIDIA …,https://nvidianews.nvidia.com/news/nvidia-blackwell-geforce-rtx-50-series-opens-new-world-of-ai-computer-graphics,"Jan 6, 2025 · NVIDIA today unveiled the most advanced consumer GPUs for gamers, creators and developers — the GeForce RTX™ 50 Series Desktop and Laptop GPUs.","NVIDIA Blackwell GeForce RTX 50 Series Opens New ... - NVIDIA … Jan 6, 2025 · NVIDIA today unveiled the most advanced consumer GPUs for gamers, creators and developers — the GeForce RTX™ 50 Series Desktop and Laptop GPUs.",nvidia blackwell geforce rtx series open new nvidia jan nvidia today unveil advanced consumer gpu gamer creator developer geforce rtx series desktop laptop gpu,"['nvidia', 'blackwell', 'geforce', 'rtx', 'series', 'open', 'new', 'nvidia', 'jan', 'nvidia', 'today', 'unveil', 'advanced', 'consumer', 'gpu', 'gamer', 'creator', 'developer', 'geforce', 'rtx', 'series', 'desktop', 'laptop', 'gpu']",0,"Topic 0: nvidia, rtx, gpu"
NVIDIA Delivers Quantum Leap in Performance ... - NVIDIA …,https://nvidianews.nvidia.com/news/nvidia-delivers-quantum-leap-in-performance-introduces-new-era-of-neural-rendering-with-geforce-rtx-40-series,"Sep 20, 2022 · NVIDIA today unveiled the GeForce RTX ® 40 Series of GPUs, designed to deliver revolutionary performance for gamers and creators, led by its new flagship, the RTX …","NVIDIA Delivers Quantum Leap in Performance ... - NVIDIA … Sep 20, 2022 · NVIDIA today unveiled the GeForce RTX ® 40 Series of GPUs, designed to deliver revolutionary performance for gamers and creators, led by its new flagship, the RTX …",nvidia deliver quantum leap performance nvidia sep nvidia today unveil geforce rtx series gpu design deliver revolutionary performance gamer creator lead new flagship rtx,"['nvidia', 'deliver', 'quantum', 'leap', 'performance', 'nvidia', 'sep', 'nvidia', 'today', 'unveil', 'geforce', 'rtx', 'series', 'gpu', 'design', 'deliver', 'revolutionary', 'performance', 'gamer', 'creator', 'lead', 'new', 'flagship', 'rtx']",4,"Topic 4: nvidia, geforce, driver"
Download The Official NVIDIA Drivers | NVIDIA,https://www.nvidia.com/en-us/drivers/,Download the latest official NVIDIA drivers to enhance your PC gaming experience and run apps faster.,Download The Official NVIDIA Drivers | NVIDIA Download the latest official NVIDIA drivers to enhance your PC gaming experience and run apps faster.,download official nvidia driver nvidia download late official nvidia driver enhance pc gaming experience run app fast,"['download', 'official', 'nvidia', 'driver', 'nvidia', 'download', 'late', 'official', 'nvidia', 'driver', 'enhance', 'pc', 'gaming', 'experience', 'run', 'app', 'fast']",4,"Topic 4: nvidia, geforce, driver"
Official GeForce Drivers | NVIDIA,https://www.nvidia.com/en-us/geforce/drivers/,"Nov 12, 2019 · Whether you are playing the hottest new games or working with the latest creative applications, NVIDIA drivers are custom tailored to provide the best possible experience.","Official GeForce Drivers | NVIDIA Nov 12, 2019 · Whether you are playing the hottest new games or working with the latest creative applications, NVIDIA drivers are custom tailored to provide the best possible experience.",official geforce driver nvidia nov play hot new game work late creative application nvidia driver custom tailor provide good possible experience,"['official', 'geforce', 'driver', 'nvidia', 'nov', 'play', 'hot', 'new', 'game', 'work', 'late', 'creative', 'application', 'nvidia', 'driver', 'custom', 'tailor', 'provide', 'good', 'possible', 'experience']",4,"Topic 4: nvidia, geforce, driver"
World Leader in Artificial Intelligence Computing | NVIDIA,https://www.nvidia.com/en-us/,"NVIDIA GeForce RTX™ powers the world’s fastest GPUs and the ultimate platform for gamers and creators. Enjoy beautiful ray tracing, AI-powered DLSS, and much more in games and …","World Leader in Artificial Intelligence Computing | NVIDIA NVIDIA GeForce RTX™ powers the world’s fastest GPUs and the ultimate platform for gamers and creators. Enjoy beautiful ray tracing, AI-powered DLSS, and much more in games and …",world leader artificial intelligence computing nvidia nvidia geforce rtx power world fast gpu ultimate platform gamer creator enjoy beautiful ray tracing aipowere dlss game,"['world', 'leader', 'artificial', 'intelligence', 'computing', 'nvidia', 'nvidia', 'geforce', 'rtx', 'power', 'world', 'fast', 'gpu', 'ultimate', 'platform', 'gamer', 'creator', 'enjoy', 'beautiful', 'ray', 'tracing', 'aipowere', 'dlss', 'game']",1,"Topic 1: nvidia, dgx, station"
Download NVIDIA App for Gamers and Creators | NVIDIA,https://www.nvidia.com/en-us/software/nvidia-app/,The NVIDIA App is the essential companion for PC gamers and creators. Keep your PC up to date with the latest NVIDIA drivers and technology. Optimize games and applications with a …,Download NVIDIA App for Gamers and Creators | NVIDIA The NVIDIA App is the essential companion for PC gamers and creators. Keep your PC up to date with the latest NVIDIA drivers and technology. Optimize games and applications with a …,download nvidia app gamer creator nvidia nvidia app essential companion pc gamer creator pc date late nvidia driver technology optimize game application,"['download', 'nvidia', 'app', 'gamer', 'creator', 'nvidia', 'nvidia', 'app', 'essential', 'companion', 'pc', 'gamer', 'creator', 'pc', 'date', 'late', 'nvidia', 'driver', 'technology', 'optimize', 'game', 'application']",4,"Topic 4: nvidia, geforce, driver"
Nvidia - Wikipedia,https://en.wikipedia.org/wiki/Nvidia,"Nvidia Corporation[a] (/ ɛnˈvɪdiə / en-VID-ee-ə) is an American multinational corporation and technology company headquartered in Santa Clara, California, and incorporated in Delaware. [5]","Nvidia - Wikipedia Nvidia Corporation[a] (/ ɛnˈvɪdiə / en-VID-ee-ə) is an American multinational corporation and technology company headquartered in Santa Clara, California, and incorporated in Delaware. [5]",nvidia wikipedia nvidia corporationa nvdi envidee american multinational corporation technology company headquarter santa clara california incorporate delaware,"['nvidia', 'wikipedia', 'nvidia', 'corporationa', 'nvdi', 'envidee', 'american', 'multinational', 'corporation', 'technology', 'company', 'headquarter', 'santa', 'clara', 'california', 'incorporate', 'delaware']",4,"Topic 4: nvidia, geforce, driver"
"NVIDIA GeForce Graphics Cards, Gaming Laptops, Desktop and …",https://marketplace.nvidia.com/en-ca/consumer/graphics-cards/,"Show NVIDIA GeForce graphics cards, gaming laptops, desktop and monitor from the official NVIDIA GeForce store - Canada. Know more about GeForce RTX 40 series GPUs.","NVIDIA GeForce Graphics Cards, Gaming Laptops, Desktop and … Show NVIDIA GeForce graphics cards, gaming laptops, desktop and monitor from the official NVIDIA GeForce store - Canada. Know more about GeForce RTX 40 series GPUs.",nvidia geforce graphic card game laptop desktop nvidia geforce graphic card game laptop desktop monitor official nvidia geforce store canada know geforce rtx series gpus,"['nvidia', 'geforce', 'graphic', 'card', 'game', 'laptop', 'desktop', 'nvidia', 'geforce', 'graphic', 'card', 'game', 'laptop', 'desktop', 'monitor', 'official', 'nvidia', 'geforce', 'store', 'canada', 'know', 'geforce', 'rtx', 'series', 'gpus']",4,"Topic 4: nvidia, geforce, driver"
NVIDIA Announces DGX Spark and DGX Station Personal AI …,https://nvidianews.nvidia.com/news/nvidia-announces-dgx-spark-and-dgx-station-personal-ai-computers,"Mar 18, 2025 · DGX Spark — formerly Project DIGITS — and DGX Station™, a new high-performance NVIDIA Grace Blackwell desktop supercomputer powered by the NVIDIA …","NVIDIA Announces DGX Spark and DGX Station Personal AI … Mar 18, 2025 · DGX Spark — formerly Project DIGITS — and DGX Station™, a new high-performance NVIDIA Grace Blackwell desktop supercomputer powered by the NVIDIA …",nvidia announce dgx spark dgx station personal ai mar dgx spark project digit dgx station new highperformance nvidia grace blackwell desktop supercomputer power nvidia,"['nvidia', 'announce', 'dgx', 'spark', 'dgx', 'station', 'personal', 'ai', 'mar', 'dgx', 'spark', 'project', 'digit', 'dgx', 'station', 'new', 'highperformance', 'nvidia', 'grace', 'blackwell', 'desktop', 'supercomputer', 'power', 'nvidia']",1,"Topic 1: nvidia, dgx, station"
"NVIDIA App Update Adds Project G-Assist, DLSS Super Resolution …",https://www.nvidia.com/en-us/geforce/news/nvidia-app-update-g-assist-new-dlss-override-and-more/,"2 days ago · In a new NVIDIA app update that’s available now, we’ve expanded the functionality of our DLSS overrides, enabling you to fine tune image quality or boost performance for DLSS …","NVIDIA App Update Adds Project G-Assist, DLSS Super Resolution … 2 days ago · In a new NVIDIA app update that’s available now, we’ve expanded the functionality of our DLSS overrides, enabling you to fine tune image quality or boost performance for DLSS …",nvidia app update add project gassist dlss super resolution day ago new nvidia app update s available ve expand functionality dlss override enable fine tune image quality boost performance dlss,"['nvidia', 'app', 'update', 'add', 'project', 'gassist', 'dlss', 'super', 'resolution', 'day', 'ago', 'new', 'nvidia', 'app', 'update', 's', 'available', 've', 'expand', 'functionality', 'dlss', 'override', 'enable', 'fine', 'tune', 'image', 'quality', 'boost', 'performance', 'dlss']",3,"Topic 3: dlss, nvidia, app"
NVIDIA Blackwell GeForce RTX 50 Series Opens New ... - NVIDIA …,https://nvidianews.nvidia.com/news/nvidia-blackwell-geforce-rtx-50-series-opens-new-world-of-ai-computer-graphics,"Jan 6, 2025 · NVIDIA today unveiled the most advanced consumer GPUs for gamers, creators and developers — the GeForce RTX™ 50 Series Desktop and Laptop GPUs.","NVIDIA Blackwell GeForce RTX 50 Series Opens New ... - NVIDIA … Jan 6, 2025 · NVIDIA today unveiled the most advanced consumer GPUs for gamers, creators and developers — the GeForce RTX™ 50 Series Desktop and Laptop GPUs.",nvidia blackwell geforce rtx series open new nvidia jan nvidia today unveil advanced consumer gpu gamer creator developer geforce rtx series desktop laptop gpu,"['nvidia', 'blackwell', 'geforce', 'rtx', 'series', 'open', 'new', 'nvidia', 'jan', 'nvidia', 'today', 'unveil', 'advanced', 'consumer', 'gpu', 'gamer', 'creator', 'developer', 'geforce', 'rtx', 'series', 'desktop', 'laptop', 'gpu']",0,"Topic 0: nvidia, rtx, gpu"
NVIDIA Delivers Quantum Leap in Performance ... - NVIDIA …,https://nvidianews.nvidia.com/news/nvidia-delivers-quantum-leap-in-performance-introduces-new-era-of-neural-rendering-with-geforce-rtx-40-series,"Sep 20, 2022 · NVIDIA today unveiled the GeForce RTX ® 40 Series of GPUs, designed to deliver revolutionary performance for gamers and creators, led by its new flagship, the RTX …","NVIDIA Delivers Quantum Leap in Performance ... - NVIDIA … Sep 20, 2022 · NVIDIA today unveiled the GeForce RTX ® 40 Series of GPUs, designed to deliver revolutionary performance for gamers and creators, led by its new flagship, the RTX …",nvidia deliver quantum leap performance nvidia sep nvidia today unveil geforce rtx series gpu design deliver revolutionary performance gamer creator lead new flagship rtx,"['nvidia', 'deliver', 'quantum', 'leap', 'performance', 'nvidia', 'sep', 'nvidia', 'today', 'unveil', 'geforce', 'rtx', 'series', 'gpu', 'design', 'deliver', 'revolutionary', 'performance', 'gamer', 'creator', 'lead', 'new', 'flagship', 'rtx']",4,"Topic 4: nvidia, geforce, driver"
Download The Official NVIDIA Drivers | NVIDIA,https://www.nvidia.com/en-us/drivers/,Download the latest official NVIDIA drivers to enhance your PC gaming experience and run apps faster.,Download The Official NVIDIA Drivers | NVIDIA Download the latest official NVIDIA drivers to enhance your PC gaming experience and run apps faster.,download official nvidia driver nvidia download late official nvidia driver enhance pc gaming experience run app fast,"['download', 'official', 'nvidia', 'driver', 'nvidia', 'download', 'late', 'official', 'nvidia', 'driver', 'enhance', 'pc', 'gaming', 'experience', 'run', 'app', 'fast']",4,"Topic 4: nvidia, geforce, driver"
Official GeForce Drivers | NVIDIA,https://www.nvidia.com/en-us/geforce/drivers/,"Nov 12, 2019 · Whether you are playing the hottest new games or working with the latest creative applications, NVIDIA drivers are custom tailored to provide the best possible experience.","Official GeForce Drivers | NVIDIA Nov 12, 2019 · Whether you are playing the hottest new games or working with the latest creative applications, NVIDIA drivers are custom tailored to provide the best possible experience.",official geforce driver nvidia nov play hot new game work late creative application nvidia driver custom tailor provide good possible experience,"['official', 'geforce', 'driver', 'nvidia', 'nov', 'play', 'hot', 'new', 'game', 'work', 'late', 'creative', 'application', 'nvidia', 'driver', 'custom', 'tailor', 'provide', 'good', 'possible', 'experience']",4,"Topic 4: nvidia, geforce, driver"
World Leader in Artificial Intelligence Computing | NVIDIA,https://www.nvidia.com/en-us/,"NVIDIA GeForce RTX™ powers the world’s fastest GPUs and the ultimate platform for gamers and creators. Enjoy beautiful ray tracing, AI-powered DLSS, and much more in games and …","World Leader in Artificial Intelligence Computing | NVIDIA NVIDIA GeForce RTX™ powers the world’s fastest GPUs and the ultimate platform for gamers and creators. Enjoy beautiful ray tracing, AI-powered DLSS, and much more in games and …",world leader artificial intelligence computing nvidia nvidia geforce rtx power world fast gpu ultimate platform gamer creator enjoy beautiful ray tracing aipowere dlss game,"['world', 'leader', 'artificial', 'intelligence', 'computing', 'nvidia', 'nvidia', 'geforce', 'rtx', 'power', 'world', 'fast', 'gpu', 'ultimate', 'platform', 'gamer', 'creator', 'enjoy', 'beautiful', 'ray', 'tracing', 'aipowere', 'dlss', 'game']",1,"Topic 1: nvidia, dgx, station"
Download NVIDIA App for Gamers and Creators | NVIDIA,https://www.nvidia.com/en-us/software/nvidia-app/,"The NVIDIA App is the essential companion for PC gamers and creators. Keep your PC up to date with the latest NVIDIA drivers and technology. Optimize games and applications with a new unified GPU control center, capture your favorite moments with powerful recording tools through the in-game overlay, and discover the latest NVIDIA tools and ...","Download NVIDIA App for Gamers and Creators | NVIDIA The NVIDIA App is the essential companion for PC gamers and creators. Keep your PC up to date with the latest NVIDIA drivers and technology. Optimize games and applications with a new unified GPU control center, capture your favorite moments with powerful recording tools through the in-game overlay, and discover the latest NVIDIA tools and ...",download nvidia app gamer creator nvidia nvidia app essential companion pc gamer creator pc date late nvidia driver technology optimize game application new unified gpu control center capture favorite moment powerful recording tool ingame overlay discover late nvidia tool,"['download', 'nvidia', 'app', 'gamer', 'creator', 'nvidia', 'nvidia', 'app', 'essential', 'companion', 'pc', 'gamer', 'creator', 'pc', 'date', 'late', 'nvidia', 'driver', 'technology', 'optimize', 'game', 'application', 'new', 'unified', 'gpu', 'control', 'center', 'capture', 'favorite', 'moment', 'powerful', 'recording', 'tool', 'ingame', 'overlay', 'discover', 'late', 'nvidia', 'tool']",4,"Topic 4: nvidia, geforce, driver"
Nvidia - Wikipedia,https://en.wikipedia.org/wiki/Nvidia,"Nvidia Corporation[a] (/ ɛnˈvɪdiə / en-VID-ee-ə) is an American multinational corporation and technology company headquartered in Santa Clara, California, and incorporated in Delaware. [5]","Nvidia - Wikipedia Nvidia Corporation[a] (/ ɛnˈvɪdiə / en-VID-ee-ə) is an American multinational corporation and technology company headquartered in Santa Clara, California, and incorporated in Delaware. [5]",nvidia wikipedia nvidia corporationa nvdi envidee american multinational corporation technology company headquarter santa clara california incorporate delaware,"['nvidia', 'wikipedia', 'nvidia', 'corporationa', 'nvdi', 'envidee', 'american', 'multinational', 'corporation', 'technology', 'company', 'headquarter', 'santa', 'clara', 'california', 'incorporate', 'delaware']",4,"Topic 4: nvidia, geforce, driver"
"NVIDIA GeForce Graphics Cards, Gaming Laptops, Desktop and …",https://marketplace.nvidia.com/en-ca/consumer/graphics-cards/,"Show NVIDIA GeForce graphics cards, gaming laptops, desktop and monitor from the official NVIDIA GeForce store - Canada. Know more about GeForce RTX 40 series GPUs.","NVIDIA GeForce Graphics Cards, Gaming Laptops, Desktop and … Show NVIDIA GeForce graphics cards, gaming laptops, desktop and monitor from the official NVIDIA GeForce store - Canada. Know more about GeForce RTX 40 series GPUs.",nvidia geforce graphic card game laptop desktop nvidia geforce graphic card game laptop desktop monitor official nvidia geforce store canada know geforce rtx series gpus,"['nvidia', 'geforce', 'graphic', 'card', 'game', 'laptop', 'desktop', 'nvidia', 'geforce', 'graphic', 'card', 'game', 'laptop', 'desktop', 'monitor', 'official', 'nvidia', 'geforce', 'store', 'canada', 'know', 'geforce', 'rtx', 'series', 'gpus']",4,"Topic 4: nvidia, geforce, driver"
NVIDIA Announces DGX Spark and DGX Station Personal AI …,https://nvidianews.nvidia.com/news/nvidia-announces-dgx-spark-and-dgx-station-personal-ai-computers,"Mar 18, 2025 · DGX Spark — formerly Project DIGITS — and DGX Station™, a new high-performance NVIDIA Grace Blackwell desktop supercomputer powered by the NVIDIA Blackwell Ultra platform, enable AI developers, researchers, data scientists and students to prototype, fine-tune and inference large models on desktops.","NVIDIA Announces DGX Spark and DGX Station Personal AI … Mar 18, 2025 · DGX Spark — formerly Project DIGITS — and DGX Station™, a new high-performance NVIDIA Grace Blackwell desktop supercomputer powered by the NVIDIA Blackwell Ultra platform, enable AI developers, researchers, data scientists and students to prototype, fine-tune and inference large models on desktops.",nvidia announce dgx spark dgx station personal ai mar dgx spark project digit dgx station new highperformance nvidia grace blackwell desktop supercomputer power nvidia blackwell ultra platform enable ai developer researcher datum scientist student prototype finetune inference large model desktop,"['nvidia', 'announce', 'dgx', 'spark', 'dgx', 'station', 'personal', 'ai', 'mar', 'dgx', 'spark', 'project', 'digit', 'dgx', 'station', 'new', 'highperformance', 'nvidia', 'grace', 'blackwell', 'desktop', 'supercomputer', 'power', 'nvidia', 'blackwell', 'ultra', 'platform', 'enable', 'ai', 'developer', 'researcher', 'datum', 'scientist', 'student', 'prototype', 'finetune', 'inference', 'large', 'model', 'desktop']",1,"Topic 1: nvidia, dgx, station"
"NVIDIA App Update Adds Project G-Assist, DLSS Super Resolution …",https://www.nvidia.com/en-us/geforce/news/nvidia-app-update-g-assist-new-dlss-override-and-more/,"2 days ago · In a new NVIDIA app update that’s available now, we’ve expanded the functionality of our DLSS overrides, enabling you to fine tune image quality or boost performance for DLSS Super Resolution.","NVIDIA App Update Adds Project G-Assist, DLSS Super Resolution … 2 days ago · In a new NVIDIA app update that’s available now, we’ve expanded the functionality of our DLSS overrides, enabling you to fine tune image quality or boost performance for DLSS Super Resolution.",nvidia app update add project gassist dlss super resolution day ago new nvidia app update s available ve expand functionality dlss override enable fine tune image quality boost performance dlss super resolution,"['nvidia', 'app', 'update', 'add', 'project', 'gassist', 'dlss', 'super', 'resolution', 'day', 'ago', 'new', 'nvidia', 'app', 'update', 's', 'available', 've', 'expand', 'functionality', 'dlss', 'override', 'enable', 'fine', 'tune', 'image', 'quality', 'boost', 'performance', 'dlss', 'super', 'resolution']",3,"Topic 3: dlss, nvidia, app"
NVIDIA Blackwell GeForce RTX 50 Series Opens New ... - NVIDIA …,https://nvidianews.nvidia.com/news/nvidia-blackwell-geforce-rtx-50-series-opens-new-world-of-ai-computer-graphics,"Jan 6, 2025 · NVIDIA today unveiled the most advanced consumer GPUs for gamers, creators and developers — the GeForce RTX™ 50 Series Desktop and Laptop GPUs.","NVIDIA Blackwell GeForce RTX 50 Series Opens New ... - NVIDIA … Jan 6, 2025 · NVIDIA today unveiled the most advanced consumer GPUs for gamers, creators and developers — the GeForce RTX™ 50 Series Desktop and Laptop GPUs.",nvidia blackwell geforce rtx series open new nvidia jan nvidia today unveil advanced consumer gpu gamer creator developer geforce rtx series desktop laptop gpu,"['nvidia', 'blackwell', 'geforce', 'rtx', 'series', 'open', 'new', 'nvidia', 'jan', 'nvidia', 'today', 'unveil', 'advanced', 'consumer', 'gpu', 'gamer', 'creator', 'developer', 'geforce', 'rtx', 'series', 'desktop', 'laptop', 'gpu']",0,"Topic 0: nvidia, rtx, gpu"
NVIDIA Delivers Quantum Leap in Performance ... - NVIDIA …,https://nvidianews.nvidia.com/news/nvidia-delivers-quantum-leap-in-performance-introduces-new-era-of-neural-rendering-with-geforce-rtx-40-series,"Sep 20, 2022 · NVIDIA today unveiled the GeForce RTX ® 40 Series of GPUs, designed to deliver revolutionary performance for gamers and creators, led by its new flagship, the RTX 4090 GPU, with up to 4x the performance of its predecessor.","NVIDIA Delivers Quantum Leap in Performance ... - NVIDIA … Sep 20, 2022 · NVIDIA today unveiled the GeForce RTX ® 40 Series of GPUs, designed to deliver revolutionary performance for gamers and creators, led by its new flagship, the RTX 4090 GPU, with up to 4x the performance of its predecessor.",nvidia deliver quantum leap performance nvidia sep nvidia today unveil geforce rtx series gpu design deliver revolutionary performance gamer creator lead new flagship rtx gpu x performance predecessor,"['nvidia', 'deliver', 'quantum', 'leap', 'performance', 'nvidia', 'sep', 'nvidia', 'today', 'unveil', 'geforce', 'rtx', 'series', 'gpu', 'design', 'deliver', 'revolutionary', 'performance', 'gamer', 'creator', 'lead', 'new', 'flagship', 'rtx', 'gpu', 'x', 'performance', 'predecessor']",4,"Topic 4: nvidia, geforce, driver"
Download The Official NVIDIA Drivers | NVIDIA,https://www.nvidia.com/en-us/drivers/,Download the latest official NVIDIA drivers to enhance your PC gaming experience and run apps faster.,Download The Official NVIDIA Drivers | NVIDIA Download the latest official NVIDIA drivers to enhance your PC gaming experience and run apps faster.,download official nvidia driver nvidia download late official nvidia driver enhance pc gaming experience run app fast,"['download', 'official', 'nvidia', 'driver', 'nvidia', 'download', 'late', 'official', 'nvidia', 'driver', 'enhance', 'pc', 'gaming', 'experience', 'run', 'app', 'fast']",4,"Topic 4: nvidia, geforce, driver"
Official GeForce Drivers | NVIDIA,https://www.nvidia.com/en-us/geforce/drivers/,"Nov 12, 2019 · Whether you are playing the hottest new games or working with the latest creative applications, NVIDIA drivers are custom tailored to provide the best possible experience.","Official GeForce Drivers | NVIDIA Nov 12, 2019 · Whether you are playing the hottest new games or working with the latest creative applications, NVIDIA drivers are custom tailored to provide the best possible experience.",official geforce driver nvidia nov play hot new game work late creative application nvidia driver custom tailor provide good possible experience,"['official', 'geforce', 'driver', 'nvidia', 'nov', 'play', 'hot', 'new', 'game', 'work', 'late', 'creative', 'application', 'nvidia', 'driver', 'custom', 'tailor', 'provide', 'good', 'possible', 'experience']",4,"Topic 4: nvidia, geforce, driver"
World Leader in Artificial Intelligence Computing | NVIDIA,https://www.nvidia.com/en-us/,"NVIDIA GeForce RTX™ powers the world’s fastest GPUs and the ultimate platform for gamers and creators. Enjoy beautiful ray tracing, AI-powered DLSS, and much more in games and …","World Leader in Artificial Intelligence Computing | NVIDIA NVIDIA GeForce RTX™ powers the world’s fastest GPUs and the ultimate platform for gamers and creators. Enjoy beautiful ray tracing, AI-powered DLSS, and much more in games and …",world leader artificial intelligence computing nvidia nvidia geforce rtx power world fast gpu ultimate platform gamer creator enjoy beautiful ray tracing aipowere dlss game,"['world', 'leader', 'artificial', 'intelligence', 'computing', 'nvidia', 'nvidia', 'geforce', 'rtx', 'power', 'world', 'fast', 'gpu', 'ultimate', 'platform', 'gamer', 'creator', 'enjoy', 'beautiful', 'ray', 'tracing', 'aipowere', 'dlss', 'game']",1,"Topic 1: nvidia, dgx, station"
Download NVIDIA App for Gamers and Creators | NVIDIA,https://www.nvidia.com/en-us/software/nvidia-app/,"The NVIDIA App is the essential companion for PC gamers and creators. Keep your PC up to date with the latest NVIDIA drivers and technology. Optimize games and applications with a new unified GPU control center, capture your favorite moments with powerful recording tools through the in-game overlay, and discover the latest NVIDIA tools and ...","Download NVIDIA App for Gamers and Creators | NVIDIA The NVIDIA App is the essential companion for PC gamers and creators. Keep your PC up to date with the latest NVIDIA drivers and technology. Optimize games and applications with a new unified GPU control center, capture your favorite moments with powerful recording tools through the in-game overlay, and discover the latest NVIDIA tools and ...",download nvidia app gamer creator nvidia nvidia app essential companion pc gamer creator pc date late nvidia driver technology optimize game application new unified gpu control center capture favorite moment powerful recording tool ingame overlay discover late nvidia tool,"['download', 'nvidia', 'app', 'gamer', 'creator', 'nvidia', 'nvidia', 'app', 'essential', 'companion', 'pc', 'gamer', 'creator', 'pc', 'date', 'late', 'nvidia', 'driver', 'technology', 'optimize', 'game', 'application', 'new', 'unified', 'gpu', 'control', 'center', 'capture', 'favorite', 'moment', 'powerful', 'recording', 'tool', 'ingame', 'overlay', 'discover', 'late', 'nvidia', 'tool']",4,"Topic 4: nvidia, geforce, driver"
Nvidia - Wikipedia,https://en.wikipedia.org/wiki/Nvidia,"Nvidia Corporation[a] (/ ɛnˈvɪdiə / en-VID-ee-ə) is an American multinational corporation and technology company headquartered in Santa Clara, California, and incorporated in Delaware. [5]","Nvidia - Wikipedia Nvidia Corporation[a] (/ ɛnˈvɪdiə / en-VID-ee-ə) is an American multinational corporation and technology company headquartered in Santa Clara, California, and incorporated in Delaware. [5]",nvidia wikipedia nvidia corporationa nvdi envidee american multinational corporation technology company headquarter santa clara california incorporate delaware,"['nvidia', 'wikipedia', 'nvidia', 'corporationa', 'nvdi', 'envidee', 'american', 'multinational', 'corporation', 'technology', 'company', 'headquarter', 'santa', 'clara', 'california', 'incorporate', 'delaware']",4,"Topic 4: nvidia, geforce, driver"
"NVIDIA GeForce Graphics Cards, Gaming Laptops, Desktop and …",https://marketplace.nvidia.com/en-ca/consumer/graphics-cards/,"Show NVIDIA GeForce graphics cards, gaming laptops, desktop and monitor from the official NVIDIA GeForce store - Canada. Know more about GeForce RTX 40 series GPUs.","NVIDIA GeForce Graphics Cards, Gaming Laptops, Desktop and … Show NVIDIA GeForce graphics cards, gaming laptops, desktop and monitor from the official NVIDIA GeForce store - Canada. Know more about GeForce RTX 40 series GPUs.",nvidia geforce graphic card game laptop desktop nvidia geforce graphic card game laptop desktop monitor official nvidia geforce store canada know geforce rtx series gpus,"['nvidia', 'geforce', 'graphic', 'card', 'game', 'laptop', 'desktop', 'nvidia', 'geforce', 'graphic', 'card', 'game', 'laptop', 'desktop', 'monitor', 'official', 'nvidia', 'geforce', 'store', 'canada', 'know', 'geforce', 'rtx', 'series', 'gpus']",4,"Topic 4: nvidia, geforce, driver"
NVIDIA Announces DGX Spark and DGX Station Personal AI …,https://nvidianews.nvidia.com/news/nvidia-announces-dgx-spark-and-dgx-station-personal-ai-computers,"Mar 18, 2025 · DGX Spark — formerly Project DIGITS — and DGX Station™, a new high-performance NVIDIA Grace Blackwell desktop supercomputer powered by the NVIDIA Blackwell Ultra platform, enable AI developers, researchers, data scientists and students to prototype, fine-tune and inference large models on desktops.","NVIDIA Announces DGX Spark and DGX Station Personal AI … Mar 18, 2025 · DGX Spark — formerly Project DIGITS — and DGX Station™, a new high-performance NVIDIA Grace Blackwell desktop supercomputer powered by the NVIDIA Blackwell Ultra platform, enable AI developers, researchers, data scientists and students to prototype, fine-tune and inference large models on desktops.",nvidia announce dgx spark dgx station personal ai mar dgx spark project digit dgx station new highperformance nvidia grace blackwell desktop supercomputer power nvidia blackwell ultra platform enable ai developer researcher datum scientist student prototype finetune inference large model desktop,"['nvidia', 'announce', 'dgx', 'spark', 'dgx', 'station', 'personal', 'ai', 'mar', 'dgx', 'spark', 'project', 'digit', 'dgx', 'station', 'new', 'highperformance', 'nvidia', 'grace', 'blackwell', 'desktop', 'supercomputer', 'power', 'nvidia', 'blackwell', 'ultra', 'platform', 'enable', 'ai', 'developer', 'researcher', 'datum', 'scientist', 'student', 'prototype', 'finetune', 'inference', 'large', 'model', 'desktop']",1,"Topic 1: nvidia, dgx, station"
"NVIDIA App Update Adds Project G-Assist, DLSS Super Resolution …",https://www.nvidia.com/en-us/geforce/news/nvidia-app-update-g-assist-new-dlss-override-and-more/,"2 days ago · In a new NVIDIA app update that’s available now, we’ve expanded the functionality of our DLSS overrides, enabling you to fine tune image quality or boost performance for DLSS Super Resolution.","NVIDIA App Update Adds Project G-Assist, DLSS Super Resolution … 2 days ago · In a new NVIDIA app update that’s available now, we’ve expanded the functionality of our DLSS overrides, enabling you to fine tune image quality or boost performance for DLSS Super Resolution.",nvidia app update add project gassist dlss super resolution day ago new nvidia app update s available ve expand functionality dlss override enable fine tune image quality boost performance dlss super resolution,"['nvidia', 'app', 'update', 'add', 'project', 'gassist', 'dlss', 'super', 'resolution', 'day', 'ago', 'new', 'nvidia', 'app', 'update', 's', 'available', 've', 'expand', 'functionality', 'dlss', 'override', 'enable', 'fine', 'tune', 'image', 'quality', 'boost', 'performance', 'dlss', 'super', 'resolution']",3,"Topic 3: dlss, nvidia, app"
NVIDIA Blackwell GeForce RTX 50 Series Opens New ... - NVIDIA …,https://nvidianews.nvidia.com/news/nvidia-blackwell-geforce-rtx-50-series-opens-new-world-of-ai-computer-graphics,"Jan 6, 2025 · NVIDIA today unveiled the most advanced consumer GPUs for gamers, creators and developers — the GeForce RTX™ 50 Series Desktop and Laptop GPUs.","NVIDIA Blackwell GeForce RTX 50 Series Opens New ... - NVIDIA … Jan 6, 2025 · NVIDIA today unveiled the most advanced consumer GPUs for gamers, creators and developers — the GeForce RTX™ 50 Series Desktop and Laptop GPUs.",nvidia blackwell geforce rtx series open new nvidia jan nvidia today unveil advanced consumer gpu gamer creator developer geforce rtx series desktop laptop gpu,"['nvidia', 'blackwell', 'geforce', 'rtx', 'series', 'open', 'new', 'nvidia', 'jan', 'nvidia', 'today', 'unveil', 'advanced', 'consumer', 'gpu', 'gamer', 'creator', 'developer', 'geforce', 'rtx', 'series', 'desktop', 'laptop', 'gpu']",0,"Topic 0: nvidia, rtx, gpu"
NVIDIA Delivers Quantum Leap in Performance ... - NVIDIA …,https://nvidianews.nvidia.com/news/nvidia-delivers-quantum-leap-in-performance-introduces-new-era-of-neural-rendering-with-geforce-rtx-40-series,"Sep 20, 2022 · NVIDIA today unveiled the GeForce RTX ® 40 Series of GPUs, designed to deliver revolutionary performance for gamers and creators, led by its new flagship, the RTX 4090 GPU, with up to 4x the performance of its predecessor.","NVIDIA Delivers Quantum Leap in Performance ... - NVIDIA … Sep 20, 2022 · NVIDIA today unveiled the GeForce RTX ® 40 Series of GPUs, designed to deliver revolutionary performance for gamers and creators, led by its new flagship, the RTX 4090 GPU, with up to 4x the performance of its predecessor.",nvidia deliver quantum leap performance nvidia sep nvidia today unveil geforce rtx series gpu design deliver revolutionary performance gamer creator lead new flagship rtx gpu x performance predecessor,"['nvidia', 'deliver', 'quantum', 'leap', 'performance', 'nvidia', 'sep', 'nvidia', 'today', 'unveil', 'geforce', 'rtx', 'series', 'gpu', 'design', 'deliver', 'revolutionary', 'performance', 'gamer', 'creator', 'lead', 'new', 'flagship', 'rtx', 'gpu', 'x', 'performance', 'predecessor']",4,"Topic 4: nvidia, geforce, driver"
Download The Official NVIDIA Drivers | NVIDIA,https://www.nvidia.com/en-us/drivers/,Download the latest official NVIDIA drivers to enhance your PC gaming experience and run apps faster.,Download The Official NVIDIA Drivers | NVIDIA Download the latest official NVIDIA drivers to enhance your PC gaming experience and run apps faster.,download official nvidia driver nvidia download late official nvidia driver enhance pc gaming experience run app fast,"['download', 'official', 'nvidia', 'driver', 'nvidia', 'download', 'late', 'official', 'nvidia', 'driver', 'enhance', 'pc', 'gaming', 'experience', 'run', 'app', 'fast']",4,"Topic 4: nvidia, geforce, driver"
Official GeForce Drivers | NVIDIA,https://www.nvidia.com/en-us/geforce/drivers/,"Nov 12, 2019 · Whether you are playing the hottest new games or working with the latest creative applications, NVIDIA drivers are custom tailored to provide the best possible experience.","Official GeForce Drivers | NVIDIA Nov 12, 2019 · Whether you are playing the hottest new games or working with the latest creative applications, NVIDIA drivers are custom tailored to provide the best possible experience.",official geforce driver nvidia nov play hot new game work late creative application nvidia driver custom tailor provide good possible experience,"['official', 'geforce', 'driver', 'nvidia', 'nov', 'play', 'hot', 'new', 'game', 'work', 'late', 'creative', 'application', 'nvidia', 'driver', 'custom', 'tailor', 'provide', 'good', 'possible', 'experience']",4,"Topic 4: nvidia, geforce, driver"
World Leader in Artificial Intelligence Computing | NVIDIA,https://www.nvidia.com/en-us/,"NVIDIA GeForce RTX™ powers the world’s fastest GPUs and the ultimate platform for gamers and creators. Enjoy beautiful ray tracing, AI-powered DLSS, and much more in games and …","World Leader in Artificial Intelligence Computing | NVIDIA NVIDIA GeForce RTX™ powers the world’s fastest GPUs and the ultimate platform for gamers and creators. Enjoy beautiful ray tracing, AI-powered DLSS, and much more in games and …",world leader artificial intelligence computing nvidia nvidia geforce rtx power world fast gpu ultimate platform gamer creator enjoy beautiful ray tracing aipowere dlss game,"['world', 'leader', 'artificial', 'intelligence', 'computing', 'nvidia', 'nvidia', 'geforce', 'rtx', 'power', 'world', 'fast', 'gpu', 'ultimate', 'platform', 'gamer', 'creator', 'enjoy', 'beautiful', 'ray', 'tracing', 'aipowere', 'dlss', 'game']",1,"Topic 1: nvidia, dgx, station"
Download NVIDIA App for Gamers and Creators | NVIDIA,https://www.nvidia.com/en-us/software/nvidia-app/,"The NVIDIA App is the essential companion for PC gamers and creators. Keep your PC up to date with the latest NVIDIA drivers and technology. Optimize games and applications with a new unified GPU control center, capture your favorite moments with powerful recording tools through the in-game overlay, and discover the latest NVIDIA tools and ...","Download NVIDIA App for Gamers and Creators | NVIDIA The NVIDIA App is the essential companion for PC gamers and creators. Keep your PC up to date with the latest NVIDIA drivers and technology. Optimize games and applications with a new unified GPU control center, capture your favorite moments with powerful recording tools through the in-game overlay, and discover the latest NVIDIA tools and ...",download nvidia app gamer creator nvidia nvidia app essential companion pc gamer creator pc date late nvidia driver technology optimize game application new unified gpu control center capture favorite moment powerful recording tool ingame overlay discover late nvidia tool,"['download', 'nvidia', 'app', 'gamer', 'creator', 'nvidia', 'nvidia', 'app', 'essential', 'companion', 'pc', 'gamer', 'creator', 'pc', 'date', 'late', 'nvidia', 'driver', 'technology', 'optimize', 'game', 'application', 'new', 'unified', 'gpu', 'control', 'center', 'capture', 'favorite', 'moment', 'powerful', 'recording', 'tool', 'ingame', 'overlay', 'discover', 'late', 'nvidia', 'tool']",4,"Topic 4: nvidia, geforce, driver"
Nvidia - Wikipedia,https://en.wikipedia.org/wiki/Nvidia,"Nvidia Corporation[a] (/ ɛnˈvɪdiə / en-VID-ee-ə) is an American multinational corporation and technology company headquartered in Santa Clara, California, and incorporated in Delaware. [5]","Nvidia - Wikipedia Nvidia Corporation[a] (/ ɛnˈvɪdiə / en-VID-ee-ə) is an American multinational corporation and technology company headquartered in Santa Clara, California, and incorporated in Delaware. [5]",nvidia wikipedia nvidia corporationa nvdi envidee american multinational corporation technology company headquarter santa clara california incorporate delaware,"['nvidia', 'wikipedia', 'nvidia', 'corporationa', 'nvdi', 'envidee', 'american', 'multinational', 'corporation', 'technology', 'company', 'headquarter', 'santa', 'clara', 'california', 'incorporate', 'delaware']",4,"Topic 4: nvidia, geforce, driver"
"NVIDIA GeForce Graphics Cards, Gaming Laptops, Desktop and …",https://marketplace.nvidia.com/en-ca/consumer/graphics-cards/,"Show NVIDIA GeForce graphics cards, gaming laptops, desktop and monitor from the official NVIDIA GeForce store - Canada. Know more about GeForce RTX 40 series GPUs.","NVIDIA GeForce Graphics Cards, Gaming Laptops, Desktop and … Show NVIDIA GeForce graphics cards, gaming laptops, desktop and monitor from the official NVIDIA GeForce store - Canada. Know more about GeForce RTX 40 series GPUs.",nvidia geforce graphic card game laptop desktop nvidia geforce graphic card game laptop desktop monitor official nvidia geforce store canada know geforce rtx series gpus,"['nvidia', 'geforce', 'graphic', 'card', 'game', 'laptop', 'desktop', 'nvidia', 'geforce', 'graphic', 'card', 'game', 'laptop', 'desktop', 'monitor', 'official', 'nvidia', 'geforce', 'store', 'canada', 'know', 'geforce', 'rtx', 'series', 'gpus']",4,"Topic 4: nvidia, geforce, driver"
NVIDIA Announces DGX Spark and DGX Station Personal AI …,https://nvidianews.nvidia.com/news/nvidia-announces-dgx-spark-and-dgx-station-personal-ai-computers,"Mar 18, 2025 · DGX Spark — formerly Project DIGITS — and DGX Station™, a new high-performance NVIDIA Grace Blackwell desktop supercomputer powered by the NVIDIA Blackwell Ultra platform, enable AI developers, researchers, data scientists and students to prototype, fine-tune and inference large models on desktops.","NVIDIA Announces DGX Spark and DGX Station Personal AI … Mar 18, 2025 · DGX Spark — formerly Project DIGITS — and DGX Station™, a new high-performance NVIDIA Grace Blackwell desktop supercomputer powered by the NVIDIA Blackwell Ultra platform, enable AI developers, researchers, data scientists and students to prototype, fine-tune and inference large models on desktops.",nvidia announce dgx spark dgx station personal ai mar dgx spark project digit dgx station new highperformance nvidia grace blackwell desktop supercomputer power nvidia blackwell ultra platform enable ai developer researcher datum scientist student prototype finetune inference large model desktop,"['nvidia', 'announce', 'dgx', 'spark', 'dgx', 'station', 'personal', 'ai', 'mar', 'dgx', 'spark', 'project', 'digit', 'dgx', 'station', 'new', 'highperformance', 'nvidia', 'grace', 'blackwell', 'desktop', 'supercomputer', 'power', 'nvidia', 'blackwell', 'ultra', 'platform', 'enable', 'ai', 'developer', 'researcher', 'datum', 'scientist', 'student', 'prototype', 'finetune', 'inference', 'large', 'model', 'desktop']",1,"Topic 1: nvidia, dgx, station"
"NVIDIA App Update Adds Project G-Assist, DLSS Super Resolution …",https://www.nvidia.com/en-us/geforce/news/nvidia-app-update-g-assist-new-dlss-override-and-more/,"2 days ago · In a new NVIDIA app update that’s available now, we’ve expanded the functionality of our DLSS overrides, enabling you to fine tune image quality or boost performance for DLSS Super Resolution.","NVIDIA App Update Adds Project G-Assist, DLSS Super Resolution … 2 days ago · In a new NVIDIA app update that’s available now, we’ve expanded the functionality of our DLSS overrides, enabling you to fine tune image quality or boost performance for DLSS Super Resolution.",nvidia app update add project gassist dlss super resolution day ago new nvidia app update s available ve expand functionality dlss override enable fine tune image quality boost performance dlss super resolution,"['nvidia', 'app', 'update', 'add', 'project', 'gassist', 'dlss', 'super', 'resolution', 'day', 'ago', 'new', 'nvidia', 'app', 'update', 's', 'available', 've', 'expand', 'functionality', 'dlss', 'override', 'enable', 'fine', 'tune', 'image', 'quality', 'boost', 'performance', 'dlss', 'super', 'resolution']",3,"Topic 3: dlss, nvidia, app"
NVIDIA Blackwell GeForce RTX 50 Series Opens New ... - NVIDIA …,https://nvidianews.nvidia.com/news/nvidia-blackwell-geforce-rtx-50-series-opens-new-world-of-ai-computer-graphics,"Jan 6, 2025 · NVIDIA today unveiled the most advanced consumer GPUs for gamers, creators and developers — the GeForce RTX™ 50 Series Desktop and Laptop GPUs.","NVIDIA Blackwell GeForce RTX 50 Series Opens New ... - NVIDIA … Jan 6, 2025 · NVIDIA today unveiled the most advanced consumer GPUs for gamers, creators and developers — the GeForce RTX™ 50 Series Desktop and Laptop GPUs.",nvidia blackwell geforce rtx series open new nvidia jan nvidia today unveil advanced consumer gpu gamer creator developer geforce rtx series desktop laptop gpu,"['nvidia', 'blackwell', 'geforce', 'rtx', 'series', 'open', 'new', 'nvidia', 'jan', 'nvidia', 'today', 'unveil', 'advanced', 'consumer', 'gpu', 'gamer', 'creator', 'developer', 'geforce', 'rtx', 'series', 'desktop', 'laptop', 'gpu']",0,"Topic 0: nvidia, rtx, gpu"
NVIDIA Delivers Quantum Leap in Performance ... - NVIDIA …,https://nvidianews.nvidia.com/news/nvidia-delivers-quantum-leap-in-performance-introduces-new-era-of-neural-rendering-with-geforce-rtx-40-series,"Sep 20, 2022 · NVIDIA today unveiled the GeForce RTX ® 40 Series of GPUs, designed to deliver revolutionary performance for gamers and creators, led by its new flagship, the RTX 4090 GPU, with up to 4x the performance of its predecessor.","NVIDIA Delivers Quantum Leap in Performance ... - NVIDIA … Sep 20, 2022 · NVIDIA today unveiled the GeForce RTX ® 40 Series of GPUs, designed to deliver revolutionary performance for gamers and creators, led by its new flagship, the RTX 4090 GPU, with up to 4x the performance of its predecessor.",nvidia deliver quantum leap performance nvidia sep nvidia today unveil geforce rtx series gpu design deliver revolutionary performance gamer creator lead new flagship rtx gpu x performance predecessor,"['nvidia', 'deliver', 'quantum', 'leap', 'performance', 'nvidia', 'sep', 'nvidia', 'today', 'unveil', 'geforce', 'rtx', 'series', 'gpu', 'design', 'deliver', 'revolutionary', 'performance', 'gamer', 'creator', 'lead', 'new', 'flagship', 'rtx', 'gpu', 'x', 'performance', 'predecessor']",4,"Topic 4: nvidia, geforce, driver"
