id,title,selftext,score,created_utc,subreddit,url
1jlbk2n,$ARQT – This Skincare Stock looks like it’s About to “Glow” TF Up… Anyone somewhat versed in biotech have a take on this?,"From what I’ve dug up, here are the key positives that stood out to me:

	•	ZORYVE is ALREADY FDA-approved for plaque psoriasis (aka when your skin goes full rage mode and is more common than you might think).
	•	Seborrheic Dermatitis approval hit in December 2023 — another BIG “W” on the board.
	•	NDA filed for Atopic Dermatitis — a third potential market expansion coming.
	•	Phase 3 trials? A MASSIVE 80.1% clinical success vs just 59.2% on placebo. p-value < 0.0001 — statistically this is EXTREMELY GOOD!
	•	$410M cash on hand = plenty of runway without at all needing to dilute right away.
	• (the best part) is the Tiny market cap. Meaning absolute Massive potential TAM. Feels like the Nvidia of creams !

⸻

So what does $ARQT actually do?

They’re not selling drugstore moisturizer. ZORYVE is a prescription topical that takes on plaque psoriasis like it owes you money — and the FDA already said “bet.”

Now they’re going after two more conditions:
	•	Seborrheic Dermatitis (aka dandruff that thinks it’s in Antarctica)
	•	Atopic Dermatitis (eczema’s crusty cousin)
	•	Plaque Psoriasis (already approved)

If ZORYVE gets the full skincare trilogy approved, it’s not just grabbing market share — it’s straight-up leveling into category dominance.

⸻

The science is actually wild.
	•	STRATUM Phase 3 numbers: 80.1% success vs 59.2% placebo.
	•	p < 0.0001 — hard to get cleaner than that.
	•	Side effects? Light. Nothing weird. Nobody turned into a lizard.

This is the kind of data that doesn’t just look good — it drives adoption and regulatory wins.

⸻

Cash game is strong:
	•	$410M cash balance.
	•	Been strategic with funding: loans, controlled offerings, and minimal dilution so far.
	•	Not out here pulling a Fyre Festival like some of these biotech penny plays.

Yeah, they’ll raise more eventually — it’s biotech — but they’ve been playing it smart.

⸻

The Setup:

This isn’t just lotto-ticket biotech hoping for a moonshot. This is:
	•	Real FDA wins.
	•	Solid data.
	•	Multiple upcoming catalysts.
	•	A huge addressable market.

Total potential market across all three conditions? ~$5B. And ARQT’s current market cap is under $300M. Even modest adoption makes the upside look asymmetric.

⸻

If I had to meme this stock:
	•	If CeraVe and Pfizer had a baby and raised it on Reddit.
	•	If skincare became a biotech powerhouse with real data.
	•	Basically: topicals with top-tier upside and none of the MLM vibes.

⸻

Final thoughts:

The market hasn’t caught up yet. Could be early. Could be noise. But this feels like a rare combo: strong science, regulatory tailwinds, and financial breathing room.

Definitely some volatility ahead (it’s biotech, not Costco stock), but if they land that next approval?

Smooth skin. Smoother gains.

What am I missing? Anyone deeper into pharma see red flags here?
",0,2025-03-27 18:54:35,stocks,https://www.reddit.com/r/stocks/comments/1jlbk2n/arqt_this_skincare_stock_looks_like_its_about_to/
1jl961n,I suck at gambling.,Thought I had some good plays. But all losers. Stings. ,93,2025-03-27 17:15:56,wallstreetbets,https://i.redd.it/8bnxdqoim9re1.png
1jl42fc,NVDA has a problem and its a good one," NVDA has a demand problem. 

""Reuters Reported H3C Warns NVIDIA H20 AI Chip Stocks Nearly Depleted, Said New Shipments Due Mid-April; Will Allocate Supply Based On Profit Margins""


NVDA 's p/e ratio and peg ratio are far too low when compared with peers and, as such, NVDA. both a rapid growth stock and best in class stock , is now a value stock as well. Rare to catch such a high quality stock trading at a discounted valuation. When it starts up, it will drag the shorts higher , kicking and screaming .

edited to add this : 

""NVDA is oversold, and i'll make this argument for why.

The company can't keep up with demand , both here and in China , and that is the best problem you can have in business.

Nvda is debt free and enjoys very high margins and is putting tens of billions of dollars on the bottom line quarterly.

if that wasn't enough, it is leading the way in ai with inroads into healthcare , robotics, autonomous driving, and quantum  ""


",265,2025-03-27 13:36:04,wallstreetbets,https://www.reddit.com/r/wallstreetbets/comments/1jl42fc/nvda_has_a_problem_and_its_a_good_one/
1jks3yb,"Remember the ""AI bubble"" panic of early 2024?","It's amazing how quickly sentiment shifts in the market.

Just 5-6 months ago, everyone was convinced AI stocks were in a massive bubble about to burst. NVIDIA was ""obviously overvalued"" at $700 after its incredible run. AMD was ""too expensive"" at $170. Microsoft and Google were ""wasting billions"" on AI with ""no clear path to monetization."" Market commentators were predicting a massive tech sell-off and rotation into value stocks.

Goldman Sachs warned about ""excessive speculation"" in AI names. Jim Cramer was telling people to take profits. Reddit was flooded with posts about how the AI trade was ""too crowded"" and how smart money was ""already getting out.""

Sentiment was especially negative around NVIDIA. After a 200% gain in 2023, analysts claimed there was ""no way"" the company could maintain its growth. The ""peak AI"" narrative was everywhere. Semiconductor shortages would limit growth. Competition would erode margins. Enterprise AI adoption would be slower than expected.

Even the most bullish NVIDIA investors were nervous when the stock briefly dipped 15% in April. The financial media was filled with headlines like ""Is the AI trade finally unwinding?"" and ""Tech bubble 2.0 begins to burst.""

And then... the market did what it always does. Earnings came in stronger than expected. Microsoft reported massive growth in Azure AI. Google's AI investments started showing signs of paying off. NVIDIA's guidance crushed expectations yet again. AMD showed their AI initiatives were gaining serious traction.

By summer, NVIDIA had pushed past $1,000, AMD was setting new highs, and suddenly the ""obvious bubble"" narrative disappeared. Now the same analysts who called for a correction are raising price targets and explaining why they always believed in the AI revolution.

The lesson, as always: market sentiment is fickle, but fundamentals eventually win. When everyone is panicking about a sector being ""obviously overvalued,"" that's often when the real money is made by those who look past the short term noise.

So remember this the next time a sector has an incredible run and everyone starts calling for its collapse. The market rarely does what everyone expects it to do.",0,2025-03-27 01:08:10,investing,https://www.reddit.com/r/investing/comments/1jks3yb/remember_the_ai_bubble_panic_of_early_2024/
1jkryfy,$VTS Vitesse Energy my exotic plan to a 10 baggers (maybe),"Ok, You crayon eaters probably have your eyes on Tesla or Nvidia and can't decide if it will be -10% or +10% tommorow...
But let me tell you, high volatily means high contract price and this is exactly what you don't want, whats the point ? You want to be that guy and cash out a 2 baggers out of a 30% intraday move on LUNR ? Non sense !

So i was digging up, looking for the next under the radar big movers and i think I've got something.

VITESSE ENERGY, a non-operating gas and oil company. 

let me explain, recently they posted earning wich missed big time due to their recent acquisition of Lucero energy. At the same they issued their quartermy dividend and the whole market was panik red.

You get the point, they were ""unrightfully"" oversold.

So my theory is that it can, in a matters of month rebound to a price around 26-27 due to these :

1- oversold yet fundamentals are good

2- in case of uncertain and bearish market investor tend to like energy stock and you can see a rise in volume

3- they focus on domestic production wich can be boosted by the tax war, focus on april 2

4- 90% of reddit talk about Raw material or some goofy biotech with the 35th potential cure for cancer or whatever

5- insiders are stock pilling like crazy

Position : 400 april-17 25c  snatched at 0.13ct not selling until 10 baggers, might revise depending on momentum and market.
I recomend going on a longer date now that monday was a big green stick

Disclaimer : not a financial advise







",21,2025-03-27 01:00:41,wallstreetbets,https://www.reddit.com/gallery/1jkryfy
1jkqlat,Down on every trade,,223,2025-03-26 23:55:21,wallstreetbets,https://i.redd.it/xy3w6dryg4re1.jpeg
1jkq6eg,"$NVDA Nvidia getting ensnared in the U.S.-China trade dispute is a negative development,” said Gil Luria, a D.A. Davidson analyst","Nvidia, with its massive AI data-center business, is becoming increasingly caught in the middle of the trade war between China and the U.S., and it has the biggest business in China of the three companies. According to Bernstein Research analyst Stacy Rasgon, Nvidia’s fiscal 2025 total revenue in China was about $17 billion, including data centers, automotive and networking. He estimates China data centers alone contributed about $12 billion.

As we know AI technology relies on GPU, some stocks like $BIDU, $AIFU, $MRVL, $TCEHY, $TSM may get influenced. 

“China is an important market,” Rasgon told MarketWatch, but at its highest level, it’s only been about 13% of Nvidia’s revenue. China contributes about 5% of the company’s earnings per share, he added.",165,2025-03-26 23:36:32,wallstreetbets,https://www.reddit.com/r/wallstreetbets/comments/1jkq6eg/nvda_nvidia_getting_ensnared_in_the_uschina_trade/
1jko8nl,How do you manage stress during market like these.,"The deepest my portfolio was March 11 when I repositioned everything on tech stock, mainly NVIDIA MU SMCI AMD, Energy is Vistra and CEG. 

It recovered slowly up to March 25 then just today almost everything got wiped again back to near March 11 values. I always think that the bottom can be in and did not expect more pain ahead. How do you navigate through times like this I'm kinda lost alone handling my family portfolio. My Averages are during the correction territory, 2 days ago QQQ and Nasdaq were up but these stocks didn't gain much and lost a lot of value today. ",8,2025-03-26 22:11:24,stocks,https://www.reddit.com/r/stocks/comments/1jko8nl/how_do_you_manage_stress_during_market_like_these/
1jkm54o,Rate my portfolio. All in M1,"Tech heavy, but that's where GDP growth will come from in the future. It's a lot of companies, but I really like all of them.

$BRK.B 9%
$BLK 9%
$ASML 8%
$TSM 8%
$AMZN 5%
$AAPL 5%
$KO 5%
$XSD 5%
$VGT 5%
$MGK 5%
$APO 4%
$NVDA 4%
$STT 4%
$GOOGL 3%
$AXP 3%
$MSTR 3%
$WMT 3%
$GS 2%
$JPM 2%
$KKR 2%
$PLTR 2%
$SLB 2%
$UNP 2%",0,2025-03-26 20:42:07,investing,https://www.reddit.com/r/investing/comments/1jkm54o/rate_my_portfolio_all_in_m1/
1jkil37,Reallocating Funds. How should I invest for the next 10 years to retire early?,"Goal: Retire in 10 years, living modestly on dividends

I began investing in March, 2020. Had about $60k in my savings account and knew nothing about investing. Got bored during Covid and started my investment journey, just randomly picking individual stocks. 

In June of 2020, I read an article about Mercedes-Benz partnering up with a company that I had never heard of before to power their automated driving functions. At the time, my thought was if a company like Mercedes-Benz trusts this company, I should as well. So at the time, I randomly invested $500 in the company, NVDA. Over the next few months I would buy a few hundred dollars worth here and there. As of yesterday, I had invested a total of around $27000 over the years, and the value had grown to about $136000. I had accumulated 1,152 shares after the splits. Yesterday, I sold 850 shares for $102,000.

Now, my goal is to retire in 10-15 years. This will give me 20-25 years of service towards my pension. I currently make $104k a year, which should equate to about $4500 for my pension when I reach retirement age. I have no debt and no kids. 

So my goal is to re-invest the $102000 in safer ETFS with the goal of converting these to income based investments when I decide to retire at 45 or 50 years old.  I currently invest $1k per month in my brokerage, $1k a month in my 403b, $585 a month in my rothIRA, and $100 in my 457b. 

If you were me, with my goal of retiring in 10 years, how would you go about doing this?

My current thought is this: Invest $50k in voo, $30k in VGT or IYW, and invest $20k in JEPQ. (I know I will owe around $13k in taxes for the gains on NVDA). Then I was thinking that I should stop investing in my 403b, and instead invest $2000 per month in additional JEPQ and let it drip. Ive run the numbers on dripcalc and even if there is no dividend growth and JEPQ stays flat, this initial $20k plus $2000 a month for 10 years should leave me with around $49000 annually in dividends before taxes, which would be plenty to live off of in SE Asia, where I plan to move. My investments in VOO and VGT could sit there and compound. With the addition of my pension and hopefully SS, I should be set for life when I reach 60 years old, with a monthly income around $7k not including the gains in my Roth and from VOO/VGT in my brokerage that I would likely convert to SCHD when I reach 60 years old as well. 

Thoughts? Should I invest the $2k per month in VOO/VGT instead of JEPQ for the next 10 years to focus on growth and not have the tax burden? Should I continue investing in my 403b to lower my taxable income even though my goal is to gain as much income as possible to live off of from the ages of 45-60? ",1,2025-03-26 18:16:34,investing,https://www.reddit.com/r/investing/comments/1jkil37/reallocating_funds_how_should_i_invest_for_the/
1jkbugr,NVDA 110 and 120 5/16 cash secured puts (6th time writing NVDA puts),"NVDA is down 1.8% premarket at the time I am publishing this.

Over the last two days, I rolled 30 of 40 NVDA 5/16 110 csps (cash secured puts) to NVDA 5/16 120 csps and received an additional $11k premium. Wrote another 30 NVDA 5/16 110 csps for $9k premium. Altogether 40 NVDA 5/16 110 csps and 30 NVDA 5/16 120 csps for a total of $35k premium. I picked the expiration to be one week before earnings so the premiums are not inflated by earnings and I would like to have the option to make another earnings play if the price is around $120.

After factoring in premiums, the average cost to purchase is $105 and $115 respectively. I picked $110 and $120 because NVDA’s lower range is around $110 and upper range is around $140, so in the worst case (of my) scenario, I would be purchasing NVDA at the lower end of the range. If I’m wrong, then NVDA is a good stock to hold long term.

I don’t need to bore anyone to list all of the reasons NVDA is a buy including exploding need and revenue from data centers; just beginning to scratch surface on AI in automobiles/partnership with AI companies; growing domestic revenue (47% 63B revenue) that won’t be impacted by AI restrictions…

Worst case scenario, NVDA tanks below $110 and I am forced to buy 7,000 more shares. In that case I will just hold on to a stock that I am confident will double in 5 years. Best case scenario for me is if the price remains in the 129 range and I will get to write puts again (6th time) and continue to collect premiums.

",83,2025-03-26 13:31:57,wallstreetbets,https://www.reddit.com/gallery/1jkbugr
1jkbnag,Interesting Stocks Watchlist (03/26) - GME follows MicroStrategy's Strategy,"Hi! This is a daily watchlist for short-term trading: I might trade all/none of the stocks listed, and even stocks not listed! I am targeting potentially good candidates for short-term trading; I have no opinion on them as investments. The potential of the stock moving today is what makes it interesting, everything else is secondary.

News: [Trump Says Tariffs Coming In April Will Probably Be More Lenient Than Reciprocal](https://www.cnbc.com/2025/03/26/trump-says-tariffs-coming-in-april-will-probably-be-more-lenient-than-reciprocal.html)

[**GME (GameStop)**](https://finviz.com/quote.ashx?t=GME&p=d) **-** Reported earnings, EPS of $0.29 vs $0.08 expected. EPS beat estimates, and the company announced it would integrate Bitcoin into its treasury reserve. This confirms prior speculation tied to Ryan Cohen’s meeting with Strategy’s chairman. **This is a massive catalyst** solely based on the fact that if GME buys enough of the CC, we may see it trade at a premium the same way as MSTR does. (MSTR usually trades at a 2x valuation to the amount of CC it holds.). Volatility in the CC market could create swings in reported earnings, but makes GME easier to track price-wise. The core retail business still saw a 28% Y/Y decline in sales which is somewhat of a red flag. Biased positive.

**Related Tickers:** MSTR, COIN

[**TSLA (Tesla)**](https://finviz.com/quote.ashx?t=TSLA&p=d)\- Second day of straight gains, with shares up 3.5% after a close to 50% selloff. I'm Interested in $290 level after failing to break above it in the premarket. EV sentiment remains mixed for TSLA going forward- despite weakness in European sales, investor sentiment appears to be shifting positive. Sales in Europe fell 40% Y/Y, and Canada’s EV rebate freeze adds regulatory actions into the mix. BYD is also close to overtaking TSLA, so I still don't consider this investible for the long-term (but it is tradable).

[**DLTR (Dollar Tree)**](https://finviz.com/quote.ashx?t=DLTR&p=d)**-** DLTR will divest its Family Dollar segment for \~$1B to Brigade Capital and Macellum, a massive markdown from the $9B it paid in 2015. The stock reacted fairly positively on this news, mainly because DLTR has been struggling since COVID. This move is an effort to clean up the balance sheet and refocus on the core business. The market probably views this favorably in the face of tariffs - less potential exposure to Family Dollar inevitably underperforming.

**Related Tickers:** DG

[**NVDA (NVIDIA)**](https://finviz.com/quote.ashx?t=NVDA&p=d)\- New energy rules in China disqualify NVDA's exportable H20 chip, threatening near-term revenue from a key market. Seen a minor selloff in NVDA of roughly $2, interested to see if we sell off more at the open. China’s energy mandates are squeezing data center hardware providers, forcing chipmakers to adapt or lose access to the market. Having the H20 not be usable is a huge blow to NVDA's revenue, as it makes up close to 10% of their revenue in 2024. More regulation or bans could further limit access to Chinese demand, other chipmakers, etc. This DOES seem targeted to have Chinese companies focus on

**Related Tickers:** AMD, INTC, QCOM",17,2025-03-26 13:22:12,stocks,https://www.reddit.com/r/stocks/comments/1jkbnag/interesting_stocks_watchlist_0326_gme_follows/
1jk5bl5,"Google is the most innovative, technologically advanced out of all the Mag 7 companies","TPU, Phones, Self Driving, LLMs, Narrow AI applications, Search Engine, Cloud. 

It has its fingers in almost all pies except for e-commerce. 

Nvidia- Chips (TPU)
Meta- Social media (YouTube) 
Tesla- FSD (Waymo)
Microsoft- Business productivity (Google suite)
Amazon- Cloud (GCP)
Netflix (Was FAANG)- Streaming (YouTube)
Apple: Iphones (Pixel)

And it is no slacker in these categories. Google just released Gemini 2.5 pro yesterday which topped benchmarks and received really good reviews. Google is still the most innovative Mag 7 company today. 

Disclaimer: This is a buy call but I won’t be responsible for your losses. My retirement egg nest is in Google itself. ",390,2025-03-26 06:19:21,stocks,https://www.reddit.com/r/stocks/comments/1jk5bl5/google_is_the_most_innovative_technologically/
1jk2efe,When you buy stocks are you investing in the company directly and thus they benefit?,"For example lets say i didnt agree with Nvidia ethics, if i bought the stock am i buying it from Nvidia or from another investor?

When a company is private but they go public and have an initial offering, is that the only time where i would be investing in Nvidia directly?

Stocks only benefit the major shareholders right? Its why for example major investors of Tesla are wanting Elon to step away?",46,2025-03-26 03:16:20,investing,https://www.reddit.com/r/investing/comments/1jk2efe/when_you_buy_stocks_are_you_investing_in_the/
1jjwfvq,$23k Short term CALLS $56k Medium term PUTS,"I had the PuTS well before I had the calls. 
I bought 1/2 through the drop, early March and still holding. Though they were up 90%. Sold some shorter term PUTS that were up 300-400% but was only a few $thousand profit 

Recently bought short term calls to hedge against any U turns by Trump. And April generally being a great month on the market. 

But all the financial reports and indicators I am for the first time. Full Bear. Typically I just remove myself from markets during uncertainty and buy TQQQ when I expect low. But I think Us market has literally gone full regard. And we are in for a BiG April PuMp then realisation, then Big May-June Dump.",73,2025-03-25 22:32:46,wallstreetbets,https://i.redd.it/mcwrh7ebxwqe1.jpeg
1jjvzui,Stocks Close Higher for 3rd Straight Day; Tesla Surges in Late Trading to Extend Rally,"
Major indexes closed slightly higher Tuesday as the stock market continued its recovery from an extended selloff.

The S&P 500 and Nasdaq Composite added 0.2% and 0.5%, respectively, while the Dow Jones Industrial Average rose fractionally. Stocks had kicked off the week with big gains following news that President Trump could scale back some of the tariffs that are due to be imposed next week on U.S. trading partners. With the recent gains, the Dow has inched back into positive territory for 2025, as stocks have rebounded from a month-long selloff spurred by concerns about the potential impact of tariffs and uncertainty about the outlook for the economy.

Investors brushed off consumer confidence data released this morning that came in weaker than expected, with the index hitting its lowest level in more than four years. Investors are closing watching all data points amid worries that tariffs could reignite inflation and cause economic growth to stall. The big economic report of the week comes Friday with the scheduled release of the Federal Reserve's preferred measure of inflation.

The yield on the 10-year Treasury note, which had fallen during the recent stock market rout amid the growing concerns about the economy, was at 4.32% in late trading, down from 4.33% at yesterday's close and from an earlier high Tuesday of 4.37%. The yield, which affects costs on all sorts of loans, notably mortgages, hit its highest level in more than a month this morning.

Mega-cap technology stocks, which helped lead Monday's rally, were mostly higher again today. Shares of Tesla (TSLA) rallied late in the day to finish 3.5% higher, gaining ground for the 5th consecutive session, despite news Tuesday that the EV maker's sales in Europe continued to slide. Apple (AAPL), Alphabet (GOOG), Amazon (AMZN) and Meta Platforms (META) each rose more than 1%, while Microsoft (MSFT) inched ahead. Chipmakers Nvidia (NVDA) and Broadcom (AVGO) closed slightly lower



https://www.investopedia.com/dow-jones-today-03252025-11702763",38,2025-03-25 22:14:10,stocks,https://www.reddit.com/r/stocks/comments/1jjvzui/stocks_close_higher_for_3rd_straight_day_tesla/
1jjuhna,Slow and easy wins the race (with positions),"https://preview.redd.it/aqqnznyrhwqe1.png?width=1080&format=png&auto=webp&s=a07e0868c364bedd2929e2ed94a05a7209338f70

Its not much, but its honest work

Positions: currently ALL cash and eyeing some VIX plays next week with UVXY 

Most of this gain is from space stocks 

\- 10k ASTS@7 sold at 27

\- 10k RKLB@7 sold at 25

\- 10k LUNR@5 sold at 10 

\- RDW (don't remember positions but sold before it took a nosedive off a cliff a month ago) 

\- 10k BBAI@3 sold at 9

\- 7k SOFI@7 sold at 15

Some of my other apelike option plays were with AMD, NVDA and TSLA",67,2025-03-25 21:11:54,wallstreetbets,https://www.reddit.com/r/wallstreetbets/comments/1jjuhna/slow_and_easy_wins_the_race_with_positions/
1jjt9qf,Stop buying $TSLA puts,"Hello Regard,

I have consistently been buying $TSLA puts every time it pumps and made decent money but guys, this time it's different. A 13% pump simply due to ""softer tariffs"" makes no sense. $NVDA and the SPY have not been moving like $TSLA this past week. Again, a sudden pump to +4% just before closing is very sus. They are somehow managing to trap the retail virgin. How can a stock skyrocket 13% literally after they announce that they lost 44% sales in Europe? When $INTC reported an 8b loss, it lost 30% valuation in 30 minutes. Intuitive Machine($LUNR) lost 50% valuation because they didn't land something on the moon, idk.

At 3:05PM I noticed a 12M BUY Volume on $TSLA on my Robinhood App. The same thing happened yesterday on closing, someone bought 2M stock. This is not retail investor, This is Elmo and 🥭 cooking up some massive scam which is going to completely cook the retail investor and us, WSB Put buyers. I have made good money buying $TSLA puts but today I have made the cumulative decision to stay away from them. 

Elmo is planning something big and our PUTS will be fucked. 

I felt that one of us must address this problem and warn the others about Elmo.",4097,2025-03-25 20:22:12,wallstreetbets,https://i.redd.it/d2yx7b01awqe1.png
1jjrfid,Sector index fund or mutual recommendations  outside of tech and financial?,"Hi everyone right now I have the VFIAX admiral shares vanguard index and also have a portfolio with UBS consisting shares of Amazon, Apple, ITT Inc, Nvidia and United health.  Have over 1500 shares of Apple alone. Trying to diversify so I thought about some other great index funds within other sectors than Tech and finance. 

Any suggestions on some other great performing index funds or mutual funds in the areas of consumer, healthcare, industrials, communications, consumer defense, energy, real estate, basic material and utilities? Thanks so much!!",5,2025-03-25 19:07:39,stocks,https://www.reddit.com/r/stocks/comments/1jjrfid/sector_index_fund_or_mutual_recommendations/
1jjrbft,Sector index fund or mutual recommendations  outside of tech and financial?,"Hi everyone right now I have the VFIAX admiral shares vanguard index and also have a portfolio with UBS consisting shares of Amazon, Apple, ITT Inc, Nvidia and United health.  Have over 1500 shares of Apple alone. Trying to diversify so I thought about some other great index funds within other sectors than Tech and finance. 

Any suggestions on some other great performing index funds or mutual funds in the areas of consumer, healthcare, industrials, communications, consumer defense, energy, real estate, basic material and utilities? Thanks so much!!",0,2025-03-25 19:03:07,investing,https://www.reddit.com/r/investing/comments/1jjrbft/sector_index_fund_or_mutual_recommendations/
1jjr0iy,NVDA stock 125k $ invested in the top time,"What would you do if you invested 125k $ when stock price was 146$ with currently lose up to 22k $ , i mean what is the strategy to recover in such situation , i passed the phase of panicking and sure i would never sell as it is huge lose for me and i want to recover, but would it be just wait ? and for how long ? do u think it will cross 150 $ dollar this year ? i have bitcoin and i have the plan when to sell and buy but NVA is bit concerning me",0,2025-03-25 18:50:52,stocks,https://www.reddit.com/r/stocks/comments/1jjr0iy/nvda_stock_125k_invested_in_the_top_time/
1jj547j,Nvidia Quantum Day recap,,168,2025-03-24 23:17:30,wallstreetbets,https://v.redd.it/v223apid0qqe1
1jj49vf,Is it a good idea to put 1k in stocks if I only have ~12k in the bank?,"Title says it all more or less. I'm 26 soon, and I started investing this month. I've got three shares of SPLG, maybe 30 bucks in NVDA, 69 shares of a promising penny stock — I've made about 6 usd so far and I figure that's because I'm not investing enough. I'd rather log in and see I've made like 100 usd. Anyway, what do you all think? Do I toss in 1k or do I just continue to slowly add cash during pay day/invest instead of idly spend on coffee and treats and etc.",136,2025-03-24 22:42:03,stocks,https://www.reddit.com/r/stocks/comments/1jj49vf/is_it_a_good_idea_to_put_1k_in_stocks_if_i_only/
1jiyfuz,NVDA $15k YOLO — NOT SELLING TILL WE HIT ATH AGAIN,Recession cancelled,190,2025-03-24 18:48:28,wallstreetbets,https://i.redd.it/rfeitp1eooqe1.jpeg
1jixx9v,Opening an individual brokerage account,"So I already have a 401k that is broadly diversified. It’s in US index funds, international stocks, bonds, real estate, etc. It’s gotten a lifetime rate of return just above 8.5% since its inception. I get a 100% match up to six percent and I put in a little more than that (7%). I started it when I was in my early 20s and now that I’m mid thirties it has a healthy balance albeit I’m not maxing out contributions, only slightly more than enough to get my full match.

I also take advantage of my company stock purchase plan and get a 15% match up to a certain dollar amount. I just started doing this within the past year. 

I do have an emergency fund. It could be larger but has two months of expenses saved up. 

I thought about opening up an individual brokerage account (like Robinhood or Fidelity) to start a third investment. For two reasons:

1. It allow me to access the money sooner than 59 and a half if I were to ever need/want to. So travel, home repairs, supplement possible early retirement etc. However it wouldn’t be unless I really needed to access it. 

2. I could pick stocks/index funds I really want to invest in, or avoid those I don’t want. My 401k does invest minorly in oil companies and Tesla. I prefer to avoid these if at all possible and could either pick several companies I like (Microsoft, Apple, Google, NVDA, etc.) and invest in them. Hoping tech might outperform my more diversified 401k. 

It seems my 401k already invests in broad index funds like BlackRock Russell 1000 index fund. So investing in the S&P 500 seems like it would be redundant, no?

It wouldn’t be a lot of money a month. I’d continue to add to my HYSA emergency fund more, but throw some spare money (say $50-$100 a month) at a brokerage account just to see what happens? Or am I better off just putting the money in my 401k due to the tax advantage? Currently the bulk of my 401k is in a pretax account but I have a small (and growing) portion in a Roth 401k. 

My ultimate goal is to build wealth, but I’d like flexibility as well. ",2,2025-03-24 18:28:23,investing,https://www.reddit.com/r/investing/comments/1jixx9v/opening_an_individual_brokerage_account/
1jhg8n8,Honest question from long term investor,"I’ve been a long term investor for decades. I’m in solid stocks including the M7. My question, “Should I pull out of at least my M7 (already cashed out TSLA) from the market to cash and reenter well after April 6th?”  So at this point I’m up on all my long term stocks ranging from 39% to 167% as I’ve been is a long time. So nothing would be at a loss. I just feel we are facing a man made intentional potential crash of US stocks. Could be short term or long term. One issue, I’m also near retirement age so I don’t have 20 years to wait for a correction. 
Let me further say all my eggs are not in one basket. I’m fully diversified with only 1/3 of my liquid assets in stock. Because of my age 2/3 is in very safe such as CD’s near 5%. Also 2 houses paid off, nice car paid off, zero debt on credit cards paid off monthly. 
But I can’t make a misstep. My portfolio will be 1/2 of the income I will rely on for income in a few years. 


I know we are not supposed to make rash decisions based on “feelings” but it’s more than that, I’m reading nonstop everything about this market and as an older person I feel like I’m seeing a potential 2008 all over again. I wisely went cash then. And in 2010 bought my house for only  42% of it was valued in 2006. Now it’s worth 5 times what I paid for it. 

So anyone who has weathered a few markets, what’s your take? Is cashing out Apple,Amazon,NVDA for instance a crazy move right now? ",29,2025-03-22 19:17:09,stocks,https://www.reddit.com/r/stocks/comments/1jhg8n8/honest_question_from_long_term_investor/
1jhaxzj,Took my Nvidia gains after 3 years of holding shares.,"https://preview.redd.it/iemihvrce9qe1.png?width=1569&format=png&auto=webp&s=bcf9e7e582bbd1eb2c1c1de930a57622090e22f1

Life happened. Needed the funds. The shares were bought at now post splits pricing of $.43. Oh well.",2520,2025-03-22 15:26:30,wallstreetbets,https://www.reddit.com/r/wallstreetbets/comments/1jhaxzj/took_my_nvidia_gains_after_3_years_of_holding/
1jgsi2e,"Thoughts on META, HOOD, AMD?","META (bullish)

* At 25 PE, its reasonably priced.
* META is its own customer for all the AI investment unlike MSFT, AMZN
* Whatsapp is huge in India. Meta can introduce LLAMA based products for Whatsapp for business which will help monetize Whatsapp
* Most people use Insta, Facebook.
* Downsides: Ad spend will be hurt during recession. Too much selling from Mark. Company itself decided not to do buyback atm

HOOD (bullish)

* Around 27 PE (though last quarter included one time boost). Actual PE should be around 35. 
* Clean app first approach compared to Schwab, Fidelity etc
* One stop shop for Stocks, Options, Crypto, Sports betting

AMD (Bearish)

* Stock is stuck in the middle. Hyperscalers either pay for expensive NVDA or cheaper self made chips. AMD seems to be stuck in the middle and the value prop is not convincing. (not as good as NVDA, not as cheap as your home made chips) 
* AMZN said noone wants AMD stuff
* AVGO has secured #2 spot with demand for custom AI chips
* NVDA itself is going down. From 75 PE last year it has dropped to almost 35 PE. With threats from deep seek, MSFT shutting down data centers we can feel AI boom is starting to slow down",0,2025-03-21 21:47:33,stocks,https://www.reddit.com/r/stocks/comments/1jgsi2e/thoughts_on_meta_hood_amd/
1jgp3q5,Why is trading stocks in America so much better than elsewhere in the world?,"I live in Europe and have always dreamt of trading stocks since I discovered it on social media. I have to pay many different fees and more taxes on stocks like (Foreign exchange fees, broker fees, high taxes and even higher on dividends + unfriendly stock and investing country laws.) and it's very frustrating, especially if I want to buy US based stocks with dollars.

In my country there's no such thing as long term or short term capital gains tax. You pay 27% tax on around $9000 profits per year and 42% on above that which is ridiculous. 

If the average person wants to build large amount of wealth safely and retire comfortably, investing in the US stock market is a great option and It's been more accessible to us Europeans recently and I'm very grateful for that.

Stocks arguably have been more known to the average American and accessible to them than elsewhere in the world, why? 

Why is the US🇺🇲 so much more friendly and encouraging on trading and investing in stocks? Way more brokerage options with less fees, less taxation, great retirement- programs and laws on stocks and (401k, Roth IRA, long term capital gains tax = less taxes) no foreign exchange fees since the largest traded stocks are US based companies in the largest stock exchanges that use $ dollars. (Microsoft, Nvidia, Apple, Google, Amazon etc. in NYSE AND NASDAQ)",0,2025-03-21 19:21:56,investing,https://www.reddit.com/r/investing/comments/1jgp3q5/why_is_trading_stocks_in_america_so_much_better/
1jgoazp,Why is trading stocks in America so much better than elsewhere?,"I live in Europe and have always dreamt of trading stocks since I discovered it on social media. I have to pay many different fees and more taxes on stocks like (Foreign exchange fees, broker fees, high taxes and even higher on dividends + unfriendly stock and investing country laws.) and it's very frustrating, especially if I want to buy US based stocks with dollars.

In my country there's no such thing as long term or short term capital gains tax. You pay 27% tax on around $9000 profits per year and 42% on above that which is ridiculous. 

If the average person wants to build large amount of wealth safely and retire comfortably, investing in the US stock market is a great option and It's been more accessible to us Europeans recently and I'm very grateful for that.

Stocks arguably have been more known to the average American and accessible to them than elsewhere in the world, why? 

Why is the US🇺🇲 so much more friendly and encouraging on trading and investing in stocks? Way more brokerage options with less fees, less taxation, great retirement- programs and laws on stocks and (401k, Roth IRA, long term capital gains tax = less taxes) no foreign exchange fees since the largest traded stocks are US based companies in the largest stock exchanges that use $ dollars. (Microsoft, Nvidia, Apple, Google, Amazon etc. in NYSE AND NASDAQ)",0,2025-03-21 18:48:27,stocks,https://www.reddit.com/r/stocks/comments/1jgoazp/why_is_trading_stocks_in_america_so_much_better/
1jgg53d,NVIDIA stock drop — could it finally be fairly priced?,"With the recent drop in NVIDIA’s stock, I’ve been wondering if the valuation is starting to make more sense. It’s still trading at a premium, but maybe not as insane as it was before.

I saw a video earlier that argued it's actually fairly priced now, assuming 20% annual growth for the next five years. Not sure I buy that part — seems a bit optimistic to me.

I know they have been doing huge growth so far, but the company is already a giant and I feel like at some point the growth has to slow down.

Curious what others think: do you think this could be a legit buying opportunity or still too expensive for what you're getting?

Video link - https://www.youtube.com/watch?v=HLGppDndDCI",0,2025-03-21 12:54:48,investing,https://www.reddit.com/r/investing/comments/1jgg53d/nvidia_stock_drop_could_it_finally_be_fairly/
1jgfz7j,These are the stocks on my watchlist (03/21) - NVDA entering Quantum Computing!,"Hi! I am an ex-prop shop equity trader. This is a daily watchlist for short-term trading: I might trade all/none of the stocks listed, and even stocks not listed! I am targeting potentially good candidates for short-term trading; I have no opinion on them as investments. The potential of the stock moving today is what makes it interesting, everything else is secondary.

News: [London's Heathrow Airport Shut Friday Due To Power Outage](https://www.bloomberg.com/news/articles/2025-03-21/london-s-heathrow-airport-shut-friday-due-to-power-outage)

Overall, mainly earnings today.

[**NKE (Nike)**](https://finviz.com/quote.ashx?t=NKE&p=d) \- EPS of $0.54 vs. $0.30 expected. Revenue of $11.3B vs. $11.02B expected. Despite beating expectations, sales/profits declined YoY in NA/China/Online. NKE gave a negative earnings outlook, and stated Q4 revenue would decline low-to-mid-teens (10-15%), mainly due to margin pressure from new tariffs. Pretty brutal move. I remember earnings from last year were pretty bad mainly due to weaker demand in China/Online segments. Overall a victim of tariffs, I don't consider this investible for now but things will change if we get any new news regarding tariffs, which are the main headwinds here. IIRC 25% of NKE's shoes are made in China.

[**NIO**](https://finviz.com/quote.ashx?t=NIO&p=d)**-** Revenue of $2.7B in Q4 2024. Vehicle deliveries rose 45.2% YoY (including Onvo vehicles). Net loss widened to RMB 7.11B, a 32.5% YoY increase. Despite the increase in cars sold, they suffered a loss of \~$1B. They've never been profitable since they've started, so reading a little deeper into their reports, there's still concern about liquidity due to current liabilities being higher than current assets this year (a very bad sign when you want to borrow). They cited EV demand in China remains strong, especially in the premium BEV segment. NIO holds a 40% market share in the $40K-$50K car segment (I'm rounding here after conversion).

[**NVDA (NVIDIA)**](https://finviz.com/quote.ashx?t=NVDA&p=d)**/Quantum Computing stocks**\- Announces that they will be building a quantum lab in Boston. This has moved all the quantum computing stocks to the downside- obviously NVDA has market power in whatever industry they want to enter and compete in and most companies interested in quantum computing will likely prefer their services over the rest of the smaller players. Was the ""quantum computing is a decade away"" comment a brutal play to make the quantum computing sector weaker before his entry? If so, then bravo, that's Game of Thrones worthy scheming.

[**AAL (American Airlines)**](https://finviz.com/quote.ashx?t=AAL&p=d)**,** [**UAL (United Airlines)**](https://finviz.com/quote.ashx?t=UAL&p=d)**,** [**JBLU (JetBlue Airways)**](https://finviz.com/quote.ashx?t=JBLU&p=d)\- London Heathrow fire triggered power outage, delaying around 1,300 flights. Operational impact could cause a minor selloff in airlines that have heavy presence there. Nothing too interesting I'm watching, but I think it's worth noting if we see continued slowdowns and ripple effects from this.  Delays and reroutes raise operational costs (like we saw in the CRWD outages affecting airlines last year).",15,2025-03-21 12:46:16,stocks,https://www.reddit.com/r/stocks/comments/1jgfz7j/these_are_the_stocks_on_my_watchlist_0321_nvda/
1jg4qgf,Short sellers have made $15 billion betting against Tesla and Nvidia in 2025,"Short sellers have been cleaning up to start 2025 amid a massive sell-off in some of the market's most popular names over the past two years.

Short sellers have made a combined $15 billion betting against Nvidia (NVDA) and Tesla (TSLA) stock thus far this year, according to data from S3 Partners. Tesla shorts alone have raked in nearly $11 billion, while bets against Nvidia have brought in more than $4 billion.

Tesla's 40% year-to-date drop has led the declines of the so-called Magnificent Seven stocks. Investors have grown concerned about CEO Elon Musk's focus on government efficiency efforts and how his role with President Trump's administration could be a turnoff to the electric vehicle maker's customer base.

But it hasn't just been Tesla lagging. As an index, the Magnificent Seven — which also includes Apple (AAPL), Alphabet (GOOGL, GOOG), Microsoft (MSFT), Amazon (AMZN), and Meta (META) — is underperforming the S&P 500 this quarter by the most since 2022.

Short sellers have profited off of all of the names in the cohort this year. They've brought in nearly $5 billion betting against Apple stock, which is down nearly 14% in 2025.

The crash in the most popular trade of the past two years comes as investors have been re-rating their growth expectations. Fears of slowing economic growth and the impact of Trump's tariff policies have weighed on markets. Meanwhile, Big Tech has faced growing investor criticism about its ballooning AI spend and whether or not it will eventually boost future profits as much as Wall Street hopes. The year also included a massive drawdown in some large tech names, including Nvidia, following the release of a cheaper AI model from Chinese company DeepSeek.

Now, with most of the names sitting around 20% off their recent 52-week highs, the looming question for markets is whether or not investor appetite for the stocks that led the market higher for the past two years will return.

""Maybe these tech stocks got ahead of their skis a little bit,"" BMO Capital Markets chief investment strategist Brian Belski told Yahoo Finance last week. ""But at the end of the day, these are monster companies that define the growth trajectory for the United States stock market. They are not going away.""

[https://finance.yahoo.com/news/short-sellers-have-made-15-billion-betting-against-tesla-and-nvidia-in-2025-164652312.html](https://finance.yahoo.com/news/short-sellers-have-made-15-billion-betting-against-tesla-and-nvidia-in-2025-164652312.html)",558,2025-03-21 00:54:15,stocks,https://www.reddit.com/r/stocks/comments/1jg4qgf/short_sellers_have_made_15_billion_betting/
1jfwdvh,Nvidia CEO Says He Was Surprised That Publicly Held Quantum Firms Exist,"(Bloomberg) -- Nvidia Corp. Chief Executive Officer Jensen Huang said he didn’t realize there were publicly traded quantum-computing companies when he made earlier comments that caused industry stocks to crash.

“My first reaction was, I didn’t know they were public. How can a quantum company be public?” Huang said at an event Thursday focused on the still-nascent technology.

The executive had said in January that “very useful” quantum computers are probably decades away, causing shares of IonQ Inc. and other companies to tumble. Thursday’s event — part of Nvidia’s weeklong GTC conference — invited some of those very companies on stage to discuss their prospects with Huang.

The quantum-computing industry aims to use the unique properties of subatomic particles to process data much faster than traditional semiconductor-based electronics. The technical difficulties of building practical systems have meant that the field is still in an experimental stage. In addition to quantum upstarts, companies such as Microsoft Corp. and Alphabet Inc.’s Google are also trying find practical uses for quantum systems.

The companies on stage at Thursday’s event included IonQ and D-Wave Quantum Inc. Huang said it was natural for this new form of computing to take many years to develop since it was so novel. The companies might be able to convince him that quantum computing is happening more quickly than he expected, he said. “But I don’t know,” he joked.

“This whole session is going to be like a therapy session for me,” he said.

The six company leaders on stage gave him a variety of answers. Some argued that quantum computers are already in use to solve difficult science problems. Others posited that the technology is even closer to helping advance traditional computing.

Executives also said it wasn’t unreasonable to spend a decade honing a technology that will have such a large impact. Loic Henriet, who runs the French company Pasqal, argued that the term “quantum computing” was misleading. Quantum processors will help act as accelerators — working alongside traditional computers — rather than replacing them, he said.

  
[https://finance.yahoo.com/news/nvidia-ceo-says-surprised-publicly-180729079.html](https://finance.yahoo.com/news/nvidia-ceo-says-surprised-publicly-180729079.html)",1187,2025-03-20 18:52:00,wallstreetbets,https://www.reddit.com/r/wallstreetbets/comments/1jfwdvh/nvidia_ceo_says_he_was_surprised_that_publicly/
1jfw79p,Slightly more gains for those interested.,,1058,2025-03-20 18:44:17,wallstreetbets,https://www.reddit.com/gallery/1jfw79p
1jfv3i8,$AMD The Sleeping Dragon,"It’s beautiful how everyone can shit all over them as if there’s even a slight chance at Nvidia being the only real player in this space. You’ll see, you’ll all see! ",58,2025-03-20 17:58:25,wallstreetbets,https://i.redd.it/e60v7ibtvvpe1.jpeg
1jfrjiz,AI = Artificial Ingredients,,894,2025-03-20 15:29:34,wallstreetbets,https://i.redd.it/tetrej895vpe1.jpeg
1jfqwwx,"Wedbush analyst Dan Ives sharpened his criticism of how Elon Musk is running Tesla Inc., saying the electric-vehicle giant’s chief executive","Tesla’s stock is down 41.6% this year through Wednesday — it’s the S&P 500 index’s biggest loser over that time — amid slowing demand and increasing competition, and public outcry over Musk’s role in the Trump administration.

The stock fell 1.3% in premarket trading Thursday, and was on track to suffer a record-long nine-week losing streak.

Ives stuck to his outperform rating on the stock, but said the future of the EV maker depends on a major change of course from Musk.

Ives has long been a bull on Tesla, holding the highest stock price target among Wall Street analysts at $550. That implies a 133% upside to Wednesday’s closing price of $235.86.

There are many other stocks recommended by him, such as NVDA, TSLA, VMW, AIFU, CRM, PLTR, LYFT. 

Tesla is just one of them. ",217,2025-03-20 15:01:41,stocks,https://www.reddit.com/r/stocks/comments/1jfqwwx/wedbush_analyst_dan_ives_sharpened_his_criticism/
1jf6dtk,Holding these yolos,Could’ve got a way better fill at the top today during FOMC but it is what it is.,2,2025-03-19 20:06:16,wallstreetbets,https://i.redd.it/2s0rotnpdppe1.jpeg
1jf5wx4,The Fate of the S&P's 10 Most Popular Stocks,"Almost all of the 10 largest stocks in the Standard & Poor's 500 Index (SP500) are down at least 10% from their 52-week highs, with six of them down more than 20%.

Berkshire Hathaway (BRK.B) is the only top 10 stock that hasn't fallen from its 52-week high, and it's unchanged, according to Bespoke Investment Group.

The Standard & Poor's 500 Index (SP500) is down 8.1% from its 52-week high.

Tesla (TSLA) is down 51.4% from its 52-week high.

Broadcom ( AVGO ) is down 23.2% from its 52-week high.

Nvidia ( NVDA ) is down 21.8% from its 52-week high.

Alphabet (GOOGL) is down 21.5% from its 52-week high.

Meta Platforms (META) is down 21.2% from its 52-week high.

Amazon (AMZN) is down 20.2% from its 52-week high.

Microsoft ( MSFT ) is down 17.6% from its 52-week high.

Apple ( AAPL ) is down 17% from its 52-week high.

Shares of Eli Lilly and Company (LLY) are down 13.2% from their 52-week high.

Additionally, all of the stocks in the “Seven Warriors” have entered bear market territory.",0,2025-03-19 19:47:39,stocks,https://www.reddit.com/r/stocks/comments/1jf5wx4/the_fate_of_the_sps_10_most_popular_stocks/
1jf4ag1,Every single FED’s conference should look like this,,4284,2025-03-19 18:41:19,wallstreetbets,https://i.redd.it/qyxkv0vjyope1.jpeg
1jf2v1m,Are we heading into another lost decade?,"In my last [post](https://www.reddit.com/r/investing/comments/1j9ygro/remembering_stock_market_crash_of_2022/), I argued that periods of fear during market corrections are often exaggerated and that markets generally recover over time. This sparked a lot of discussion, with valid concerns that this time might actually be different. Interest rates are high. Stock prices seem expensive. There’s talk of recession, tariffs, geopolitical uncertainty, and massive government debt. Investors are rightly asking: **Are we heading for a lost decade?**

So I did some research and sharing my conclusion below. This is based on my understanding, and would appreciate feedback and different perspectives.

For most investors, the thought of spending ten years in a market that goes nowhere is unsettling. But it's entirely possible and has happened before multiple times. Certain eras in market history earned the nickname “lost decade” because stock prices failed to sustainably recover for 10 years or more. The most notable and often cited examples are:

* **Great Depression of 1929:** Stocks collapsed nearly 90%, and the economy fell apart. The market didn’t recover for decades. It took massive government spending during World War II to reignite growth.
* **The Stagflation ‘70s:** Inflation soared past 14%, oil shocks rocked the global economy, and interest rates were pushed up to 20%. The result? Stocks barely moved for a decade, losing purchasing power to inflation.
* **The Dot-Com Bust & Financial Crisis (2000-2010):** First, the dot-com bubble popped, wiping out overvalued tech stocks. Then, just as the market started recovering, the 2008 financial crisis hit, dragging the economy into a deep recession. It took more than a decade for markets to fully recover.
* **Japan’s Lost Decades (1989-Present):** The worst example of all. In the late 1980s, Japan was the hottest economy in the world—until a massive asset bubble popped. Stocks crashed, real estate values collapsed, and economic growth never fully returned. More than 30 years later, Japan’s stock market has just begun to surpass it’s all time high reached in 1989.

# While these periods had different triggers and circumstances, they all shared a few common characteristics:

1. **High stock market valuations at the start.** When investors pay too much for stocks, future returns tend to be disappointing, even if the economy grows.
2. **Debt was excessive.** Whether it was households, corporations, or governments, excessive borrowing created major financial drag.
3. **Big economic disruptions followed.** Inflation in the ‘70s, a financial system breakdown in the 2000s, and deflation in Japan—each one created a decade of stagnation
4. **Government responses often made things worse.** Central banks and policymakers either moved too slowly or responded in ways that prolonged economic pain.
5. **Long-term structural drags slowed recoveries.** Aging populations, slowing workforce growth, and weak productivity made it harder for economies to bounce back.

**Now, let’s compare that to today.**

* **Stock market valuations are high, but not in bubble territory.** The S&P 500’s valuation is elevated, much like before the 2000s lost decade. The current Schiller P/E ratio (price to cyclically adjusted earnings) is well above the historical average. But today’s leading companies—Apple, Microsoft, Nvidia, Alphabet, Meta —are highly profitable and are driving real earnings growth, unlike the speculative tech stocks of 2000.
* **Inflation is cooling but remains higher than ideal.** Unlike the 1970s, where inflation spiraled out of control going as high as 14%, today’s price pressures are slowly easing and much more moderate (2.8% as per latest inflation report). Supply chains are improving, and AI-driven productivity gains could help keep costs in check.
* **Debt is a major concern—but it’s not as out of control.** U.S. government debt is at record levels, limiting future stimulus options. But unlike 2008, household and corporate debt are under control. Banks are better capitalized, and there’s no widespread financial system breakdown looming.
* **Geopolitical risks are real, but markets have absorbed them so far.** Trade tensions between the U.S. and China, ongoing wars, and the shift toward deglobalization continue to be key risks.
* **Demographics are a mixed bag.** The U.S. workforce is aging (Avg age. 39), but still younger than Japan during early 2000s (Avg age 48). Immigration and higher workforce participation rates still give the economy more resilience than Japan or Europe.
* **The biggest wildcard is AI and automation.** A hopeful difference today is the pace of technological innovation. The late 1920s had new tech (radio, automobiles) but the Depression cut investment in them. The 1970s paradoxically saw relatively slow productivity growth (despite the IT revolution being on the horizon, its benefits weren’t felt until the 1980s–90s). Today, we’re on the cusp of another tech-driven productivity boom – chiefly due to artificial intelligence and automation. If AI can boost efficiency significantly, it could raise economic growth in the latter part of this decade. Goldman Sachs predicts generative AI could eventually lift GDP by \~7% over a decade. Such a boost would be a stark difference from past lost decades, which generally lacked a positive productivity shock to offset their drags. Right now a lot of it seems hype. But if AI delivers on its promise without displacing jobs at large scale, it can lead to an unprecedented boom and a period of huge wealth creation.

**So while there are risks, this is not the same setup as past lost decades.**

While history never repeats exactly, it does rhyme. Today we see echoes of past pre-crisis extremes – high stock valuations and heavy debts – combined with new challenges like aging demographics and geopolitical shifts. **However, we also see crucial differences: inflation is being actively managed (not runaway as in the ’70s), our financial system (banks and corporates) is more robust than before the 2008 crisis, and potential growth drivers (AI, etc.) could emerge to surprise on the upside**.

Instead of lost decade, **we appear to be headed towards a muddled decade** — some ups, some downs, growth in some specific sectors, and at least some modest growth, even if lower than previous decade.

Of course, this can change as events play out in the world in coming months and years. There may be major natural disasters that disrupt global supply chains or something else. But as things stand now, the more probable outcome is a decade of lower returns than previous decade rather than complete stagnation.

**What does it mean for you?** Investors who expect 10-12% annual returns just through index investing, like in the 2010s, may be disappointed. But those who adapt—focusing on quality companies, dividends, and emerging growth areas like AI—could still emerge out wealthier and stronger.",0,2025-03-19 17:42:37,investing,https://www.reddit.com/r/investing/comments/1jf2v1m/are_we_heading_into_another_lost_decade/
1jf0xn9,Looking to get into some more AI/Data Center stocks. Which of these 4 stocks do you think have the best outlook for the future and profits?,"For a while now I've wanted to learn and get more into AI, but I struggle with taking the jump into something new and confusing for me. After hearing the Nvidia GTC keynote I want to get more into AI/data center stocks because I do believe this is a great space for big profits and the future is clearly heading in the direction to utilize these products and services.

  
The 4 stocks that I've been looking at are:

\- Broadcom (AVGO)  
\- Service Now (NOW)

\- Cadence (CDNS)

\- Applied (APLD)

  
I currently invest in mainly all mega cap stocks and dont have much % of my portfolio in AI/data center.

I do have NVDA and AMD at the moment, but pretty small positions.

  
I like the idea of having a few more speculative low cap stock like APLD and I like how NVDA backed them with some funding, which shows me they have some faith in that company. Can get a good amount of shares and hold for a big rally up if the company takes off in the future. Something that I dont need to put a lot of money into which can have a massive increase.

I also like the other 3 because of a few different reasons, but I noticed they had some very large rallies recently, for example NOW.

I liked Cadence because what Jensen said yesterday that they would be looking to hire a lot of designers from Cadence for all their future needs, which makes me believe that company has something special Jensen sees in them.

  
I want to know what you guys think about these 4, or any other AI/Data center stocks you know of that would be good to watch. Im pretty unfamiliar with the AI space and im gathering as much information as I can on this subject.",4,2025-03-19 16:22:46,stocks,https://www.reddit.com/r/stocks/comments/1jf0xn9/looking_to_get_into_some_more_aidata_center/
1jeqaup,Trump’s Trade War 2.0: The Stocks I’m Watching,"With Trump back in office and tariffs returning in full force, I’ve been analyzing what this means for U.S. equities. His latest moves—25% steel and aluminum tariffs, expanded levies on Chinese imports, and a tariff-heavy negotiation strategy—echo his first term but with even **stronger measures**.



While 2018-2020 gave us some clues, the market setup in 2025 is **different**:

• **Higher inflation & rates:** Tariffs add inflationary pressure, making the Fed’s job harder.

• **China’s response will change:** Unlike in 2018, China now **dominates EV battery production** and **controls rare earth supply chains**—this could hurt U.S. tech more than before.

• **Supply chain resilience is mixed:** Companies have talked about reshoring for years, but it’s still expensive and slow.

Given these factors, here’s how I’m positioning:

**Likely Winners:**

1. **Steel & Aluminum (NUE, STLD, CLF)** – Tariffs give them pricing power, though cost inflation is a risk.

2. **Defense & Cybersecurity (LMT, PLTR, CRWD)** – “America First” likely means **higher defense budgets**.

3. **Regional Banks (JPM, BAC, GS)** – If deregulation follows, these should gain.

4. **Domestic Infrastructure (CAT, DE, OSK)** – If tariffs hurt foreign suppliers, U.S. construction demand rises.



**Likely Losers:**

1. **Tech Giants (AAPL, NVDA, QCOM, INTC)** – Heavy China exposure = supply chain and revenue risks.

2. **Consumer Goods (NKE, WMT, DG)** – Imports get pricier, and passing costs to lower-income customers is tough.

3. **Auto & Industrial (TSLA, GM, F, MMM)** – Higher input costs + China retaliation = pain.

4. **Agri Exporters (ADM, TSN, BG)** – If China targets U.S. farm products again, these get hit.



**What I’m watching:**

📌 Will China retaliate with rare earth metal export bans? (Impacts TSLA, NVDA, QCOM)

📌 Do inflation expectations rise, pushing Fed policy hawkish? (Bad for rate-sensitive stocks)

📌 Does Trump backtrack on any tariffs? (A la 2019)

📌 Will domestic manufacturing gains **outweigh** supply chain disruptions?

I’d love to hear counterpoints. Which stocks do you think will **outperform or underperform** in Trump’s Trade War 2.0?",247,2025-03-19 05:55:08,stocks,https://www.reddit.com/r/stocks/comments/1jeqaup/trumps_trade_war_20_the_stocks_im_watching/
1jem929,"Nvidia, GM announce deal for AI, factories and next-gen vehicles","General Motors and Nvidia have agreed to a strategic collaboration that includes the automaker using several products and artificial intelligence services from the tech giant for its next-generation vehicles, advanced driver-assistance systems and factories.

The companies on Tuesday announced that the new initiatives include building custom artificial intelligence systems using Nvidia compute platforms, including “Omniverse with Cosmos,” for optimizing GM’s factory planning and robotics.

The Detroit automaker also said it will use “Nvidia Drive AGX” for “in-vehicle hardware for future advanced driver-assistance systems and in-cabin enhanced safety driving experiences.”

GM declined to disclose a cost for the new tools with Nvidia. The tech company has been attempting to diversify its automotive business, which has notably included substantial work in data centers and GPUs.

“The era of physical AI is here, and together with GM, we’re transforming transportation, from vehicles to the factories where they’re made,” Jensen Huang, Nvidia founder and CEO, said in a release. “We are thrilled to partner with GM to build AI systems tailored to their vision, craft and know-how.”

GM has been using Nvidia graphics processing units, or GPUs, for training AI models across various areas of its business, including simulation and validation. The new business expands to in-vehicle hardware, automotive plant design and operations, the companies said.

The automaker also had been testing Nvidia’s Omniverse since at least 2022. Some of GM’s testing was in designing a “digital twin,” or replica, of its new design center and processes to assist virtual vehicle development. It also acted as a single digital environment for employees to work and collaborate in, according to a video last year featuring GM for Nvidia’s GTC developer conference in 2023.

Nvidia anticipated it would strike a deal with GM mid-last year for Omniverse, according to an internal company email viewed by CNBC. At that time, two sources with GM signaled the automaker wasn’t sure Nvidia’s software and GPUs were worth the high cost compared with other companies.

It wasn’t immediately clear what sealed the deal for GM. But since that time, both companies have experienced increased competition from China and uncertain regulatory changes such as tariffs. GM’s stock is off roughly 8% during in 2025, while Nvidia is off about 12% this year.

“AI not only optimizes manufacturing processes and accelerates virtual testing but also helps us build smarter vehicles while empowering our workforce to focus on craftsmanship,” GM CEO Mary Barra said in Nvidia’s release. “By merging technology with human ingenuity, we unlock new levels of innovation in vehicle manufacturing and beyond.”

The companies announced the new initiatives in connection with Nvidia’s GTC AI conference this week in California.

Nvidia describes Omniverse as a platform for “developing and deploying physically based industrial digitalization applications.” It’s essentially connecting a physical environment with a digital, or software, world to optimize processes using a “digital twin” of a physical environment such as a GM design facility or plant.

Users of Nvidia’s Omniverse have included BMW, Amazon Robotics and Samsung, Rev Lebaredian, Nvidia vice president of Omniverse and simulation technology, said during a media briefing a year ago. He said the company was licensing Omniverse for $4,500 per GPU, per year.

It’s unclear how many GPUs GM will need. But given the amount of robotics, sensors and other systems needed to operate a modern assembly plant, it would likely be quite a bit.

More than 20 other automakers have used Nvidia’s “system on a chip” hardware in the central computing units of their smart vehicles, including Mercedes Benz, Volvo, Audi, Volkswagen and BYD, according to an industry equity research note from Jeffries in November 2023.

In recent years, Nvidia has seen soaring demand for its GPUs, which are used for everything from bitcoin mining to AI inference and training.

Source: [https://www.cnbc.com/2025/03/18/nvidia-gm-deals-ai-factories-vehicles.html](https://www.cnbc.com/2025/03/18/nvidia-gm-deals-ai-factories-vehicles.html)",89,2025-03-19 01:55:20,stocks,https://www.reddit.com/r/stocks/comments/1jem929/nvidia_gm_announce_deal_for_ai_factories_and/
1jehn7n,Nvidia and Yum Brands team up to expand AI ordering,,376,2025-03-18 22:18:53,wallstreetbets,https://www.axios.com/2025/03/18/taco-bell-drive-thru-order-nvidia-ai
1jef6gt,Could Nvidia's valuation be set to be redefined after GTC?,"NVIDIA (NVDA) is basically the big cheese in the GPU and AI computing world. Here's the lowdown:

* **Consumer GPUs**: Think gaming rigs, content creators, and PC enthusiasts.
* **Data Centers & AI**: Powering massive AI workloads, cloud services, and enterprise data centers.
* **Self-Driving & Robotics**: Venturing into autonomous vehicles, robotics, and edge computing.

**Financials: Show Me the Money**

Let's dive into NVIDIA's financials over the past five years. Spoiler: It's been a wild ride.

|Fiscal Year|Revenue ($B)|Net Income ($B)|EPS ($)|Gross Margin (%)|
|:-|:-|:-|:-|:-|
|2021|16.7|4.3|1.47|62|
|2022|26.9|9.8|3.37|65|
|2023|27.0|10.2|3.55|66|
|2024|30.0|11.5|4.00|67|
|2025\*|35.0|13.0|4.50|68|

\*2025 numbers are guesstimates, so don't @ me if they're off.

**Breaking It Down:**

* **Revenue**: Climbing like a SpaceX rocket, thanks to data centers and AI.
* **Net Income & EPS**: Also on the up and up, showing they're not just making it rain but also stacking those Benjamins efficiently.
* **Gross Margin**: From 62% to an estimated 68%—that's some serious cheddar, indicating their products are top-shelf.

**Product Highlights: What's Cooking?**

* **Blackwell Ultra Series**: Dropping later this year, these AI chips (B300/GB300) are beefed up with 288GB memory (up from 192GB) and a 50% performance boost. Data centers are drooling.
* **Full-Stack AI Solutions**: NVIDIA's building an AI empire, making it easier for cloud providers and businesses to hop on their bandwagon and save some coin.
* **Self-Driving & Robotics**: They're not just about GPUs; they're diving into autonomous vehicles and robots, keeping things futuristic.

**GTC 2025: The Hype Is Real**

* **Event Deets**: On March 18 in San Jose, NVIDIA's annual GTC shindig is the place to be for devs, investors, and media folks. Expect AI, robotics, data centers, and self-driving car talk, plus the scoop on Blackwell Ultra chips and the next-gen Rubin GPU architecture.
* **Market Vibes**: Tickets are hotter than a summer in Phoenix, but NVDA stock dipped \~1.76% pre-event. Investors might be biting their nails over production and yield concerns.
* **Catalyst Watch**: Analysts say if NVIDIA clears the air on production and performance at GTC, we could see a stock rally. If not, expect some market side-eye until the next earnings drop.

**6-Month Stock Forecast: Crystal Ball Time**

* **Bearish Scenario**: If new products flop or GTC is a snooze, stock might chill around $120.
* **Bullish Scenario**: If GTC delivers and NVIDIA squashes production fears, we could see $150 or more.
* **Overall Range**: Expect NVDA to dance between $120 and $150 in the next six months.

**Investment Take: To the Moon?**

* **Hold & HODL**: Most analysts are saying ""buy"" or ""hold,"" betting on NVIDIA's long-term game in AI, data centers, and self-driving tech.
* **DCA FTW**: Given possible short-term jitters post-GTC, consider dollar-cost averaging. Keep an eye on upcoming earnings and product launches.

**Risk Factors: Watch Your Six**

* **Production & Supply Chain**: If the new chips hit snags, short-term profits could take a hit.
* **Competition**: AMD, Intel, and other up-and-comers aren't sleeping; they want a piece of NVIDIA's pie.
* **Macro & Geopolitical**: Global economic hiccups, trade wars, or export bans could rain on NVIDIA's parade.
* **Tech & Product Risks**: If GTC doesn't wow or new products disappoint, investor enthusiasm might fizzle, leading to stock dips.

**TL;DR**

NVIDIA's killing it in the GPU and AI arena, with solid financials and exciting product launches on deck. GTC 2025 is the next big thing to watch. Short-term, the stock might wobble, but long-term prospects look juicy. Keep an eye on competition and global shenanigans, but overall, NVIDIA seems poised for more win.

https://preview.redd.it/74kn7chvdipe1.jpg?width=1600&format=pjpg&auto=webp&s=6a6f2475f9c039d245f60bcd16728bf87362db7d

",0,2025-03-18 20:34:54,wallstreetbets,https://www.reddit.com/r/wallstreetbets/comments/1jef6gt/could_nvidias_valuation_be_set_to_be_redefined/
1jedfpt,NVDA: Groot N1 our foundation model for humanoid robots will be open source,"It was announced on stage as the last big news of Jensen's presentation.

>Nvidia is releasing what it’s calling an AI foundation model for humanoid robotics.

> Announced at GTC 2025, the model, dubbed Groot N1, is a “generalist” model — trained on synthetic data and real data. Nvidia said that Groot N1 features a “dual system architecture” for “thinking fast and slow,” inspired by human cognitive processes.
> 
> Groot N1’s slow thinking system lets a robot perceive and reason about its environment and instructions and then plan the right actions to take, according to Nvidia. As for the fast thinking system, it translates the aforementioned plan into robotic actions, including the ability to manipulate objects and execute multi-step sequences.
> 
> The model is available in open source, Nvidia said. Alongside the model, Nvidia is releasing simulation frameworks and blueprints for generating synthetic training data. ([Tech Crunch](https://techcrunch.com/2025/03/18/nvidia-announces-groot-n1-a-foundation-model-for-humanoid-robotics/))

What is the implication of this for Nvdia and other robotics-driven stocks like Tesla and the growing Chinese challengers like BYD and Xpeng?",49,2025-03-18 19:24:20,stocks,https://www.reddit.com/r/stocks/comments/1jedfpt/nvda_groot_n1_our_foundation_model_for_humanoid/
1jed83g,Can Newly Released NVIDIA Dynamo Open Source Reasoning Software Save NVIDIA's Stock?,"First we need to know what the NVIDIA Dynamo Open Source Reasoning Software is for.



The above description comprehensively summarizes the main functions and application scenarios of NVIDIA Dynamo, as well as the revolutionary impact it may have on AI inference and its long-term positive effect on the company’s stock price. Specifically:



Software Functions and Application Scenarios



Intelligent Scheduling and Resource Allocation: Dynamo not only inherits the advantages of the NVIDIA Triton Inference Server but also goes further by dynamically allocating GPU resources to cope with fluctuating inference request volumes, ensuring that each GPU operates at high efficiency even under heavy load.

Optimizing Large Language Model Inference: It adopts a decomposed service strategy, distributing the processing and generation stages of large language models across multiple GPUs, which significantly improves throughput in practical applications. For example, when running the DeepSeek-R1 model on certain rack clusters, the number of tokens generated per GPU can be increased by approximately 30 times.

Multi-Framework Support and Expanded Use Cases: As an open-source software, Dynamo can support various frameworks including PyTorch and NVIDIA TensorRT-LLM, making it suitable for cloud service providers, data centers, and enterprise AI factories.

Revolutionary Significance



Innovation in Resource Utilization: By leveraging intelligent routing and dynamic allocation, Dynamo can double performance and revenue with the same hardware resources, fundamentally changing traditional inference deployment methods.

Building an Open-Source Ecosystem: Its open-source nature not only promotes standardization and innovation in distributed inference architectures but also fosters collaborative progress across the entire AI industry.

Enhancing Cost Efficiency and Performance: By reducing data transmission and storage costs as well as increasing GPU computational density, the software is expected to make AI services more efficient and cost-competitive.

Potential Impact on NVIDIA’s Stock Price In the long term, Dynamo is expected to help consolidate NVIDIA’s leadership in AI infrastructure, especially as the data center and cloud services segments continue to expand, thereby driving higher revenue and profit growth for the company. Although the market might remain cautious about the immediate results of the new product launch in the short term, the widespread adoption of this technology by more service providers is anticipated to have a positive effect on the stock price.



Why do I think NVIDIA Dynamo Open-Source Inference Software will have a positive impact on NVDA's stock price?

Because this software will substantially boost NVIDIA's revenue in data center and cloud services.



From the public earnings data and market expectations, NVIDIA's data center and cloud services business has shown an upward trend in recent years, but it should be noted that the proportion here is subject to quarterly fluctuations, especially in quarters driven by AI demand (e.g., in the fourth quarter of fiscal year 2025, data center revenue once accounted for 90.5%)

[CN.INVESTING.COM](http://CN.INVESTING.COM)

), while the full-year average is much smoother. Estimates based on current public information and analysis:



FY2023: Data center and cloud services business will account for approximately 43% of total annual revenue.

FY2024: The market expects this to rise to around 50% or so, driven by continued strong AI demand.

FY2025: While some quarters (e.g. Q4) are particularly strong, on average for the year, the share of data center and cloud services is expected to stabilize between 50% and 55%.

https://preview.redd.it/cmlbnl8uzhpe1.jpg?width=960&format=pjpg&auto=webp&s=df9b1c9eaab0bea9be735bf3ac72099910fd91eb

",31,2025-03-18 19:16:09,wallstreetbets,https://www.reddit.com/r/wallstreetbets/comments/1jed83g/can_newly_released_nvidia_dynamo_open_source/
1jecbuv,Nvidia announces Blackwell Ultra and Vera Rubin AI chips,"Nvidia announced new chips for building and deploying artificial intelligence models at its annual GTC conference on Tuesday. 

CEO Jensen Huang revealed Blackwell Ultra, a family of chips shipping in the second half of this year, as well as Vera Rubin, the company’s next-generation graphics processing unit, or GPU, that is expected to ship in 2026.

Nvidia’s sales are up more than sixfold since its business was transformed by the release of OpenAI’s ChatGPT in late 2022. That’s because its “big GPUs” have most of the market for developing advanced AI, a process called training.

Software developers and investors are closely watching the company’s new chips to see if they offer enough additional performance and efficiency to convince the company’s biggest end customers — cloud companies including Microsoft, Google and Amazon — to continue spending billions of dollars to build data centers based around Nvidia chips.

Tuesday’s announcements are also a test of Nvidia’s new annual release cadence. The company is striving to announce new chips on an every-year basis. Before the AI boom, Nvidia released new chips every other year. 

The GTC conference in San Jose, California, is also a show of strength for Nvidia. 

The event, Nvidia’s second in-person conference since the pandemic, is expected to have 25,000 attendees and hundreds of companies discussing the ways they use the company’s hardware for AI. That includes Waymo, Microsoft and Ford, among others. 

Nvidia will also showcase its other products and services at the event. 

For example, Nvidia announced new laptops and desktops using its chips, including two AI-focused PCs that will be able to run large AI models such as Llama or DeepSeek. The company also announced updates to its networking parts for tying hundreds or thousands of GPUs together so they work as one.

Vera Rubin

Nvidia said on Tuesday that it expects to start shipping systems on its next-generation GPU family in the second half of 2026. 

The system has two main components: a CPU, called Vera, and a new GPU design, called Rubin. It’s named after astronomer Vera Rubin.

Vera is Nvidia’s first custom CPU design, the company said, and it’s based on a core design they’ve named Olympus. 

Previously when it needed CPUs, Nvidia used an off-the-shelf design from Arm. Companies that have developed custom Arm core designs, such as Qualcomm and Apple, say that they can be more tailored and unlock better performance.

The custom Vera design will be twice as fast as the CPU used in last year’s Grace Blackwell chips, the company said. 

When paired with Vera, Rubin can manage 50 petaflops while doing inference, more than double the 20 petaflops for the company’s current Blackwell chips. Rubin can also support as much as 288 gigabytes of fast memory, which is one of the core specs that AI developers watch.

Nvidia is also making a change to what it calls a GPU. Rubin is actually two GPUs, Nvidia said. 

The Blackwell GPU, which is currently on the market, is actually two separate chips that were assembled together and made to work as one chip.

Starting with Rubin, Nvidia will say that when it combines two or more dies to make a single chip, it will refer to them as separate GPUs. In the second half of 2027, Nvidia plans to release a “Rubin Next” chip that combines four dies to make a single chip, doubling the speed of Rubin, and it will refer to that as four GPUs.

Nvidia said that will come in a rack called Vera Rubin NVL144. Previous versions of Nvidia’s rack were called NVL72.

Blackwell Ultra

Nvidia also announced new versions of its Blackwell family of chips that it calls Blackwell Ultra.

That chip will be able to produce more tokens per second, which means that the chip can generate more content in the same amount of time as its predecessor, Nvidia said in a briefing.

Nvidia says that means that cloud providers can use Blackwell Ultra to offer a premium AI service for time-sensitive applications, allowing them to make as much as 50 times the revenue from the new chips as the Hopper generation, which shipped in 2023.

Blackwell Ultra will come in a version with two paired to an Nvidia Arm CPU, called GB300, and a version with just the GPU, called B300. It will also come in versions with eight GPUs in a single server blade and a rack version with 72 Blackwell chips.

The top four cloud companies have deployed three times the number of Blackwell chips as Hopper chips, Nvidia said.

DeepSeek

China’s DeepSeek R1 model may have scared Nvidia investors when it was released in January, but Nvidia has embraced the software. The chipmaker will use the model to benchmark several of its new products.

Many AI observers said that DeepSeek’s model, which reportedly required fewer chips than models made in the U.S., threatened Nvidia’s business.

But Huang said earlier this year that DeepSeek was actually a good sign for Nvidia. That’s because DeepSeek uses a process called “reasoning,” which requires more computing power to provide users better answers. 

The new Blackwell Ultra and Vera Rubin chips are better for reasoning models, Nvidia said. 

It’s developed its chips to more efficiently do inference, so when new reasoning models require more computing power at the time of deployment, Nvidia’s chips will be able to handle it.

“In the last 2-3 years, a major breakthrough happened, a fundamental advance in artificial intelligence happened, we call it agentic AI,” Huang said. “It can reason about how to answer or how to solve a problem.”

Source: https://www.cnbc.com/2025/03/18/nvidia-announces-blackwell-ultra-and-vera-rubin-ai-chips-.html",244,2025-03-18 18:40:23,stocks,https://www.reddit.com/r/stocks/comments/1jecbuv/nvidia_announces_blackwell_ultra_and_vera_rubin/
1je9lr3,NVDA GTC YOLO,MAXIMUM FEAR surrounding the GTC. Hoping Jensen will bless my calls. Let the world know NVIDIA is still #1. ,46,2025-03-18 16:50:27,wallstreetbets,https://www.reddit.com/gallery/1je9lr3
1jdvr96,"Need a recession-proof, tariff-resistant portfolio given the current economic climate","Current holdings:

Barrick Gold Corporation (GOLD), Duke Energy Corp (DUK), AbbVie Inc (ABBV), NextEra Energy Inc (NEE), Southern Co (SO), SPDR Gold Trust (GLD), PepsiCo Inc (PEP), NVIDIA Corporation (NVDA), Crowdstrike Holdings Inc (CRWD), Pfizer Inc (PFE), Campbell Soup Company (CPB), Alphabet Inc (GOOGL), Intel Corp (INTC), Meta Platforms Inc (META), Newmont Corp (NEM), Agnico Eagle Mines Ltd (AEM), Franco-Nevada Corp (FNV), Chevron Corp (CVX), Exxon Mobil Corp (XOM), Nano Nuclear Energy Inc (NNE), Waste Management Inc (WM), Microsoft Corp (MSFT), Palo Alto Networks Inc (PANW), ASML Holding NV (ASML), Nucor Corp (NUE), Coca-Cola Co (KO), Micron Technology Inc (MU), Johnson & Johnson (JNJ), Procter & Gamble Co (PG), Devon Energy Corp (DVN), Taiwan Semiconductor Manufacturing (TSM), Shopify Inc (SHOP), Fortinet Inc (FTNT), Oscar Health Inc (OSCR), Robinhood Markets Inc (HOOD), Celsius Holdings Inc (CELH), Amazon.com Inc (AMZN), Broadcom Inc (AVGO)

My next steps:

Sell CELH, NUE, DVN, TSM, SHOP, AMZN, NVDA

Buy XLU, IHI, ITA, GOLD & GLD, FTNT or CRWD or PANW, KO, PEP, JNJ, ABBV, DUK, SO, and NEE 
",0,2025-03-18 03:16:26,stocks,https://www.reddit.com/r/stocks/comments/1jdvr96/need_a_recessionproof_tariffresistant_portfolio/
1jds90b,POSITIONS FOR $800->$100k,Since yall can’t stop crying about my positions. I’ll post it now here lol. ,3255,2025-03-18 00:20:15,wallstreetbets,https://www.reddit.com/gallery/1jds90b
1jcn40w,29F and thinking about growth stock,"I’m 29 years old, I have a mortgage and I’m currently paying off my credit card of £1900 interest free for the next 9 months (Aim for £300 min so will be paid off before that) 

For now I’m investing £50-100 into Trade 212 and have moved my vanguard into an interest savings account. I’m starting my investing from scratch and currently put in £50 this week into 
£30 - VWRL
£10 - KO
£5 - PLTR
£5 - JD

I’ll be putting my last £50 in next week until my next payday next month. 

The aim is to put majority of my money into VWRL but I’d like some advice on what I should do with the remaining £20? I’m thinking of Amazon, Microsoft, Nvidia etc and I’ve been looking at QQQ also. But what kind of approach would you have with someone who is young and looking for increasing wealth and pension pots? 

Once my credit card is paid off and I’ve remortgaged (it’s looking like I’ll be getting a lower interest rate) I’ll put closer to £3-400 into investing. For now I’d like to experiment and see what my portfolio will do in the next few months before I start putting increased amounts in. ",2,2025-03-16 14:49:35,investing,https://www.reddit.com/r/investing/comments/1jcn40w/29f_and_thinking_about_growth_stock/
1jckrcz,"Convince me I shouldn't be a bear now, pt. 2.","Three weeks ago, I made [this](https://www.reddit.com/r/stocks/comments/1iu1jy7/convince_me_i_shouldnt_be_a_bear_now/) post. There, I made an argument why markets were overpriced due to valuations and the actions of the current administration.

I am still worried, and I'm wondering what are the counter-arguments. 

1. Valuations are still high. 
2. Trump admin and Musk are pushing austerity via spending cuts/mass layoffs. 
3. Unstable tariff policy. Companies and consumers can't plan ahead. April 2 is coming. More chaos or clarity?
4. Soft data has been terrible. 
5. High-frequency and corporate data (travel, retail) all point to a rapidly deteriorating consumer. 

All of that makes me worried we are headed for a recession. Banks seem to agree and have upped their forecasts for one. Three months ago this would have been laughable. 

Granted, this can all change on a tweet. The trump team can pivot, make tariffs more clear & targeted, and Doge can become more work and less theater. Then, we can get to beneficial tax policies & deregulation.

I'm concerned that's not gonna happen. 

I'm concerned that Trump tariffs wont make companies move to the US & create jobs as Trump, Lutnick, and Bessent think they will. I'm concerned that people will get fired and become more poor, things will get more expensive, and Trump team will have nothing to show for it. 


Now, to positioning & stocks:

I've been buying things that will benefit from protectionist policies, like INTC and X. I've also bought the dip on several big tech names & then sold them on Friday after the rally. Why? Take Nvidia, for example. Great company, but if chips aren't excluded from tariffs, then Nvidia's profit margins would get slashed. So would the valuation.

I'm sitting on a lump of cash & am waiting for more clarity, whether it's up or down. 

What are your thoughts?",230,2025-03-16 12:51:40,stocks,https://www.reddit.com/r/stocks/comments/1jckrcz/convince_me_i_shouldnt_be_a_bear_now_pt_2/
1jc3b11,Would this violate the wash sale rule?,"Hey all. I sold a large NVDA put position at a loss last week because I bought them too short-dated at the bottom and knew that the stock would revisit its 50- and 200-day moving averages once it bounced, which it should do Monday. I would like to open new put positions on Nvidia, but my losses were quite deep on the last put position, so I don't want to trigger the wash sale rule and eliminate the deduction tied to the losses.

Does anyone know whether the wash sale rule would apply to a leveraged ""ETF"" that really is just double exposure to a specific stock, in this case Nvidia, e.g., NVDL, which is a 2x long Nvidia derivative? ETFs are supposed to be a work around to the wash sale rule, but I can't find anything definitive anywhere that states whether single-stock-specific ETFs would fall under that umbrella and be similarly excluded from the wash sale rule. 

 And yes, I know I can just comfortably buy puts on a semiconductor ETF with large NVDA exposure, but I think NVDA will greatly underperform others in the sector and would like more direct exposure.

All thoughts are welcomed, and I thank you all for your time.",16,2025-03-15 19:41:29,investing,https://www.reddit.com/r/investing/comments/1jc3b11/would_this_violate_the_wash_sale_rule/
1jc0zhg,Why $RDDT Is A Must Have Stock,"Reddit is one of the premier social media apps out there with a cheap valuation (never judge a growth stock by P/E) for its growth trajectory.

Let's start with the fundamentals:

1. 2024 YE it had a 90.5% gross profit percentage, revenue grew by 62% (NVIDIA like growth??) and it became FCF positive. Next quarter revenue will be growing at 50% to ultimately end at 40% YoY based on guidance. I've been following $RDDT for quite some time and there is always a beat on revenue AND guidance versus what they expected so you can say there is a little bit of conservatism in this numbers.
2. From a balance sheet perspective it only has $26.7mm of debt. This company generated $215mm in FCF this year and is forecast to double to $520mm by next year. Capex spend is only 2% of its revenue. This companies management loves to run things efficiently and as cheaply as possible. On going concern is not an issue.
3. The company is already EPS positive and will turn EPS positive on a YoY basis by 2025 YE. If you look at it from a PEG perspective, it is trading at 0.74 for 2026. Anything below 1 is cheap. The only reason you see negative EPS is because the company has been expensing stock based compensation (US GAAP) requirement each quarter. This has ended in 2024, that is why you see major acceleration in EPS growth QoQ moving forward.
4. Share dilution is very minimal. A lot of growth companies like to pay employees in stock to attract talent, but that is not what reddit does. Diluated shares outstanding actually fell 1% in QoQ. This is great for any share holder.
5. Reddit data is a gold mine. Google pays Reddit $66mm a year for data licensing. This has 85% operating margin - so you need to remember Reddits profitability isn't going away anytime soon because you are starting from a high point.
6. Insider trading has popped up this weekend after the crazy drop. That is a significant buy signal.
7. From a multiple standpoint, price to sales, revenue etc it has gotten cheaper despite the stock increasing in value. Reddit user growth has exploded over time, with 50% international base and is becoming a hit globally. Reddit's top 15 advertisers spent 50% more YoY and international ad revenue grew by 77%.

\- THIS IS IMPORTANT. If US were to go slow down, the international piece provides a buffer on revenue for the company.

8) Advertising approach is incredibly unique. Reddit offers companies the ability to have AMAs to offer product information. I've personally seen this in my time using this reddit. Each subreddit is highly specialized which makes advertising that much easier. People pay Meta and Google top dollar because they are able to use statistical AI inference to generate ad campaigns well. Reddit doesn't need that. If you sell bikes, there's a laundry list of bike subreddits you can target. This is the future as Ad targeting improves on Reddit.

Downside / Bear bases:

1. Highly dependent on Google search. Google search was the reason that Reddit fell after earnings because of the average daily user count fell. Management has said this happens often in its existence and they worked quickly to get back on top of user searches. Management was largely dismissive of this because of their experience and noted higher levels of people asking questions and typing reddit at the end into google.
2. AI Capex slows down. This will erode profitability on the company, but given how ""clean"" reddit data is, this is the least of my concerns.
3. Execution and ad platform growth. Growing is expensive, and if Reddit adopts a spend what you can to get it done it will have investors fearful. Based on their CFO's commentary this is not very likely because how they approach things and history shows.
4. User growth slows down. This is highly possible, but I do believe the international side of things will be a buffer on user growth.

Having said all of this, my PT is $250 for the company. This is an absolute long term hold.

Any dips should be bought and even though Reddit looks expensive at face value, it really isn't. It trades at 50x forward earnings with 50% YoY growth and a net profitability that will approach 30+%. People are paying almost triple for Palantir and other software stocks out there.",0,2025-03-15 17:58:22,stocks,https://www.reddit.com/r/stocks/comments/1jc0zhg/why_rddt_is_a_must_have_stock/
1jc0xk4,The situation of the market,"
Many stocks in the market are significantly overvalued—Tesla, Apple, Costco, Palantir, and much of the FMCG and pharmaceutical sectors, considering their sluggish growth. Even Nvidia could see its valuation tumble if China or AMD develop viable alternatives.

Market crashes don’t worry me; they’re necessary and often present great buying opportunities. What truly concerns me is the long-term effect of excess liquidity. Inflation is brewing beneath the surface, and we’ll see its full impact in the years ahead. Over time, the velocity of money has declined while the money supply has surged, artificially propping up asset prices. My real fear isn’t a crash—it’s that inflation-adjusted returns will shrink to irrelevance.

Bonds are effectively useless. Stocks are outrageously priced, making it difficult to generate meaningful returns. This isn’t a market for investors—it’s a market for those looking to cash out. Genuine opportunities are scarce.

If inflation accelerates, cash will erode, bonds will remain dead weight, and overpriced stocks will have no room for growth. In the end, nobody wins. After years of zero interest rates and relentless quantitative easing, my biggest concern is that when the real downturn hits, the Fed will have little ammunition left to respond.",53,2025-03-15 17:55:52,investing,https://www.reddit.com/r/investing/comments/1jc0xk4/the_situation_of_the_market/
1jc0t1t,Buying the dip,"One of, if not the best investment decisions I ever made was to shovel as much money as I could into coca-cola during the covid crash. I am up 35% as well as all the dividends I have enjoyed in the years since. I  liquidated about 1/4 of my position and am shopping for dips to buy. Top candidates for me are leveraged S&P, Nvidia, BRK, and Chinese EV stocks. What long term (1-5 years) plays are you looking at?",0,2025-03-15 17:50:18,stocks,https://www.reddit.com/r/stocks/comments/1jc0t1t/buying_the_dip/
1jc0bhz,The Special Case for $RDDT,"Reddit is one of the premier social media apps out there with a cheap valuation (never judge a growth stock by P/E) for its growth trajectory.

Let's start with the fundamentals:

1. 2024 YE it had a 90.5% gross profit percentage, revenue grew by 62% (NVIDIA like growth??) and it became FCF positive. Next quarter revenue will be growing at 50% to ultimately end at 40% YoY based on guidance. I've been following $RDDT for quite some time and there is always a beat on revenue AND guidance versus what they expected so you can say there is a little bit of conservatism in this numbers.
2. From a balance sheet perspective it only has $26.7mm of debt. This company generated $215mm in FCF this year and is forecast to double to $520mm by next year. Capex spend is only 2% of its revenue. This companies management loves to run things efficiently and as cheaply as possible. On going concern is not an issue.
3. The company is already EPS positive and will turn EPS positive on a YoY basis by 2025 YE. If you look at it from a PEG perspective, it is trading at 0.74 for 2026. Anything below 1 is cheap. The only reason you see negative EPS is because the company has been expensing stock based compensation (US GAAP) requirement each quarter. This has ended in 2024, that is why you see major acceleration in EPS growth QoQ moving forward.
4. Share dilution is very minimal. A lot of growth companies like to pay employees in stock to attract talent, but that is not what reddit does. Diluated shares outstanding actually fell 1% QoQ. This is great for any share holder.
5. Reddit data is a gold mine. Google pays Reddit $66mm a year for data licensing. This has 85% operating margin - so you need to remember Reddits profitability isn't going away anytime soon because you are starting from a high point.
6. Insider trading has popped up this weekend after the crazy drop. That is a significant buy signal.
7. From a multiple standpoint, price to sales, revenue etc it has gotten cheaper despite the stock increasing in value. Reddit user growth has exploded over time, with 50% international base and is becoming a hit globally. Reddit's top 15 advertisers spent 50% more YoY and international ad revenue grew by 77%.

\- THIS IS IMPORTANT. If US were to go slow down, the international piece provides a buffer on revenue for the company.

8) Advertising approach is incredibly unique. Reddit offers companies the ability to have AMAs to offer product information. I've personally seen this in my time using this reddit. Each subreddit is highly specialized which makes advertising that much easier. People pay Meta and Google top dollar because they are able to use statistical AI inference to generate ad campaigns well. Reddit doesn't need that. If you sell bikes, there's a laundry list of bike subreddits you can target. This is the future as Ad targeting improves on Reddit.

Downside / Bear bases:

1. Highly dependent on Google search. Google search was the reason that Reddit fell after earnings because of the average daily user count fell. Management has said this happens often in its existence and they worked quickly to get back on top of user searches. Management was largely dismissive of this because of their experience and noted higher levels of people asking questions and typing reddit at the end into google.
2. AI Capex slows down. This will erode profitability on the company, but given how ""clean"" reddit data is, this is the least of my concerns.
3. Execution and ad platform growth. Growing is expensive, and if Reddit adopts a spend what you can to get it done it will have investors fearful. Based on their CFO's commentary this is not very likely because how they approach things and history shows.
4. User growth slows down. This is highly possible, but I do believe the international side of things will be a buffer on user growth.

Having said all of this, my PT is $250 for the company. This is an absolute long term hold.

Any dips should be bought and even though Reddit looks expensive at face value, it really isn't. It trades at 50x forward earnings with 50% YoY growth and a net profitability that will approach 30+%. People are paying almost triple for Palantir and other software stocks out there.",0,2025-03-15 17:28:47,investing,https://www.reddit.com/r/investing/comments/1jc0bhz/the_special_case_for_rddt/
1jbij8k,👀,,27361,2025-03-15 00:16:06,wallstreetbets,https://i.redd.it/tzo6ft8qxqoe1.jpeg
1jbdquk,Oh no!,Fuck LUNR and fuck me for being so utterly regarded and launching myself into revenge trades. Time to eat hotdog mac n cheese for the next 6 months!,146,2025-03-14 20:39:41,wallstreetbets,https://www.reddit.com/gallery/1jbdquk
1jbcflu,S&P 500 Stages Rebound After $5 Trillion Plunge: Markets Wrap,">A bounce in stocks calmed nerves among equity investors, but the fallout from Donald Trump’s political maneuvering continued to shake global markets and rattle US consumers. Yields on German bonds surged as government leaders agreed on a massive defense spending package, while the ultimate haven asset — gold — topped $3,000 for the first time.

>The almost 2% advance in the S&P 500 was set to be the biggest since the aftermath of the presidential election. Not even data showing a slide in consumer confidence prevented the market rebound. That follows a selloff that culminated in a 10% plunge of the US equity benchmark from its peak. Treasuries trimmed a recent rally fueled by a flight to safety. Bullion climbed as much as 0.5% to $3,004.94 an ounce before erasing gains.

>The moves capped a week of drama that included Trump’s on-and-off-again tariffs, recession calls, geopolitical talks and concerns over a US government shutdown. Combined with all the questioning around lofty tech valuations, global equity funds saw their biggest redemption this year.

>“The markets are grappling with the notion of where fair value rests for a stock market that faces headwinds from tariffs, fiscal spending cuts, and potentially softening economic data, said Yung-Yu Ma at BMO Wealth Management. “Negative investor sentiment is building, so a multi-day relief rally could be coming soon.”

>Despite Friday’s advance, the S&P 500 still headed toward a fourth straight week of losses — the longest such streak since August. Trading volume was 10% below the average of the past month. Tech megacaps led gains on Friday, with Nvidia Corp. and Tesla Inc. up at least 3.3%. The Nasdaq 100 climbed 2.1%. The Dow Jones Industrial Average added 1.4%.

>The yield on 10-year Treasuries advanced three basis points to 4.30%. A dollar gauge fell 0.2%.

>“We are seeing some oversold rally efforts once again,” said Dan Wantrobski at Janney Montgomery Scott. “But we caution folks looking to dive back in at the first sign of stability here: nearly everyone is looking for a bottom and to ‘buy the dip’ at some point, but the current condition of the markets has not implied any real improvement on a technical basis - the tape is simply very oversold at this stage.”

>Andrew Brenner at NatAlliance Securities says he gets asked multiple times a day: “Is the worst over?”

>“We don’t know. We would like to see a capitulation trade, but the seasonals are starting to turn,” Brenner said. “The end of February to the middle of March is an awful time for equity seasonals.”

>It took just 16 trading sessions for US stocks to tumble into a correction, leaving a frazzled Wall Street asking just how long the “adjustment period” White House officials have warned about will last.

>In the prior 24 instances when stocks have fallen at least 10% from a record but avoided a bear market, it has taken an average of eight months to reclaim an all-time high, according to data from CFRA Research. That would leave the Feb. 19 high intact until mid-October. The average drawdown reached 14% in those cases.

>“Corrections are unnerving in the moment, though they are not unusual, and often act as a pressure release valve for overheated markets,” said Mark Hackett at Nationwide. “This will not be the last correction, pullback, or market scare that the bulls will have to face, and yes, an element of caution is warranted.”

>“We say this is a correction, not a bear market in US stocks,” Bank of America Corp.’s Michael Hartnett said. “Since equity bear threatens recession, fresh declines in stock prices will provoke flip in trade and monetary policy.”

>Yet a century-old indicator that has helped predict the direction of the US stock market is signaling more pain ahead for battered investors.

>Known as the Dow Theory, it holds that moves in the Dow Jones Industrial Average must be confirmed by transport stocks, and vice versa, to be sustained. As of Thursday’s close, the 20-member Dow Jones Transportation Average — a barometer of consumer and industrial demand — has slumped 19% from its November peak, teetering near so-called bear-market territory.

>“What usually differentiates quicker (often healthy) selloffs from drawn-out bear markets is whether a recession follows,” said Ross Mayfield at Baird Private Wealth Management.

>The 23 non-recession corrections since 1965 averaged a 16% drawdown, he said. Meantime, the 8 recession selloffs over that period averaged a 36% drawdown.

>“The good news is that despite headwinds, a near-term recession still looks unlikely,” he noted.

Link: [https://www.bloomberg.com/news/articles/2025-03-13/stock-market-today-dow-s-p-live-updates](https://www.bloomberg.com/news/articles/2025-03-13/stock-market-today-dow-s-p-live-updates)",172,2025-03-14 19:43:43,stocks,https://www.reddit.com/r/stocks/comments/1jbcflu/sp_500_stages_rebound_after_5_trillion_plunge/
1jacsj2,Intel Shares Jump As Much As 19% After Naming Chip Industry Veteran Tan CEO,"Shares of Intel Corp. jumped the most in five years after the company named Lip-Bu Tan as its next chief executive officer. 

The announcement stoked optimism from investors, who sent the stock up as much as 19% after markets opened in New York on Thursday, its biggest intraday gain since March 2020. [But remains at 2009 levels.]

Tan, 65, will assume the role on March 18, the company said in a statement Wednesday. He will rejoin the board as well after stepping down in August 2024. […] [Intel is] entrusting a former board member and semiconductor veteran with one of the toughest jobs in the chip industry. 

Tan, the former head of Cadence Design Systems Inc., is tasked with restoring the fortunes of a pioneering chipmaker that’s become an industry laggard. Intel, which dominated the semiconductor field for decades, is struggling with market-share losses, manufacturing setbacks and a precipitous decline in its earnings. It’s also burdened with debt and recently had to slash about 15,000 jobs.

Bank of America Corp. analysts also upgraded the shares to “neutral” after the announcement, citing Tan’s “solid track record.” Prior to Wednesday’s announcement, the stock had declined more than 50% over the past 12 months as the company’s future became increasingly murky.

“That’s not to say it will be easy. It won’t be,” he said. “But I am joining because I believe with every fiber of my being that we have what it takes to win. Intel plays an essential role in the technology ecosystem, both in the US and around the world.”

Tan’s predecessor, Pat Gelsinger, was pushed out by the board for a perceived failure to rejuvenate Intel’s product lineup. One of the most glaring challenges: creating an artificial intelligence accelerator chip that can rival the products of Nvidia Corp. That company, once in Intel’s shadow, has seen its revenue and valuation skyrocket over the past two years due to the AI computing boom.

Intel remains one of the world’s biggest chipmakers by revenue, with more than $50 billion in annual sales. Its processors are the main component in more than 70% of the world’s personal computers and server machines. And the company’s factories still represent a large chunk of worldwide capacity for advanced manufacturing.

In 2024, Intel was by far the lowest performer on the Philadelphia Stock Exchange Semiconductor Index, declining 60%. As the company’s valuation plummeted back to 1990s levels, the once-unthinkable idea of an Intel takeover has become more plausible.
",1631,2025-03-13 14:07:56,wallstreetbets,https://www.bloomberg.com/news/articles/2025-03-12/intel-names-chip-industry-veteran-lip-bu-tan-as-its-next-ceo
1ja2ovp,Needed this so badly,"Bullish= excited to wake up 

Bearish=not excited to wake up 

Œ",27,2025-03-13 03:14:43,wallstreetbets,https://i.redd.it/645xzpurjdoe1.jpeg
1j9ykki,Déjà Vu in Silicon Valley: From AOL to AI,"The graph you’re looking at is basically the 1990s tech bubble’s highlight reel, where the Nasdaq went full “YOLO mode,” skyrocketing over 800% between 1995 and 1999. But it wasn’t all smooth sailing; there were plenty of heart-stopping dips along the way, with drawdowns ranging from -10% to -23%. 

Fast forward to 2025, and the Nasdaq looks like it’s trying to relive its glory days. We’re currently in correction territory (down over 10% from its peak), which feels eerily familiar to those ‘90s vibes. Stocks like Nvidia are taking the plunge—down nearly 30%—while the broader index is doing its best impression of a nervous cat on a slippery floor. The parallels are clear: tech innovation is booming, but volatility is lurking around every corner

The takeaway? Whether it’s dot-com mania or AI fever, the Nasdaq loves to keep us guessing. It’s basically that friend who insists on taking you bungee jumping every weekend—thrilling, terrifying, and somehow addictive. Hang tight, this ride ain’t over yet! 🚀📉 
",207,2025-03-12 23:51:13,wallstreetbets,https://i.redd.it/i9iy7msgjcoe1.jpeg
1j9ygro,Remembering stock market crash of 2022,"It’s easy to forget how short the market’s memory is.

Still remember the last few months of 2022. The S&P 500 was down nearly 25%, the Nasdaq had crashed over 35%, and inflation was out of control. The Fed was hiking rates aggressively, and it felt like a deep recession was inevitable.

Goldman Sachs or JP Morgan (don't remember which) predicted the S&P 500 would go all the way to 3,000. Michael Burry suggested an even bigger collapse taking S&P500 back to 1800. Most investors were convinced this was just the beginning of more pain. Even then people talked about stagflation and going into the lost decade.

Meta, in particular, was the poster child of despair. Down 75%, from $380 to $88. People genuinely thought it would never recover. The ad market was dying. Reels weren’t making money. Zuckerberg was ""burning billions"" on the metaverse. Investors wanted him to shut it all down.

It wasn’t just Meta. Amazon reported its first unprofitable year after a long time. Google’s ad revenue shrank. Microsoft’s growth slowed. Tesla was down to $113 at its lowest. Institutions were slashing price targets left and right. Investors were selling at the lows, convinced things would only get worse.

And then... the market did what it always does. Slowly, things started improving. Companies adapted. Earnings stabilized. The panic faded. By mid-2023, inflation was cooling. The Fed hinted at pausing rate hikes.

Meta posted a solid earnings report. Then came $40 billion in stock buybacks. The stock doubled. Then doubled again. Amazon recovered. Nvidia went on a historic run. The Nasdaq had its best year in two decades in 2023. By early 2024, Meta, Nvidia, and Microsoft were hitting all-time highs to reach even higher by end of 2024. Two years of record gains.

When markets are crashing, it feels like they’ll never go up again. When they’re at all-time highs, it feels like they’ll never go down. Neither is true.

So investors, it's going to be fine. Just be calm and hold tight. And if you can, keep buying.",2433,2025-03-12 23:46:22,investing,https://www.reddit.com/r/investing/comments/1j9ygro/remembering_stock_market_crash_of_2022/
1j9wkpd,What’s your next investment?,"First AI (nvidia), then European Defense stocks (Rheinmetall, Thales, Leonardo and so on). What’s next according to you? What will your next big investment be? Which sector will outperform the others? 
I really have no clue at the moment, too much turmoil. What about you? ",9,2025-03-12 22:22:17,stocks,https://www.reddit.com/r/stocks/comments/1j9wkpd/whats_your_next_investment/
1j9v90b,DD: Most Undervalued Mid-Cap (CORZ) (very long and detailed analysis),"TL;DR: Core Scientific (NASDAQ: CORZ) is wildly undervalued and the market is sleeping on it. This company has transformed from a troubled Bitcoin miner into a data center powerhouse riding the AI wave – and it’s already generating serious revenue. With a massive $12B OpenAI deal validating its strategy (through partner CoreWeave), a high-margin, long-term AI hosting contract kicking in, and Wall Street still pricing it like a simple crypto miner, CORZ presents a high-upside, strong conviction play. I hold 5,000 shares and couldn’t be more confident. Below I’ll break down why I believe CORZ can rip higher in the short, medium, and long term – with price targets of $12 (short-term), $20 (medium-term), and $30+ (long-term) – based on hard data and catalysts the market is blatantly overlooking.

From Bitcoin Miner to AI Data Center Leader

Core Scientific operates large-scale data centers (like its Denton, TX facility pictured above) that were originally built for Bitcoin mining – and it’s now repurposing this infrastructure to power the AI revolution.

Just a year ago, Core Scientific was known primarily as one of North America’s largest Bitcoin miners. It mined a record 13,762 BTC in 2023 – more than any other publicly traded miner ￼. But after navigating a tough crypto bear market and slashing $400M of debt in bankruptcy restructuring (saving ~$60M in interest costs annually ￼), CORZ emerged in 2024 with a new lease on life and a new mission. Management recognized the huge opportunity in AI and high-performance computing (HPC), and they’ve struck a game-changing deal to pivot into that space ￼ ￼.

Today, Core Scientific isn’t just a crypto play – it’s fast becoming a major data center player for AI. In June 2024, the company inked a transformative 12-year contract to provide ~200 megawatts (MW) of its data center capacity to CoreWeave, the AI cloud provider ￼. Under this deal, CORZ will host CoreWeave’s cutting-edge NVIDIA GPU rigs in its facilities, effectively turning its mining centers into AI supercomputing hubs. The site modifications are already underway and expected to be operational by mid-2025 ￼. This is a big deal – literally. Once fully up and running, that initial contract is estimated to generate **over $3.5 billion in revenue for Core Scientific over 12 years (about $290M per year) ￼. Even better, the hosting revenues come with approx. 75–80% gross margins ￼, far more predictable and stable than volatile Bitcoin mining profits. In other words, CORZ is locking in a decade of high-margin, recurring cash flow from the AI boom.

And that’s just the beginning. CoreWeave was so satisfied that it exercised an option for an extra 70 MW within weeks ￼, expanding the partnership. This adds another ~$1.2B in contracted revenue (bringing total HPC contract value to ~$4.7B!) ￼ ￼. All told, CORZ now has ~500 MW of its capacity contracted for AI/HPC through CoreWeave between 2025–2026 ￼ ￼. For context, that is massive scale – comparable to or bigger than many established data center operators. In fact, with 1.2 GW (1,200 MW) of total power capacity across its sites, Core Scientific is positioned to be one of the largest data center operators in the U.S. ￼ ￼. Roughly 70% of its infrastructure is now earmarked for AI/HPC hosting versus 30% for Bitcoin, yet the stock still isn’t being valued like a data center company ￼. This disconnect is our opportunity.

Future Profitability & Growth Trajectory 🚀

The growth trajectory here is off the charts. Core Scientific’s legacy mining business is already cash-generative (especially with Bitcoin rebounding – BTC has climbed from ~$17k at end of 2022 to ~$43k by end of 2023 ￼, greatly improving mining economics). CORZ continues to mine ~16–19 BTC per day from its own fleet ￼ ￼, and it’s deploying next-gen miners to boost efficiency. But the real game-changer is the HPC hosting side coming online:
	•	Stable High-Margin Revenue: Starting in 2025, Core Scientific will begin raking in ~$290M/year in AI hosting revenue from the CoreWeave contract ￼. Unlike mining, this is dollar-denominated, fixed-fee revenue – not subject to coin price swings. Gross margins are expected to be 75–80% ￼, which will supercharge profitability. Essentially, CORZ is becoming a hybrid of a crypto miner and a high-margin data center REIT.
	•	Predictable Cash Flow: Management highlighted that AI hosting provides a level of predictability that mining lacks ￼. Power costs and BTC prices can whipsaw mining profits, but the HPC contracts lock in client payments and even have the client (CoreWeave) funding much of the build-out capex ￼. This dramatically de-risks the business model going forward. We’re talking recurring revenue for 12+ years from Tier-1 AI clients.
	•	Expansion and Upside: Core Scientific isn’t stopping at 270 MW for CoreWeave. They have ~130+ MW of additional capacity ready to contract with other AI customers ￼ ￼. Management explicitly said they are in discussions with other potential HPC clients to capitalize on their “significant pipeline of powered real estate” ￼. The demand is there – in fact, analysts at the recent investor day swarmed them with questions about the AI contracts, not mining ￼, showing where the future lies. Any new contracts (think other cloud providers, government, universities, etc.) would be gravy on top of the CoreWeave deal. There’s room to easily sign hundreds more MW in the coming years, given their planned expansions in Oklahoma, Georgia, Alabama and more.
	•	Operating Leverage: With debt reduced and interest costs down, plus legacy infrastructure already in place, much of the new revenue will drop to the bottom line. Even before the AI pivot, CORZ was delivering positive adjusted EBITDA. Now, factor in $300M+ of high-margin annual AI revenue, plus a potential Bitcoin bull cycle (post-2024 halving and potential ETF approvals) boosting mining profits… you get the picture. This company could be printing cash in 2025 and beyond. Bernstein analysts actually project CORZ turning net-profitable in 2025 as the AI hosting ramps up ￼. The “crypto miner that went bankrupt” narrative is outdated – Core Scientific is now a cash flow machine in the making.

Bottom line: The growth trajectory is dual-powered – steady AI hosting revenue growth and optionality on Bitcoin’s upside. If BTC runs again (many expect a major move in the next 1-2 years due to the halving and institutional adoption), CORZ’s mining division (still one of the largest with ~19.4 EH/s hashpower ￼ ￼) will mint money. If BTC stagnates, CORZ still wins big from AI. This balanced model means multiple shots on goal for explosive growth. It’s hard to find a company with this kind of asymmetric upside already trading at a single-digit stock price.

OpenAI’s $12B Deal Validates CORZ’s Long-Term Vision

One of the strongest confirmations of Core Scientific’s strategy came just this week: OpenAI signed a $12 billion, five-year deal with CoreWeave ￼. Yes, the same CoreWeave that partnered with CORZ. This is huge news for the AI infrastructure space and hugely bullish for Core Scientific by association.

Why? OpenAI (the company behind ChatGPT) is essentially saying they need massive GPU cloud capacity outside of Microsoft. CoreWeave, which specializes in GPU hosting, is now on the hook to deliver a ton of AI compute to OpenAI ￼. We’re talking about potentially building out one of the world’s largest AI supercomputing footprints. And guess who is a key supplier of that footprint? Core Scientific.

CoreWeave has contracted 500 MW of Core Scientific’s data centers to meet its clients’ AI needs ￼. The OpenAI deal alone will likely soak up every bit of that and more, meaning CoreWeave may need to exercise further expansion options with CORZ or invest in new sites (likely both). It underscores that demand for AI data center capacity is practically insatiable right now. In 2024, CoreWeave’s revenue exploded 8× from $229M to $1.9 billion thanks largely to AI deals with customers like Microsoft ￼. Now with OpenAI’s multi-year $12B commitment, CoreWeave’s revenue will go parabolic – and Core Scientific is integral to supplying that growth ￼.

To put it simply: the AI gold rush is on, and CORZ is selling the shovels (power + space). The OpenAI-CoreWeave partnership de-risks Core Scientific’s long-term prospects even further. It’s tangible proof that AI compute is the future, and CORZ’s massive power infrastructure is exactly what’s needed to capitalize on it. Every major AI player will be scrambling for data center capacity. Core Scientific has some of the largest ready-to-go sites in North America – a fact not lost on those in the know. (Remember, CoreWeave even tried to acquire Core Scientific for $5.75/share in cash ￼ last year, and was flatly rejected as “undervalued” – more on that below.)

Oh, and about Microsoft – there was a fear floating around that Microsoft might back away from using CoreWeave (which could have indirectly hurt CORZ). That rumor was put to rest decisively. CoreWeave denied any contract cancellations with Microsoft and called such reports “false and misleading” ￼. In fact, Microsoft has massive multi-year plans with CoreWeave (reportedly intending to spend $10B+ on CoreWeave’s services by 2030) ￼. So the largest customer relationships are intact, and now OpenAI is piling on with its own gargantuan deal. In short, the HPC side of CORZ’s business is rock-solid and about to experience torrid growth on the back of these AI mega-deals.

Market Misperception: Not Just a “Mining Company” Anymore

Despite everything outlined above, many investors still think of Core Scientific as a Bitcoin mining stock. Old habits die hard – and that’s why this opportunity exists. The stock came out of bankruptcy in January and was re-listed at just a few bucks, and many probably wrote it off as “another crypto casualty.” The reality couldn’t be more different now. CORZ is morphing into a hybrid AI infrastructure play, but the market hasn’t caught up to this narrative yet.

Here’s the misperception: “It’s a miner, so it should trade at mining valuations.” Many mining companies trade at low multiples because of volatile earnings and past boom-bust cycles. Core Scientific, however, now has much more in common with data center operators like Equinix (EQIX) or Digital Realty (DLR) than with pure miners. Don’t take my word for it – Bernstein’s tech analyst Gautam Chhugani explicitly notes that CORZ’s valuation today “aligns more closely with Bitcoin mining rather than data center valuations, [even though] 70% of its capacity is dedicated to AI.” ￼ In other words, Wall Street is pricing CORZ all wrong. The company is being valued like a shrinking, risky crypto miner when in fact it’s a growing, diversified digital infrastructure firm with both crypto and AI tailwinds.

Consider this: Core Scientific will have 800+ MW in HPC data centers and ~400 MW in mining. Equinix, the king of data centers, operates ~240 data centers globally, but their total power capacity is on the order of only a few hundred MW in many markets. Digital Realty similarly has a large footprint but trades at 20+ times FFO (funds from operations) because of its stable data center income. Core Scientific’s HPC contracts are bringing in exactly that kind of stable income, yet CORZ trades at a tiny fraction of the valuation metrics of EQIX/DLR. It’s like buying a data center stock for the price of a distressed crypto stock – a total disconnect.

Let’s put some numbers on it: At around ~$8–9 per share (as of this week), CORZ’s market cap is roughly $4.5 billion (the market hasn’t updated fully to the growth story) ￼. For that price, you’re getting 1.2 GW of capacity, $4.7B in contracted AI revenue over the next decade, plus the largest Bitcoin mining operation in North America (which mined 6,300+ BTC in 2024) ￼. By contrast, DLR’s market cap is around $30B and Equinix’s is around $70B – and neither of them has a call option on Bitcoin reaching six figures 😉.

Now, I’m not saying CORZ should be worth $30B today, but it absolutely deserves a major re-rating as it proves out this HPC pivot. The company itself recognized the undervaluation: remember, when CoreWeave offered $5.75/share cash for the company last summer, the board rejected it for undervaluing CORZ ￼. That was when Bitcoin was lower and before the $12B OpenAI deal even existed – so imagine how much more they’d scoff at $5.75 now. Insiders clearly believe the company is worth a lot more, and so do I.

Every earnings report and press release going forward is likely to shift the narrative and wake more investors up. Already, research analysts are taking note. Besides Bernstein (Buy, $17 PT), KBW initiated coverage with a Buy and a $22 target ￼. The language from these analysts is telling – they highlight CORZ’s “strategic partnerships with cloud players like CoreWeave” and its ability to deploy hybrid AI/Bitcoin data centers quickly as key reasons it’s “well-placed to capitalize” on the AI boom ￼. This is strong validation that smart money sees the shift. As these data points permeate and the company delivers actual results (e.g., later in 2025 when the AI revenue hits the income statement in a big way), I expect a cascade of revaluation.

In summary, the market’s old perception = “CORZ is a bankrupt miner, avoid.” The new reality = “CORZ is a profitable digital infrastructure company with huge AI contracts and a Bitcoin kicker.” We are still closer to the former in terms of stock price, which is exactly why this is the most undervalued future bet I see right now. The market is asleep at the wheel, and we plan to wake up smiling.

Undervaluation Relative to Peers (EQIX, DLR) – By the Numbers

To really drive home how mispriced CORZ is, let’s do a quick peer comparison. Equinix and Digital Realty are the blue chips of data centers – known for steady earnings, high occupancy, etc. Investors pay a premium for that stability. Equinix (EQIX) trades around ~25x EV/EBITDA and ~8x sales. Digital Realty (DLR) trades ~20x EV/EBITDA. Both have dividend yields under 3% – meaning investors accept low yields because they trust the long-term demand for data centers. These companies also grow in single-digit percentages per year (organically), with big capex needs to add capacity.

Now look at Core Scientific: In 2024, even without the full HPC ramp, it pulled in about ~$100M per quarter in revenue from mining ￼ (so ~$400M annual run-rate). Add $290M/yr from the first HPC phase starting 2025 ￼, and we get ~$700M annual revenue potential. If Bitcoin prices rise, mining revenue could easily push that over $1 billion. So let’s ballpark $1B+ revenue in 2025-26. At the current ~$4.5B market cap, that’s roughly 4.5× P/Sales. Equinix by contrast trades at ~10× sales. Even if we haircut for the mining portion’s volatility, CORZ’s AI hosting portion alone arguably deserves a similar multiple to data center peers once it’s fully online (given 12-year contracts = very “REIT-like” revenue). On $300M of high-quality AI revenue, a 10× multiple would value that segment at $3B. The mining segment, at 6,000+ BTC/year production (which at $50k BTC would be $300M revenue), could also be worth a few billion easily in a bull case. Sum-of-parts, it’s not hard to envision $6B–$8B+ valuation in the near future, which translates to stock price in the mid to high teens. And that doesn’t account for further AI contracts or Bitcoin reaching new highs, which could push numbers even higher.

Another way to look at it: Enterprise Value per MW of data center capacity. Data centers often change hands at around $10M+ per MW (depending on location and clients). Core Scientific at $4.5B EV for 1,200 MW is only about $3.75M per MW – dirt cheap. If you value the 800 MW of AI capacity at, say, $8M/MW (still a discount to typical hyperscale DC deals, considering these are cutting-edge GPU facilities), that’s $6.4B right there. Add some value for the 400 MW mining capacity (which isn’t worthless – it produces BTC and can be repurposed if needed), and you easily justify $8B–$10B EV. That would put the stock roughly in the $20s. It’s not pie-in-the-sky; it’s just basic sum-of-parts with reasonable peer comps.

Finally, remember that Core Scientific’s management already turned down a full cash buyout at $5.75 because they believed it wasn’t fair value ￼. They had much more insight into their pipeline and prospects (and boy, were they right – since then we’ve seen the AI pipeline explode). Insiders are aligned with us in wanting a MUCH higher price. As an investor, that refusal of a buyout is incredibly bullish – it tells me management genuinely thinks the stock is worth multiples of that offer.

Key Catalysts Ahead

This isn’t a “sit and wait for years” story – I see multiple near-term and medium-term catalysts that could rerate CORZ significantly. Here are the key ones to watch:
	•	HPC Go-Live (Mid-2025): In the next few months, Core Scientific will be completing the modifications and powering up that first 200 MW for CoreWeave’s AI workloads ￼. When that goes live (anticipated H1 2025), CORZ can start recognizing the hosting revenue. We might get updates or even initial revenue in Q3 2025 results. The market often prices things in early, so as this milestone nears, expect increasing buzz around CORZ as an “AI infrastructure play”. There may also be ribbon-cutting PR events (like the one in Muskogee, OK for a new 100 MW center ￼ ￼) to draw investor attention.
	•	New HPC Contracts: Management has hinted at discussions with additional AI/cloud clients ￼. Any announcement of a new contract (e.g., leasing another 100+ MW to a different hyperscaler or government project) would be a huge catalyst. It would prove CoreWeave isn’t the only one knocking on the door. Keep an eye on press releases – CORZ has been expanding into new regions (recently Auburn, Alabama facility announced in Feb 2025 ￼ ￼) specifically to support more HPC customers. We could wake up to a headline like “Core Scientific signs $X billion contract with [Big Tech or Government] for AI data center capacity” – and the stock would likely gap up on that.
	•	Bitcoin Halving & ETF Mania: The Bitcoin halving in April 2024 cut block rewards in half, which historically precedes big BTC bull runs in the subsequent year or two. We’re now post-halving, and there’s a strong narrative for a 2025 crypto upcycle (potential approval of a Bitcoin spot ETF by BlackRock or others, increased mainstream adoption, etc.). If Bitcoin’s price surges, Core Scientific’s mining profitability will skyrocket (since they are highly leveraged to BTC price, mining 16+ BTC daily). Even a move back to Bitcoin’s prior highs ($60k–$65k) would more than double mining revenue from current levels. That would provide upside surprise in earnings and further cash to invest in expansions or pay down any remaining debt. In short, a crypto bull run would be icing on the cake – not required for our thesis, but it could send the stock into an even higher gear.
	•	CoreWeave IPO: CoreWeave filed for an IPO in March 2025 ￼. When that IPO happens, it will likely shine a big spotlight on the value of AI infrastructure companies. If CoreWeave comes out with a huge valuation (some speculate tens of billions given the OpenAI deal and revenue trajectory), people will do the math and realize “hey, a big chunk of CoreWeave’s infrastructure is actually provided by Core Scientific.” Investors might look for a cheaper proxy – and CORZ fits the bill perfectly. Essentially, CORZ could get a sympathy re-rating when CoreWeave IPOs, as a way to play the AI data center theme without paying an IPO premium.
	•	Earnings Surprises / Guidance: As soon as CORZ’s management starts giving forward guidance that includes the HPC contracts, analysts will need to update their models upward. We could see this in late 2024 or early 2025 earnings calls, where they might guide for hundreds of millions in hosting revenue in 2025/26. Any hint of raising forecasts will make the stock pop. Additionally, if their monthly operational updates (which currently report BTC mined, etc.) start to include HPC metrics, that will educate the market. They already mention that they are converting a significant portion of data centers to AI workloads ￼ – soon we’ll see actual numbers to attach to that.
	•	Index Inclusion & Institutional Buying: Having emerged from bankruptcy and re-listed on Nasdaq, CORZ can now be included in indices again. It may also graduate from being seen as “distressed” to being a legitimate growth stock. As fundamentals improve, more institutions will be able to buy in (some couldn’t touch it during bankruptcy or OTC trading). We might also see hedge funds and big-name investors take positions once they recognize the turnaround. Any such filings or mentions (e.g., a famous value investor or tech fund taking a stake) would be a catalyst.

In short, there is no shortage of catalysts. This isn’t some cigar-butt value trap – it’s a dynamic situation with news flow likely skewed to the positive for quite some time. Wall Street is behind the curve, and each catalyst is an alarm clock ringing to wake them up.

Strong Conviction: My Price Targets (Short, Medium, Long Term)

I’ve laid out the facts and the thesis – now let’s talk price targets and upside. As mentioned, I’m holding 5,000 shares of CORZ and I intend to hold (if not add) because I see massive upside from current levels. Here’s where I realistically see the stock going:
	•	Short Term (next 3–6 months): $12+ – In the short run, I expect CORZ to trade into the double digits as the market starts pricing in the HPC contract ramp and the AI news flow. Recall that management already said $5.75 was too low ￼; we’re now well above that, but still in single digits. I think $10–$12 is very achievable on just a bit more recognition, which would still only be ~5x sales and a discount to peers. Short-term catalysts like continued strong Bitcoin production (they mined 471 BTC just in the first two months of 2025 ￼) and any hints of additional AI deals could push us to this range quickly. In my view, the downside is pretty limited now that the company is out of bankruptcy and cash-flow positive, so risk/reward is skewed to the upside. Near-term target: $12.
	•	Medium Term (12–18 months): $18–$20 – Over the next year or so (by end of 2025), I see CORZ in the high teens at least. This coincides with the period when the CoreWeave contract will be fully operational and printing revenue. Bernstein’s official target is $17 ￼, and KBW’s is $22 ￼; my own model splits the difference. By 2025, the company should be solidly profitable, with perhaps $300M+ annual EBITDA (my rough estimate combining mining + hosting). Slapping even a 10× EBITDA multiple would give ~$3B enterprise value, and I suspect CORZ will command higher given growth rates – hence a stock around $18–20 makes sense. This also assumes Bitcoin maybe in the $40k–$50k range (conservative) and no major new HPC contracts beyond what’s announced (also conservative). Any positive surprise (e.g., BTC at $70k or another 100MW contract) and we could easily break $20. 12–18 month target: ~$20.
	•	Long Term (2–3 years+): $30+ (multi-bagger) – Looking out a few years, I believe CORZ can trade north of $30, making it a potential multi-bagger from here. By that time (2026–2027), Core Scientific could have several AI clients, 800+ MW of AI load generating perhaps $600M+/yr in revenue, and still mining a significant amount of Bitcoin with next-next-gen ASICs (they are already planning 2025 miner refresh with 3nm chips ￼). If Bitcoin hits new all-time highs in that timeframe (which I personally expect), the mining side alone could be worth the current market cap (!). Meanwhile, the data center side would be maturing into a full-fledged co-location giant. It’s not crazy to think CORZ could approach a $10B+ valuation if all cylinders fire – which would put the stock roughly in the $30s. Consider that the company nearly sold for ~$6B ($5.75/share) when it was in bankruptcy distress; with a stronger balance sheet and booming business, $30 (equating to maybe ~$15B if dilution is minimal) is a reasonable long-term aspiration. And if we dream a bit: should CORZ eventually spin off its AI data center arm as a REIT or get acquired by a big player, we could see even more upside. But I’ll stay grounded and stick to $30+ as my long-term base case. That’s roughly a triple from here – exactly the kind of asymmetrical upside that deep due diligence can uncover.

Conclusion: High-Upside, Well-Researched, and the Market is Asleep

To wrap up, Core Scientific is, in my opinion, the most undervalued “picks and shovels” play on both AI and crypto out there. The company has already proven resilient – surviving a brutal downturn, emerging stronger, and immediately seizing one of the biggest opportunities of our era (AI compute). They are already profitable on an operating basis, have secured billions in future revenues, and still retain the explosive upside of Bitcoin mining. Yet, because it’s a former bankrupt crypto name, most investors haven’t caught on to the transformation. This is the kind of setup deep-value and growth investors dream about: a misunderstood stock with improving fundamentals and multiple catalysts on deck.

I’m pounding the table with strong conviction on CORZ. I’ve put my money where my mouth is (5,000 shares and holding) because I see what others are missing. If you believe in the future of AI (and the infrastructure needed to run it) and you believe in the long-term value of Bitcoin, this is a no-brainer combination play. Even if you’re only bullish on one of those, CORZ offers a compelling risk-reward skew.

The market is clearly sleeping on this opportunity, but it won’t stay asleep forever. The facts are coming out quarter by quarter, contract by contract. In my view, it’s only a matter of time before Core Scientific is re-rated from “ex-miner penny stock” to “premier digital infrastructure growth stock.” By then, the easy money will have been made. That’s why the time to get in is now, while it’s undervalued and before the broader market wakes up.

Disclosure: I am long CORZ (5,000 shares) and have no plans to sell in the foreseeable future. I wrote this DD because I believe in the thesis and want to share the research – but of course, do your own due diligence. This is not financial advice, just one highly confident investor’s perspective. I welcome any counterpoints or additional insights.
",20,2025-03-12 21:24:46,wallstreetbets,https://www.reddit.com/gallery/1j9v90b
1j9q9d4,Its alive,,30738,2025-03-12 17:56:28,wallstreetbets,https://i.redd.it/uuad4f66saoe1.jpeg
1j9jskh,These are the stocks on my watchlist (03/12),"This is a daily watchlist for short-term trading: I might trade all/none of the stocks listed, and even stocks not listed! I am targeting potentially good candidates for short-term trading; I have no opinion on them as investments. The potential of the stock moving today is what makes it interesting, everything else is secondary.

We had a minor bounce yesterday! I'm interested in mainly seeing if we can hold, otherwise I'm likely going to sell out if we break new lows in the market today.

News: [US-Russia Talks Take Spotlight After Kyiv Agrees to Truce Terms](https://www.bloomberg.com/news/articles/2025-03-12/spotlight-on-us-russia-talks-after-kyiv-agrees-to-truce-terms)

[**INTC (Intel)**](https://finviz.com/quote.ashx?t=INTC&p=d)**/**[**NVDA (Nvidia)**](https://finviz.com/quote.ashx?t=NVDA&p=d) **/** [**GOOG (Alphabet)**](https://finviz.com/quote.ashx?t=GOOG&p=d)**/QCOM (Broadcom) / AMD** 

TSM has proposed a joint venture to Nvidia, AMD, and Broadcom to operate Intel's foundry division, with TSM managing the operations but holding less than a 50% stake. We saw INTC make a decent bounce in the overnight yesterday on that news, but it looks like we're giving back most of those gains. This move comes as Intel faces significant losses in its manufacturing division, the CHIPS Act is targeted by Trump, so frankly a very good positive catalyst but I don't expect much to come of this. The possibility of a joint venture between these 4 companies actually happening seems fantastical, especially with Trump stating that he wants to scrap the CHIPS Act and instead work on tariffs on semis. 

[**RDDT (Reddit Inc.)**](https://finviz.com/quote.ashx?t=RDDT&p=d)

Loop Capital has maintained a buy rating on Reddit Inc. (RDDT), citing strong core fundamentals and a 71% year-over-year sales growth. I don't normally pay attention to these buy/sell ratings but I did notice this was during one of the worst selloffs for RDDT and the market downturn, so it was *a little* more significant than normal.  The company's stock has experienced a nearly 50% decline from recent highs within the past month. I thought this was interesting yesterday near the open so I bought some stock, overall still holding but interested to see where it goes after the open. Also worth noting, Reddit's plans to monetize its subscriber base are expected to boost revenue (I see them competing with Patreon/Substack/Onlyfans). This is overall a pretty positive catalyst, not much risk to it beyond additional negative news coming in for the broader tech sector.

[**NVDA (Nvidia)**](https://finviz.com/quote.ashx?t=NVDA&p=d) **/** [**GOOG (Alphabet)**](https://finviz.com/quote.ashx?t=GOOG&p=d)

Google has unveiled Gemma 3, a new AI model designed for developers to create applications capable of running efficiently on various devices, including those powered by Nvidia GPUs. I'm also long NVDA a little more- GOOG hasn't pulled back as much as I expected compared to NVDA, but this is pointedly good news. We're also seeing a minor market bounce but whether that can hold is up in the air. Going to sell out if we break new lows in the market. Another model in the arms race that can be run on a SINGLE device is massive news, especially considering the model's competitiveness with Deepseek R1. This is overall positive news but there's always the chance that Deepseek releases an even better model in the future even though the $13M training costs have been debunked. 

**Sidenote:** Initiated a small short position in VXX after it broke above 60 (as mentioned yesterday); however, the primary focus remains on RDDT today.

**Earnings:** [**ADBE**](https://finviz.com/quote.ashx?t=ADBE&p=d), [**PATH**](https://finviz.com/quote.ashx?t=PATH&p=d), [**S**](https://finviz.com/quote.ashx?t=S&p=d) ",12,2025-03-12 13:15:10,stocks,https://www.reddit.com/r/stocks/comments/1j9jskh/these_are_the_stocks_on_my_watchlist_0312/
1j9j16t,"TSMC pitched Intel foundry JV to Nvidia, AMD and Broadcom","TSMC (2330.TW), has pitched U.S. chip designers Nvidia (NVDA.O),, Advanced Micro Devices (AMD.O), and Broadcom (AVGO.O), about taking stakes in a joint venture that would operate Intel's (INTC.O), factories, according to four sources familiar with the matter.

Under the proposal, the Taiwanese chipmaking giant would run the operations of Intel's foundry division, which makes chips adapted for the needs of customers, but it would not own more than 50%, the sources said. Qualcomm (QCOM.O), has also been pitched by TSMC, according to one of the sources and a separate source.

The talks, which are at an early stage, come after U.S. President Donald Trump's administration requested TSMC, the world's leading contract chipmaker, assist in turning around the troubled U.S. industrial icon, the sources said on condition of anonymity because the talks are not public.

The details of the plan for TSMC to take no more than a 50% stake and its overtures to potential partners are being reported for the first time.

Any final deal - the value of which is unclear - would need approval from the Trump administration, which does not want Intel or its foundry division to be fully foreign-owned, the sources said.

Intel, TSMC, Nvidia, AMD and Qualcomm declined to comment. The White House and Broadcom did not respond to requests for comment.

At stake is the future of the U.S. chipmaking giant, whose shares have lost more than half of their value in the last year.

Intel reported a 2024 net loss of $18.8 billion, its first since 1986, driven by large impairments. The foundry division's property and plant equipment had a book value of $108 billion as of December 31, according to a company filing.

Intel stock rose more than 7% in premarket U.S. trading on Wednesday, while Nvidia, AMD, Broadcom and Qualcomm were up between 0.8% and 1.5%. TSMC closed about 1.8% higher in Taiwan.

Trump is keen to revive Intel's fortunes, as he seeks to boost American advanced manufacturing, three of the sources said.

The sources said TSMC's joint venture pitch was made to potential backers before the Taiwanese chipmaker announced with Trump on March 3 that the company planned to make a fresh $100 billion investment in the United States that involves building five additional chip facilities there in coming years.

Talks about the joint venture over Intel's foundry division have since continued, the three sources said, with TSMC looking to have more than one chip designer as a partner.

Multiple companies have expressed interest in buying parts of Intel, but two of the four sources said the U.S. company has rejected discussions about selling its chip design house separately from the foundry division.

Qualcomm has exited earlier discussions to buy all or part of Intel, according to those people and a separate source.

Intel board members have backed a deal and held negotiations with TSMC, while some executives are firmly opposed, according to two sources.

Intel's contract manufacturing business, or foundry division, was a crucial part of former CEO Pat Gelsinger's effort to save Intel. Gelsinger was forced out by the board in December, which named two interim co-CEOs who have mothballed its forthcoming AI chip.

Any deals between historical rivals TSMC and Intel would face major challenges and be costly and laborious. The two companies currently use vastly different processes, chemicals, and chipmaking tool setups at their factories, according to separate sources at the companies.

Intel has previously had manufacturing partnerships with Taiwan's UMC (2303.TW), and Israel's Tower Semiconductor (TSEM.TA), that could offer a precedent for the two companies to operate together, but it remains unclear how such a partnership would work regarding trade manufacturing secrets.

The Taiwanese chipmaker wants potential investors in the joint venture to also be Intel advanced manufacturing customers, according to one of the sources.

Reuters reported last week, citing sources, that Nvidia and Broadcom are running manufacturing tests with Intel, using the company's most advanced production techniques, known as 18A. AMD is also evaluating whether Intel's 18A manufacturing process is suitable for it.

But 18A has been an area of contention in negotiations between Intel and TSMC, two sources said. During talks in February, Intel executives told TSMC that its advanced 18A manufacturing technology was superior to TSMC's 2-nanometer process, according to those sources.

Link: [https://www.reuters.com/technology/tsmc-pitched-intel-foundry-jv-nvidia-amd-broadcom-sources-say-2025-03-12/](https://www.reuters.com/technology/tsmc-pitched-intel-foundry-jv-nvidia-amd-broadcom-sources-say-2025-03-12/)",26,2025-03-12 12:35:38,stocks,https://www.reddit.com/r/stocks/comments/1j9j16t/tsmc_pitched_intel_foundry_jv_to_nvidia_amd_and/
1j9fuii,Intel (18A) to take stake in Nvidia Chip production,"TSMC has pitched U.S. chip designers Nvidia, Advanced Micro Devices and Broadcom about taking stakes in a joint venture that would operate Intel's factories, according to four sources familiar with the matter.

https://www.reuters.com/technology/tsmc-pitched-intel-foundry-jv-nvidia-amd-broadcom-sources-say-2025-03-12/",60,2025-03-12 09:06:16,stocks,https://www.reddit.com/r/stocks/comments/1j9fuii/intel_18a_to_take_stake_in_nvidia_chip_production/
1j9cirg,AI trade simply out of juice or starting to deflate?,"The S&P 500 has had a stellar run for the past couple of years, adding roughly $19T from the ChatGPT moment (Nov '22) to the DeepSeek event (Jan '25). I ran some back of the envelope calculations and, by my estimate, at least half of that is AI-driven!

By AI-driven, I’m referring to two key contributors:

1. First, the ""picks and shovels"" plays in AI data centers, which contributed $4.5 trillion (24% of the S&P's gains), with NVDA leading the charge, accounting for 69% (nice) of this group's gains. While in my table I’ve focused on some of the major players in this space, it's likely I've left out many others, meaning these figures almost certainly underestimate the full impact.
2. Second, the rest of the Magnificent 7, which have benefited in various ways from the AI narrative, added an additional $5.2 trillion (27% of the S&P's gains).

Now, the big question is: Is the AI trade simply losing some juice, or are we witnessing the start of a full-blown reversal? Since the DeepSeek event, these names have collectively shed $1.3 trillion, suggesting the latter might not be easily dismissed.

What does this mean for the S&P going forward? The rest of the pack will have to pick up the slack if we are to see some gains this year, and that is without even considering the big R word.

Edit: figured out how to add the image.

https://preview.redd.it/0jsbpyg0a7oe1.png?width=903&format=png&auto=webp&s=57740fa9c64340bd5a2602381353290cf413bb2f

",28,2025-03-12 05:44:56,wallstreetbets,https://www.reddit.com/r/wallstreetbets/comments/1j9cirg/ai_trade_simply_out_of_juice_or_starting_to/
1j96owe,I cannot find this post what happened???,I just got to know how this turned out. Did the post get removed?,3468,2025-03-12 00:48:05,wallstreetbets,https://i.redd.it/osu9wt5po5oe1.jpeg
1j961a0,Perfect timing today $NVDA,,103,2025-03-12 00:17:24,wallstreetbets,https://i.redd.it/okklq568j5oe1.jpeg
1j90in5,Volatile Trading Leaves US Stocks on Doorstep of a Correction,"https://www.bloomberg.com/news/articles/2025-03-11/s-p-500-set-to-enter-correction-as-growth-fears-trigger-selloff

A fresh flurry of trade-policy headlines touched off another volatile trading day on Wall Street, with the S&P 500 Index’s three-week selloff briefly reaching 10% before a late rally pared the drop.

The equity benchmark ended lower by 0.5%, after earlier falling as much as 1.5%. That had it on track to meet the accepted definition of a correction, which would be the first since late 2023. It is now trading at 5,572, compared with the record closing high of 6,144.15 it hit last month. Technology behemoths Apple Inc., Nvidia Corp. and Alphabet Inc. were among the biggest contributors to the index’s losses on the session. The tech-heavy Nasdaq 100, which entered its own correction on March 7, fell 0.2%.

As has been the case for the past three weeks, rapid-fire developments in Trump administration trade policy sent stocks on a wild ride Tuesday. President Donald Trump’s threat shortly after 10 a.m. to ratchet up tariffs on Canada touched off the day’s biggest swoon. Dip buyers stepped in when the index fell 10% from its record. The rebound picked up steam on news Canada would hold off on some retaliatory tariffs and Ukraine would accept US plans for a truce with Russia in exchange for aid. Stocks then faded into the close, with tariffs on all aluminium and steel imports set to take effect at midnight.",95,2025-03-11 20:19:20,stocks,https://www.reddit.com/r/stocks/comments/1j90in5/volatile_trading_leaves_us_stocks_on_doorstep_of/
1j8zm0j,Global Value Investing in Our Era - Li Lu,"[**Global Value Investing in Our Era - Li Lu**](https://macro.com/app/pdf/4d4fdbe4-deb1-4235-a4a5-168ed11b984b?pdf_page_number=1&pdf_page_y=0)

**Main Takeaways:**

* The essence of wealth in modern society is the proportion of purchasing power within the economy, not static assets like land or cash. As a value investor, your goal should be to hold shares of the most dynamic companies in the most vibrant economies to preserve and grow your purchasing power globally.
* China's current economic challenges stem from its transition through the middle-income stage (what Li calls ""stage 2.5""), which is characterized by a significant mismatch between compound economic growth and slower evolution in social governance, human psychology, and political systems. The mismatch between rapid economic transformation and slower institutional evolution is not unique to China but a universal challenge faced by all countries during this transitional phase.
* A sound, complete capital market based on credibility is crucial for converting substantial savings into consumption and investment to drive economic growth. Hong Kong provides China with a historical opportunity similar to what the Netherlands offered Britain, as it already possesses all the elements of a modern capital market including legal systems, dispute resolution mechanisms, established intermediaries, and international trust.
* The distinction between ""virtual"" and ""real"" economies becomes obsolete as economies mature, as demonstrated by how companies like NVIDIA (considered part of the virtual economy) can exceed the combined market value of all publicly listed companies in major industrial nations. Such outdated dichotomy represents one of many conceptual paradigms that must evolve during economic transition to avoid hindering development.
* Value investing was born during periods of extreme macroeconomic turbulence, with founders like Ben Graham and John Maynard Keynes developing their methodologies during the Great Depression and World War II. Turbulent, confusing macro environments of such periods actually highlight the advantages of value investing, allowing practitioners to find significantly mispriced assets.
* China faces challenges in converting its high savings rate (around 50%) into consumption, as personal consumption accounts for only 40% of GDP compared to 60% in India and over 70% in the United States. Increasing the proportion of personal consumption in GDP remains crucial for achieving organic, self-perpetuated, sustainable economic growth, which represents the ultimate KPI of true modernization.
* The market economy stands as the greatest system invention in human history, transforming individual pursuit of self-interest into societal benefit through optimal resource allocation and continuous economic growth. Market economies have been repeatedly proven through various social experiments over the past centuries, and society need not criticize or deny these established consensuses or pay the price of violating common sense again.
* Six fundamental principles of value investing include: understanding stocks as ownership in companies, using Mr. Market to serve rather than guide you, ensuring sufficient margin of safety, staying within your circle of competence, ""fishing where the fish are,"" and recognizing wealth as proportion of purchasing power. Decades of practice by investors like Graham, Keynes, Buffett, Munger, and Li Lu himself have developed these principles.
* The economy functions as an interconnected chain of nodes, including entrepreneurial spirit, consumer confidence, bureaucratic incentives, foreign capital trust, and international relations. Every node serves as both ""chicken"" and ""egg"" (both cause and effect), meaning stimulating any node can ignite the entire economic chain, yet China's current challenge lies in the relative stagnation of all nodes.
* Value investors play a crucial role in the capital market by enabling its price discovery function and connecting valuable companies with individual savers. Without value investors who earn what they deserve, the capital market loses its effectiveness and can no longer turn savings into productive societal resources, making them indispensable partners to outstanding enterprises.",8,2025-03-11 19:42:20,stocks,https://www.reddit.com/r/stocks/comments/1j8zm0j/global_value_investing_in_our_era_li_lu/
1j8uv2o,"$IONQ AND $RGTI - Why NVIDIA Quantum Day is their ""Red Wedding"" Event","[DD](https://www.reddit.com/r/wallstreetbets/?f=flair_name%3A%22DD%22)

In their latest earnings call, while they had revenue from research collaborations, both IONQ and RGTI do not have a commercially viable product, nor do they even have a realistic timeline to one. Both claim, maybe 2030...and quantum computers have always been ""5 more years!""

Some facts - The RGTI CEO is focused on fidelity - improving accuracy a projected 2x this year! To be commercially viable ""like an NVIDIA GPU"" requires 100,000,000 X accuracy gains...

Quantum Advantage is not a given at lower fidelity rates either.

The commercial TAMS they claim Quantum will help are not limited by compute (drug discovery, networking, crypto, NFTs, AI, etc.)

And now we get to the event coming up; NVIDIA's Quantum Day.

These stocks went into free fall when Jensen and Zuckerberg admitted quantum tech is many decades out from relevance.

Jensen then saved them by stating he was going to host quantum day; MSFT the same day announced for companies to be ""quantum ready for 2025!"" in a blog post.

We have to ask ourselves why? And what is happening at quantum day?

The WHY behind NVDA and MSFT is simple - right after this hype marketing on quantum, MSFT reported dissapointing cloud sales to enterprise. MSFT cap-ex on NVIDIA GPUS is dependent on these units sales. MSFT offers the ability to play around with these quantum computers on their cloud for research purposes - though they are typically down and worthless but they do consume a TON of compute.

This not only marked the top of the market because why would MSFT and NVDA need to pump quantum if AI is going HAM? It's an act of desperation by their marketing teams, simple as.

Finally the coup de grace - QUANTUM DAY (RED WEDDING)

Who is the guest on the same level as NVDA? Crowdstrike. Why? Because the only real application for quantum computers long term is encryption breaking...important for security. The only issue here is; Crowdstrike is invested in avoiding that for their customers so they will DEFINITELY outline how they will invalidate this technology.

When the market realizes the only potential use for quantum in decades will be invalidated by tech from players like CRWD, its a headshot.

To add insult to injury, IONQ's CEO who is attending the NVDIA conference has been comparing themselves to 2015 NVIDIA...claiming Jensen is afraid of them...lol

This CEO is a serial SPACer and midwit.

Enjoy shorting this or buy puts. I think all will work out. Not financial advice. Maybe buy some short term calls to hedge.

Short with April hedges.

https://preview.redd.it/xogflhef73oe1.png?width=548&format=png&auto=webp&s=383fd6222262a6237633e591b712a9a6a90975b8

",98,2025-03-11 16:28:45,wallstreetbets,https://www.reddit.com/r/wallstreetbets/comments/1j8uv2o/ionq_and_rgti_why_nvidia_quantum_day_is_their_red/
1j8tfjd,"Looking for Stocks That Have Crashed, But With Real Fundamentals","I just ran my latest scan and found 59 stocks down 20% or more in the last 20 days with positive FCF, at least 50% gross margin, revenue growth of at least 10%, market cap above a billion, and in one of the major indexes.

I decided to go on the hunt for stocks that have been hit rather hard in this downturn. Rather than focusing on the same few names like NVIDIA or Microsoft, I decided to go deeper. 

I am posting this to hear what stocks you are watching and not just for technicals, but also for fundamental purposes. Do they have positive free cash flow? Are they profitable? Are they still growing with a large TAM? Please post it in the comments.

Here's my scan and a few names did surprise me - like Interactive Brokers IBKR being on this list! What other names do you see?

[Not the full scan but a big chunk of it!](https://preview.redd.it/0h6zym7ww2oe1.png?width=714&format=png&auto=webp&s=0f51a38c6aa2c30ba46740d718eb08064b9c98a7)

",56,2025-03-11 15:29:05,stocks,https://www.reddit.com/r/stocks/comments/1j8tfjd/looking_for_stocks_that_have_crashed_but_with/
1j8r6gq,Meta begins testing its first in-house AI training chip.,"Interesting news coming out of Meta. They are testing their first in-house chip. 

A big reason highlighted is their reliance on NVDA for AI infrastructure. They have [forecast total 2025 expenses](https://www.reuters.com/technology/meta-reports-upbeat-quarterly-revenue-2025-01-29/) of $114 billion to $119 billion, including up to $65 billion in capital expenditure largely driven by spending on AI infrastructure. 

According to the source, Meta is working with Taiwan-based chip manufacturer TSMC. 

Source: [https://www.reuters.com/technology/artificial-intelligence/meta-begins-testing-its-first-in-house-ai-training-chip-2025-03-11/](https://www.reuters.com/technology/artificial-intelligence/meta-begins-testing-its-first-in-house-ai-training-chip-2025-03-11/)",5,2025-03-11 13:49:04,stocks,https://www.reddit.com/r/stocks/comments/1j8r6gq/meta_begins_testing_its_first_inhouse_ai_training/
1j8qi84,These are the stocks on my watchlist (03/11),"This is a daily watchlist for short-term trading: I might trade all/none of the stocks listed, and even stocks not listed! I am targeting potentially good candidates for short-term trading; I have no opinion on them as investments. The potential of the stock moving today is what makes it interesting, everything else is secondary.

We had a hell of a selloff yesterday. I see today as an attempt to recover, not too interested in going short on the market today unless we break new lows. Trying out a new layout today.

News: [ Citi Downgrades US Stocks While Wall Street Set to Pause Selloff](https://www.bloomberg.com/news/articles/2025-03-11/citi-cuts-us-stocks-raises-china-on-pause-in-us-exceptionalism-m83svz54)

[**TSLA (Tesla)**](https://finviz.com/quote.ashx?t=TSLA&p=d)**/**[**NVDA (NVIDIA)**](https://finviz.com/quote.ashx?t=NVDA&p=d)**/**[**RDDT (Reddit)**](https://finviz.com/quote.ashx?t=RDDT&p=d)**/**[**SPY (SPDR S&P 500 ETF)**](https://finviz.com/quote.ashx?t=SPY&p=d)

Saw these move mainly due to recession fears and the entire market panicking, MASSIVE move yesterday.

Yesterday, mainly traded TSLA on the overnight exchanges. It had the largest move and got down to around $212. Overall a lot of negative sentiment ranging from boycotts and Elon controversies. Not too interested in trading TSLA today again.  I'm interested in NVDA if we break below 100 but again I think that we'll mainly see a small bounce today rather than breaking new lows. As for RDDT, we're 50% down from highs! Interesting swing candidate but will see how today goes. To me these are the standout stocks yesterday to trade due to recession fears. I don't really see a way out for TSLA regarding the boycotts. We've also seen a decently large move in the VIX (VXX) and we're close to above 60- I'm interested in shorting if we're above $60 but doubt we'll hit that today.

[**ASAN (Asana)**](https://finviz.com/quote.ashx?t=ASAN&p=d)

CEO/co-founder, Dustin Moskovitz announced retirement. The company reported Q4 revenues of $188.3M, a 10% YoY increase, and issued a revenue outlook for fiscal 2026 below expectations (resulting in the drop).

That drop was close to 25%, mainly because Dustin owns close to 54% of the company, which signals a LOT of uncertainty and lack of faith in the company. Overall outlook is decently disappointing, and I'm mainly interested in it if we break $11.50 and very interested in buying $10.

**Ticker:** [**AAL (American Airlines)**](https://finviz.com/quote.ashx?t=AAL&p=d)

AAL projected a higher-than-expected Q1 loss and revised its revenue outlook downward, attributing the weaker forecast to softness in the domestic leisure segment. This is probably amplified by fears of flying, mainly due to people being terrified of all the plane accidents that have happened in 2025. Recession fears also lead to people cutting their vacations/discretionary spending and saving money, so things may get worse. Overall we're seeing a slight recovery in the premarket but still watching to see how this trades. To me airlines are one of the bigger leading signals of economic uncertainty so will continue watching. Other tickers that have moved on this are DAL, UAL, LUV.",0,2025-03-11 13:17:11,stocks,https://www.reddit.com/r/stocks/comments/1j8qi84/these_are_the_stocks_on_my_watchlist_0311/
1j8onh8,Post your portfolio and rate others,"Ill go first.

\*cleaned it up a little with autoassist

  
I work as a portfolio manager at a family office.

I derisked my book in december and was in treasuries in january..I have started reallocating into various equities across global sectors.

* **BAE Systems (UK)**: Leader in defense with strong cash flows, dividend yield (\~2%), benefiting from increased NATO spending.
* **Rheinmetall (Germany)**: Key player in European rearmament; rapid growth (\~40% YoY), strong order backlog.
* **Leonardo S.p.A. (Italy):** Aerospace and defense leader, undervalued relative to peers, robust revenue growth.
* **Thales S.A. (France):** High-tech defense electronics & cybersecurity, strong cash flow, stable dividend.
* **Rolls-Royce (UK):** Turnaround play benefiting from defense spending and aerospace recovery, strong margins.



* **HSBC Holdings (UK):** Global presence, strong Asia growth, high dividend (\~6%), undervalued (P/E \~8.5×).
* **BNP Paribas (France):** Largest Eurozone bank, high capital returns (\~8-9% yield including buybacks), undervalued.
* **Banco Santander (Spain):** Attractive dividend/buyback yield (\~8%), exposure to Europe and Latin America.
* **Allianz SE (Germany):** Solid insurance giant, stable dividends, defensive stability, benefits from higher interest rates.
* **UniCredit (Italy):** Deeply undervalued bank, very high capital returns (\~12% yield), significant turnaround under new management.

**Short Positions (U.S.):**



* **Tesla (TSLA):** Overvalued, margin pressure, increasing EV competition.
* **Nvidia (NVDA):** Sky-high valuation on AI hype, risk from competitive chip entrants.
* [**C3.ai**](http://C3.ai) **(AI):** Unprofitable, modest growth, heavy AI hype priced in (high short interest \~19%).
* **Upstart Holdings (UPST):** Vulnerable lending model with high interest rates, high short interest (\~22%).



* **Beyond Meat (BYND):** Persistent cash burn, severe sales decline, very high bankruptcy risk (short interest \~44%).
* **Plug Power (PLUG):** Continuous cash burn, high dilution risk, unprofitable business (short interest \~32%).
* **Lucid Group (LCID):** Low production volumes, high burn rate, significant competition in EV market (short interest \~28%).
* **Carvana (CVNA):** Questionable profitability, heavy debt load, cyclical exposure to rising rates and used-car market.

",0,2025-03-11 11:35:32,investing,https://www.reddit.com/r/investing/comments/1j8onh8/post_your_portfolio_and_rate_others/
1j8mhqn,Trumps tariffs. Which companies might avoid pain?,"I am hoping to initiate a discussion about specifics here. What companies and industries could suffer the most from from these tariffs. For example a common narrative I am seeing is 

“due too uncertainty companies will halt hiring and due to increased operating costs companies will stop advertising”

Meaning companies like Meta or Reddit will suffer.

But then in the case if companies likes NVDA, the AI front runner. How will tariffs affect the sales of chips? 

Basically if you have a company and a thesis of how it will be specifically positively or negatively by this somewhat extreme environment. 

P.S. You do not need to comment “no one knows for sure” because everyone already knows that. 

The goal here is purely to enjoy ourselves with prediction in just a fun lighthearted way. Let’s try to get at least a little but if joy out of theorising and guessing how this ends. 

",2,2025-03-11 09:03:42,stocks,https://www.reddit.com/r/stocks/comments/1j8mhqn/trumps_tariffs_which_companies_might_avoid_pain/
1j8g78j,"2-fund, 0% TSLA, VOO replacement (aka, the F'ELON fund)","I've wanted to remove TSLA from my ETF holdings for years, but it's recently become a priority. I used the reasoning function in ChatGPT to look at how to do this as simply as possible within existing Vanguard ETFs.

I'm looking at replacing VOO specifically, but GPT can easily replicate this for VTI or any other index fund. I call it the **F'ELON-EZ = 70% VIG, 30% VTV**

Has anyone else purged TSLA from their holdings? What funds are you using?


EDIT: As many have pointed out, GPT appears to be hallucinating the holdings of VTV and VIG. Lesson learned for getting excited and posting this before double checking the data. 

I’m going to do this the hard way and post back later. 

\--------------------------------------------------------------------------------------

F'ELON-EZ vs. VOO: Hypothetical Annualized Returns

|Time Horizon|VOO (S&P 500)|F'ELON-EZ (70% VIG / 30% VTV)|
|:-|:-|:-|
|**1-Year**|\~12.5%|\~12.3%|
|**3-Year Annualized**|\~14.0%|\~13.8%|
|**5-Year Annualized**|\~11.0%|\~10.8%|
|**10-Year Annualized**|\~9.0%|\~8.8%|

F'ELON-EZ vs. VOO: Top 50 Holdings by %

|Rank|Company (Ticker)|VOO Weight|F'ELON‑EZ Weight|
|:-|:-|:-|:-|
|1|Apple (AAPL)|7.0%|6.8%|
|2|Microsoft (MSFT)|6.0%|5.9%|
|3|Amazon (AMZN)|4.0%|3.7%|
|4|Alphabet (GOOGL)|3.5%|3.4%|
|5|Nvidia (NVDA)|2.5%|2.4%|
|6|Tesla (TSLA)|1.5%|0.0%|
|7|Berkshire Hathaway (BRK.B)|1.5%|1.6%|
|8|Johnson & Johnson (JNJ)|1.5%|1.7%|
|9|JPMorgan Chase (JPM)|1.3%|1.4%|
|10|Visa (V)|1.1%|1.1%|
|11|Procter & Gamble (PG)|1.0%|1.0%|
|12|UnitedHealth Group (UNH)|1.0%|1.0%|
|13|Home Depot (HD)|1.0%|1.0%|
|14|Mastercard (MA)|0.9%|0.9%|
|15|Exxon Mobil (XOM)|0.9%|0.9%|
|16|Verizon (VZ)|0.8%|0.8%|
|17|Chevron (CVX)|0.8%|0.8%|
|18|Merck (MRK)|0.7%|0.7%|
|19|Pfizer (PFE)|0.7%|0.7%|
|20|AT&T (T)|0.7%|0.7%|
|21|Coca-Cola (KO)|0.6%|0.6%|
|22|PepsiCo (PEP)|0.6%|0.6%|
|23|Adobe (ADBE)|0.6%|0.6%|
|24|Cisco Systems (CSCO)|0.6%|0.6%|
|25|Walmart (WMT)|0.6%|0.6%|
|26|Oracle (ORCL)|0.5%|0.5%|
|27|Netflix (NFLX)|0.5%|0.5%|
|28|Intel (INTC)|0.5%|0.5%|
|29|Comcast (CMCSA)|0.5%|0.5%|
|30|Broadcom (AVGO)|0.5%|0.5%|
|31|Accenture (ACN)|0.5%|0.5%|
|32|Thermo Fisher Scientific (TMO)|0.5%|0.5%|
|33|Eli Lilly (LLY)|0.5%|0.5%|
|34|Nike (NKE)|0.5%|0.5%|
|35|Salesforce (CRM)|0.5%|0.5%|
|36|Abbott Laboratories (ABT)|0.5%|0.5%|
|37|McDonald's (MCD)|0.5%|0.5%|
|38|Texas Instruments (TXN)|0.5%|0.5%|
|39|Amgen (AMGN)|0.5%|0.5%|
|40|Starbucks (SBUX)|0.5%|0.5%|
|41|NextEra Energy (NEE)|0.5%|0.5%|
|42|Goldman Sachs (GS)|0.5%|0.5%|
|43|Honeywell (HON)|0.5%|0.5%|
|44|Bristol-Myers Squibb (BMY)|0.5%|0.5%|
|45|Union Pacific (UNP)|0.5%|0.5%|
|46|Qualcomm (QCOM)|0.5%|0.5%|
|47|General Electric (GE)|0.5%|0.5%|
|48|Morgan Stanley (MS)|0.5%|0.5%|
|49|Philip Morris Intl. (PM)|0.5%|0.5%|
|50|3M (MMM)|0.5%|0.5%|",0,2025-03-11 02:12:38,investing,https://www.reddit.com/r/investing/comments/1j8g78j/2fund_0_tsla_voo_replacement_aka_the_felon_fund/
1j8frnw,Is Nvidia stock crashing is a sign of the AI bubble about to burst?,"I've been thinking all this money thrown at """"""AI"""""" companies that are nothing more than running ChatGPT in the background is similar to what happened in the dotcom bubble. A company could just say ""oh yeah we're leveraging breakthrough HTML technology. We're disrupting the brick and mortar stores because we're a dotcom!""

ChatGPT isn't even profitable, and so isn't many of these other AI models. They're just surviving off of investor funds. I think a lot of investors will be in for a rude awaking when they realize their investment in an AI toilet seat company doesn't make returns.

I think Nvidia is super super overvalued. It didn't shoot up in value until the AI buzz happened. Really at their core, they are a company selling graphics cards to gamers. It just so happens AI runs really well on their graphics cards.

Maybe investors are realizing that companies touting AI can really only talk the talk and not walk walk. As I type this, Nvidia stock is lower than it was 6 months ago.",0,2025-03-11 01:51:00,investing,https://www.reddit.com/r/investing/comments/1j8frnw/is_nvidia_stock_crashing_is_a_sign_of_the_ai/
1j8fg5d,Tech megacaps lose over $750 billion in market cap in worst day for Nasdaq since 2022,"It’s gone from bad to worse for tech investors.

With the Nasdaq suffering its steepest drop since 2022 on Monday, the seven most valuable tech companies lost more than $750 billion in market value. Recession fears and concerns about a trade war drove the selloff.

Apple led the megacap losses, with its value plummeting by about $174 billion. Nvidia shaved off almost $140 billion in market value and shares closed down 5%. The leading AI chipmaker has lost nearly a third of its value just two months after notching a fresh high in January.

Tesla had the biggest percentage loss, with shares of the electric vehicle maker tumbling 15%, their worst day since 2020. The company has lost more than half its value since its stock price peaked in mid-December**.** The stock is also coming off its longest weekly losing streak in history as a public company.

Tesla lost $130 billion in value on Monday, while Microsoft and Alphabet lost $98 billion and $95 billion, respectively. Amazon lost $50 billion and Meta lost $70 billion.

Alphabet and Meta dropped more than 4% on Monday, while Microsoft and Amazon dropped at least 2% each. The Technology Select Sector SPDR Fund fell more than 4%, entering correction territory. Shares are more than 14% off their high.

Heavy selling intensified across the tech, with the Nasdaq falling to a six-month low. Many tech companies rely on parts and manufacturing overseas and new levies could push up prices. That’s also sparked worries of a U.S. recession, which Trump didn’t rule out over the weekend.

Semiconductor makers have also felt the pain, with the sector a primary target of new tariffs. Last week, the president announced an additional $100 billion investment from Taiwan Semiconductor Manufacturing and called the company the “most powerful” in the world as he looks to boost domestic production.

The VanEck Semiconductor ETF has plunged 3% over the past week and is down more than 16% since the inauguration. Heavy selling rattled the sector again Monday, with the ETF last down roughly 5%. Marvell Technology shed 8%, while ASML Holding and Micron Technology slumped more than 6% each. Broadcom fell 5%.

Source: [https://www.cnbc.com/2025/03/10/nvidia-down-30percent-from-high-as-tech-led-sell-off-hits-magnificent-seven.html](https://www.cnbc.com/2025/03/10/nvidia-down-30percent-from-high-as-tech-led-sell-off-hits-magnificent-seven.html)",394,2025-03-11 01:35:26,stocks,https://www.reddit.com/r/stocks/comments/1j8fg5d/tech_megacaps_lose_over_750_billion_in_market_cap/
1j88lrt,All announced company changes for MAG7 and stock price movements for today:,"AAPL: -4.85%

AMZN: -2.36%

GOOG: -4.41%

META: -4.42%

MSFT: -3.34%

NVDA: -5.07%

TSLA: -15.43%

All company changes:

None.

The point of this post is nothing fundamentally has changed about these companies- their sales/profits may increase or decrease by 1 or 2%, but at the end of the day, they are the backbone of the entire economy and will continue to be for the next decade, tesla doesn't count. (why it's part of the mag7 I'll never know).

These companies will continue to excel in their respective fields, regardless of whether the share price goes up or down.",0,2025-03-10 20:32:14,stocks,https://www.reddit.com/r/stocks/comments/1j88lrt/all_announced_company_changes_for_mag7_and_stock/
1j872ms,Why the fuck does Waste Connection ($WCN) has a P/E of 84.06?,"Peter Lynch often advocated us to buy ""unattractive"" companies with Waste Management being one of the most recommended examples in his book. 

Now let's look at a Canadian analogue. Waste Connection. 

It has a P/E of 84.06! 

While not quite insane like Tesla's 128.87.

It is trading at almost 3x the P/E of NVDA. 

Meawhile $WM has a P/E of 33.72. 

Why is a literal trash company trading like a high growth tech company? ",28,2025-03-10 19:27:11,investing,https://www.reddit.com/r/investing/comments/1j872ms/why_the_fuck_does_waste_connection_wcn_has_a_pe/
1j840om,I told my parents to buy near peak and now I feel terrible,"I’ve been telling my Asian parents to buy US stocks for about two years now. They finally caved in three weeks ago and bought 200Kish worth of SPY and 100Kish of Nvidia. And voila the market collapsed. They are sitting at a loss. I told them to just wait out a year or two. It will still be a better investment than a savings account but they are very worried.. 

I just wanted to write this some where cause I feel like a clown right now. I should have told them to wait with how Trump is imposing tariffs everywhere. ",7454,2025-03-10 17:22:22,stocks,https://www.reddit.com/r/stocks/comments/1j840om/i_told_my_parents_to_buy_near_peak_and_now_i_feel/
1j82ygm,115K in NVDA,"If this doesn't work, Im fkd",67,2025-03-10 16:38:33,wallstreetbets,https://i.redd.it/wu89mp7g4wne1.jpeg
1j6vpu7,What’s next for Nvidia after data centers are largely built out?,"An enormous portion of nvidia’s revenue currently comes from data centers. We are seeing significant capex from large tech players (google, msft, meta, etc.) dedicated to data centers but I can’t imagine this to be an annual ever-increasing and ever-recurring expense. 
What happens to nvidia’s revenue when its biggest customers largely finish building out their data centers, and do not need to continue purchasing such large amounts of GPUs on a consistent basis? What revenue streams does nvidia have or may have in the future that would help offset the cyclical nature of demand for data center GPUs? Its non-data center revenue streams currently account for only about 10% of overall revenue. 
",112,2025-03-09 00:51:39,investing,https://www.reddit.com/r/investing/comments/1j6vpu7/whats_next_for_nvidia_after_data_centers_are/
1j6qhpt,"Is NVDA dipping bc of macro, deepseek or both?!",I want to buy bc I think the price is on a discount ... I see a lot of comments about 70-90$ PT and make me wait but I am scared to regret ... if the current dip bc of macro then I don't care bc things will get better but if deepseek is the reason then I think this is a risky investment ...  ,0,2025-03-08 20:43:56,stocks,https://www.reddit.com/r/stocks/comments/1j6qhpt/is_nvda_dipping_bc_of_macro_deepseek_or_both/
1j6j9eg,"New, is what I’m doing currently ok?","Been investing for about 6-7 months. Good luck so far made about 30% (via PLTR at 32 from someone on the nvidia sub Reddit telling me)

I started a new job in tech sales, I’m a 22m so I’m not making great money as of now. But in the years to come it will shoot up im confident, im good at sales and the xp im getting from the current industry will help me shoot up

Putting 200 into my fidelity account a week and stock picking and buying etf’s

Putting 100 a week into my Roth IRA. 

Really only have 300ish to invest a week

How would you tweak it

",2,2025-03-08 15:16:33,investing,https://www.reddit.com/r/investing/comments/1j6j9eg/new_is_what_im_doing_currently_ok/
1j63hro,I have 500k in cash. Here’s what I’m buying in the 2025 crash,"I’ve been waiting on the sidelines to load up on cheap blue chip companies. Here’s how I plan to allocate my portfolio, any thoughts?

Orcl: 15%
Potential contender to buy tik tok, data giant and huge demand for data centers with AI, cash flow machine

Cava: 15%
Huge demand for healthy food, very popular, lots of growth and amazing tasting food. Could be the next chipotle 

Hood (if cheaper):5%
I use it to trade, user friendly, large user base growing fast, mostly young users with huge potential to grow deposits in the future.

Smh: 15%
Semiconductor ETF, Must get into semiconductors they will lead the AI boom.

Meta (@580): 15%
Cashflow machine. Huge user base billions of people. If tik tok ban sticks, insta reels will get a boost. 

NBIS: 2.5%
Risky data center play. Huge cash pile and massive demand. Solid team with proven execution. 

Amzn (@$188): 15%
Undervalued right now, use it all the time. AWS will thrive with AI. Amazing company will be around for years. 

AMD: 2.5%
They’re lagging NVDA, overall risky but they will still grow from AI and could one day develop something to dethrone NVDA. Hopefully they don’t end up like INTC

TSMC: 2.5%
The world’s Fab producer- selling shovels to semiconductor boom. I would have a larger allocation but geopolitical risk is large given china has outright said they will invade Taiwan. 

ADBE: 2.5%
Strong cashflow, wide moat, no other software like it, only getting better with AI integration. Figma acquisition protects moat. 

VGT: 3.75%
Overall investing in tech as a whole, low risk etf. 

MSFT 3.75%
Their monopoly with teams and the whole Microsoft ecosystem is extremely sticky. And their stake in open AI has allowed them to integrate all their products with AI like co pilots. AI will only improve and MSFT will be the first to benefit from it. 

LUCK:5%
Risky consumer discretionary if recession occurs. Large debt load. Their bowling alleys have strong demand and it’s a stable business in good times with a lot of real estate assets. In a few years cash flow will cover debt and this should appreciate nicely + they pay a dividend",0,2025-03-07 23:28:53,stocks,https://www.reddit.com/r/stocks/comments/1j63hro/i_have_500k_in_cash_heres_what_im_buying_in_the/
1j5xpox,Dang.,"All stocks. Rode leveraged NVDA down hard. Been chasing since. Down 62,000->28000 now ",91,2025-03-07 19:27:27,wallstreetbets,https://i.redd.it/wjbjignujbne1.jpeg
1j5vf0g,Nvidia's Wild Ride - Soaring to New Highs or Crashing to Reality?,"I’ve been following Nvidia's latest developments, and let’s just say, it’s been a wild ride.
On one hand, Nvidia continues to dominate the AI and data center space, with demand for its next-gen Blackwell chips reaching unprecedented levels. Strategic partnerships with tech giants like AWS, Microsoft, and Google have solidified its position as the undisputed leader in the industry.

But here’s where things get complicated.

Recent stock sell-offs, partly triggered by Marvell's earnings report, have cast a shadow over the entire AI semiconductor sector, and Nvidia is no exception. To add fuel to the fire, fraud allegations surrounding Nvidia chips in Singapore have raised serious questions about the company’s supply chain, adding to investor concerns.

While some analysts remain incredibly bullish, with price targets as high as $200, others like seasoned fund manager Doug Kass are predicting a sharp correction, with prices potentially plummeting to the $50-$75 range, citing Nvidia’s high valuation and growing risks.

Are we about to witness Nvidia's stock continue its meteoric rise, or are we staring down the barrel of a massive correction? 
Could we see prices sink below $90? ",11,2025-03-07 18:04:58,investing,https://www.reddit.com/r/investing/comments/1j5vf0g/nvidias_wild_ride_soaring_to_new_highs_or/
1j5u5k4,"NVIDIA Put Options for $56k Profit in One Day
Woke up and opened the account and holy shit it doubled, what happened",,1113,2025-03-07 17:21:14,wallstreetbets,https://i.redd.it/gofel0x7xane1.jpeg
1j5tl9z,"Nvidia: Rising Competition, Valuation Concerns, and Shifting AI Investments","* Nvidia peaked in June 2024 and has been in a sideways correction.
* DeepSeek's AI model and high Nvidia valuation caused a sharp stock decline.
* Cloud companies' weak performance reduced AI chip investments.
* AMD and tech giants are developing cheaper AI chips, pressuring Nvidia.
* Nvidia remains dominant but faces increasing competition and valuation concerns.



In January 2025, Chinese AI company DeepSeek made a bold move by launching a new AI model at a fraction of the cost typically required. This raised concerns about Nvidia’s market monopoly, leading to a historic one-day market cap loss of nearly $600 billion. The stock had already been struggling after peaking in June 2024, showing signs of a broader correction phase. Weak cloud profits and reduced AI hardware investments from major cloud companies added to the downturn. Despite Nvidia consistently beating earnings estimates, its high valuation has investors questioning its long-term sustainability. The company’s $2.8 trillion valuation, trading at 12.5x forward revenue for FY 2027, has been flagged as a major risk.

Nvidia’s latest earnings exceeded analyst expectations, beating EPS estimates by $0.04 and revenue estimates by $1.19 billion. Annual EPS growth remains strong, but the stock failed to rally due to external market conditions. Major hyperscalers like Amazon, Google, and Microsoft underperformed in cloud revenue, signaling a slowdown in AI chip investments. Investors are concerned about weakening demand as new competitors introduce cheaper AI models. Nvidia forecasts a 56% YoY revenue increase for FY 2026 and 21% for FY 2027, yet risks remain as the AI chip market becomes more competitive.

Amazon, Microsoft, and Google account for nearly half of Nvidia’s data center sales. Their investments in Nvidia’s AI chips have powered cloud AI workloads, but recent underperformance in cloud revenue is forcing them to reconsider expensive AI hardware spending. Companies are increasingly looking for alternatives to Nvidia’s GPUs, such as in-house chips and more affordable AI models. AI training, which once required millions of dollars in Nvidia GPUs, can now be done for as little as $50 using new techniques. Alibaba’s latest AI model has surpassed DeepSeek, challenging Nvidia’s dominance. With cloud growth slowing, hyperscalers are cutting back, further threatening Nvidia’s future revenue.

Competition in the AI hardware space is intensifying as more companies shift away from Nvidia’s expensive GPUs. DeepSeek’s R1 model is now available on AWS and Azure, gaining rapid adoption due to its low cost. Alibaba’s Qwen2.5-Max is reportedly more advanced, further pressuring Nvidia. Research from Stanford and the University of Washington has demonstrated that powerful AI models can be trained for just $50, proving that high-end GPUs are no longer necessary. Major tech firms like Google, Amazon, and Microsoft are investing in custom AI chips, reducing reliance on Nvidia and reshaping the market.

AMD is rapidly expanding its AI chip business, positioning itself as a strong competitor. CEO Lisa Su expects tens of billions in AI chip revenue annually, and the company is accelerating the launch of its Instinct MI350 to compete with Nvidia’s flagship chips. Other companies, including OpenAI, Google, and Amazon, are developing their own AI chips to reduce dependency on Nvidia. These alternatives are proving to be more efficient and cost-effective, which could threaten Nvidia’s ability to maintain its premium pricing and dominant market position.

Wall Street remains skeptical about Nvidia’s valuation. The stock is trading at 12.5x forward revenue for FY 2027, with a high forward P/E ratio of 25x FY 2026 EPS estimates. Comparatively, Alphabet trades at 18.5x forward P/E, making Nvidia look significantly more expensive. With Amazon, Google, and Microsoft seeing weaker cloud revenue growth, Wall Street is pushing them to cut capital expenditures. If hyperscalers reduce AI chip purchases, Nvidia’s revenue projections may be revised downward, increasing concerns about the sustainability of its high valuation.

The future of Nvidia’s stock price remains uncertain. A prolonged correction could continue as the AI market undergoes structural changes. The company faces mounting competition from AMD, DeepSeek, and custom AI chips, which could erode its market share. If hyperscalers continue to scale back on AI hardware spending, Nvidia’s revenue growth could take a hit. Stock valuation comparisons highlight potential downside risks, with Nvidia trading at 12.3x forward revenue for FY 2027. Forecasts for Nvidia’s revenue range from $179 billion to $334 billion, highlighting the uncertainty surrounding the company’s growth potential. While Nvidia remains a dominant force, the increasing number of competitors and shifting industry trends suggest that its upside may be limited.

Financial data reinforces Nvidia’s strong market presence, with a 78% YoY revenue growth in Q4, reaching $39.3 billion, driven by a 93% increase in data center revenue. Analysts estimate Nvidia’s forward revenue between $179 billion and $334 billion, reflecting its market strength. However, Nvidia’s high forward P/E ratio of 40–50x, compared to Alphabet’s 20–25x, indicates stretched valuations that may not be sustainable. Despite its leadership in AI chips, the emergence of alternatives is forcing Nvidia to adapt or risk losing ground.

Broader industry trends indicate a shift in AI and semiconductor investments. Hyperscalers are prioritizing efficiency over Nvidia’s expensive GPUs, turning to cost-effective AI models from DeepSeek, Alibaba, and academic institutions. Geopolitical factors may also impact Nvidia’s supply chain and stock price. Market performance suggests a shift in investor sentiment, with Microsoft’s stock down 20% from its peak despite the S&P 500 rising 10%. The AI sector is evolving, and Nvidia’s dominance, built on CUDA, faces growing competition from rising alternatives.

**TL;DR:** Nvidia’s stock has struggled since peaking in June 2024 due to rising competition from DeepSeek and AMD, reduced cloud investments, and concerns over high valuation. Despite strong earnings, Wall Street remains skeptical about its long-term growth. AI hardware spending is shifting towards cost-effective solutions, putting pressure on Nvidia’s pricing power. While the company remains dominant, increasing competition and hyperscaler cutbacks could limit its upside potential.

",0,2025-03-07 17:01:54,investing,https://www.reddit.com/r/investing/comments/1j5tl9z/nvidia_rising_competition_valuation_concerns_and/
1j5oyes,"These are the stocks on my watchlist (03/7) - Jobs, Chips, and Lunar Landers","This is a daily watchlist for short-term trading: I might trade all/none of the stocks listed, and even stocks not listed!

I am targeting potentially good candidates for short-term trading; I have no opinion on them as investments.

The potential of the stock moving today is what makes it interesting, everything else is secondary.

Jobs report came out premarket, overall expect a small recovery today.

News: [Us Employment Report For February](https://www.bloomberg.com/news/live-blog/2025-03-07/us-employment-report-for-february)

**Ticker:** [**AVGO (Broadcom)**](https://finviz.com/quote.ashx?t=AVGO&p=d)

**Catalyst:** Earnings. Reported EPS of $1.60 vs. $1.49 exp, revenue of $14.92B vs. $14.61B expected. AVGO gave strong guidance of $14.9B vs $14.76B. Cited strong growth due to AI chips and/infrastructure components for training AI.

**Technicals:** Watching to see if we break $200 level today.

**Catalyst/Sector Context:** I think we're seeing the AI hype become more concentrated in the ""winners"" of the AI race now. There are some companies that ARE citing falling demand for their AI related products while others are stating that demand is still robust. Likely going to see greater consolidation in the future. Major chipmakers like Broadcom are benefiting from hyperscaler investments in AI over the 3 year AI boom.

**Risks:** Tariffs/supply chain constraints make the supply chain far more tenuous.

**Related Tickers:** NVDA, AMD, QCOM, all other semiconductor stocks

**Ticker:** [**LUNR (Intuitive Machines)**](https://finviz.com/quote.ashx?t=LUNR&p=d)

**Catalyst:** LUNR’s uncrewed Nova-C lander, Athena, encountered challenges upon landing on the Moon. (Something to do with their lunar lander not landing at the correct angle, I'm no rocket scientist.)

**Technicals:** LUNR sold off close to 40% yesterday, watching to see if we break the lows at $6.70 premarket. We had 3 major spikes (2 went to the lower) and I'm interested in seeing if we can make any form of recovery today.

**Catalyst/Sector Context:** These exploratory spaceflight companies are insanely volatile and depend on their spaceflights doing well- as seen yesterday.

**Risks:** Technical malfunctions could impact investor confidence and future funding. Delays in future missions or failures in securing government contracts could also hinder growth.

**Related Tickers:** ASTS, RKLB

**Ticker:** [**WBA (Walgreens)**](https://finviz.com/quote.ashx?t=WBA&p=d)

**Catalyst:** WBA has agreed to a \~$10B deal with Sycamore Partners to take the company private. Deal is $11.45/shr in cash.

**Technicals:** We saw a strong spike from 10.60 -> 11.20 after the news.

**Catalyst/Sector Context:** Buyout play, but obviously there's not much reward left on this catalyst.

**Risks:** Deal could get cancelled, more delays, regulatory scrutiny, etc.

**Ticker:** [**HPE (Hewlett Packard Enterprise)**](https://finviz.com/quote.ashx?t=HPE&p=d)

**Catalyst:** EPS of $0.49 vs. $0.49 expected. Revenue of $7.85B vs. $7.82B expected. HPE’s results were in line with expectations but they cited profit next year would be hurt by tariffs and had weak margins on server sales. Stated IT products from China and Mexico would affect the company’s outlook.

**Catalyst/Sector Context:** The IT hardware sector is facing supply chain disruptions and rising production costs due to tariff outlook. Easy rule of thumb: the more complex the product (advanced electronics), the more affected by tariffs they are.

**Related Tickers:** DELL, CSCO, NTAP",0,2025-03-07 14:17:26,stocks,https://www.reddit.com/r/stocks/comments/1j5oyes/these_are_the_stocks_on_my_watchlist_037_jobs/
