title,url,snippet,combined_text,clean_text,tokens,lda_topic,topic_label,keywords,gpt_summary,gpt_score,gpt_direction
Download The Official NVIDIA Drivers | NVIDIA,https://www.nvidia.com/en-us/drivers/,Download the latest official NVIDIA drivers to enhance your PC gaming experience and run apps faster.,Download The Official NVIDIA Drivers | NVIDIA Download the latest official NVIDIA drivers to enhance your PC gaming experience and run apps faster.,download official nvidia driver nvidia download late official nvidia driver enhance pc gaming experience run app fast,"['download', 'official', 'nvidia', 'driver', 'nvidia', 'download', 'late', 'official', 'nvidia', 'driver', 'enhance', 'pc', 'gaming', 'experience', 'run', 'app', 'fast']",4,"Topic 4: nvidia, geforce, driver","['nvidia download', 'driver nvidia', 'nvidia driver', 'official nvidia', 'nvidia']",The post discusses downloading the official NVIDIA driver to enhance PC gaming experience and run applications faster.,0.5,Positive
Official GeForce Drivers | NVIDIA,https://www.nvidia.com/en-us/geforce/drivers/,"Nov 12, 2019 · Whether you are playing the hottest new games or working with the latest creative applications, NVIDIA drivers are custom tailored to provide the best possible experience.","Official GeForce Drivers | NVIDIA Nov 12, 2019 · Whether you are playing the hottest new games or working with the latest creative applications, NVIDIA drivers are custom tailored to provide the best possible experience.",official geforce driver nvidia nov play hot new game work late creative application nvidia driver custom tailor provide good possible experience,"['official', 'geforce', 'driver', 'nvidia', 'nov', 'play', 'hot', 'new', 'game', 'work', 'late', 'creative', 'application', 'nvidia', 'driver', 'custom', 'tailor', 'provide', 'good', 'possible', 'experience']",4,"Topic 4: nvidia, geforce, driver","['nvidia nov', 'nvidia', 'nvidia driver', 'driver nvidia', 'application nvidia']",NVIDIA has released official GeForce drivers optimized for playing new games and working with creative applications to provide the best user experience.,0.7,Positive
World Leader in Artificial Intelligence Computing | NVIDIA,https://www.nvidia.com/en-us/,"NVIDIA GeForce RTX™ powers the world’s fastest GPUs and the ultimate platform for gamers and creators. Enjoy beautiful ray tracing, AI-powered DLSS, and much more in games and …","World Leader in Artificial Intelligence Computing | NVIDIA NVIDIA GeForce RTX™ powers the world’s fastest GPUs and the ultimate platform for gamers and creators. Enjoy beautiful ray tracing, AI-powered DLSS, and much more in games and …",world leader artificial intelligence computing nvidia nvidia geforce rtx power world fast gpu ultimate platform gamer creator enjoy beautiful ray tracing aipowere dlss game,"['world', 'leader', 'artificial', 'intelligence', 'computing', 'nvidia', 'nvidia', 'geforce', 'rtx', 'power', 'world', 'fast', 'gpu', 'ultimate', 'platform', 'gamer', 'creator', 'enjoy', 'beautiful', 'ray', 'tracing', 'aipowere', 'dlss', 'game']",1,"Topic 1: nvidia, dgx, station","['nvidia', 'nvidia nvidia', 'computing nvidia', 'geforce rtx', 'nvidia geforce']","NVIDIA is a world leader in artificial intelligence computing, offering powerful GPUs like the GeForce RTX for gamers and creators to enjoy advanced features like ray tracing and DLSS.",0.8,Positive
Download NVIDIA App for Gamers and Creators | NVIDIA,https://www.nvidia.com/en-us/software/nvidia-app/,"The NVIDIA App is the essential companion for PC gamers and creators. Keep your PC up to date with the latest NVIDIA drivers and technology. Optimize games and applications with a new unified GPU control center, capture your favorite moments with powerful recording tools through the in-game overlay, and discover the latest NVIDIA tools and ...","Download NVIDIA App for Gamers and Creators | NVIDIA The NVIDIA App is the essential companion for PC gamers and creators. Keep your PC up to date with the latest NVIDIA drivers and technology. Optimize games and applications with a new unified GPU control center, capture your favorite moments with powerful recording tools through the in-game overlay, and discover the latest NVIDIA tools and ...",download nvidia app gamer creator nvidia nvidia app essential companion pc gamer creator pc date late nvidia driver technology optimize game application new unified gpu control center capture favorite moment powerful recording tool ingame overlay discover late nvidia tool,"['download', 'nvidia', 'app', 'gamer', 'creator', 'nvidia', 'nvidia', 'app', 'essential', 'companion', 'pc', 'gamer', 'creator', 'pc', 'date', 'late', 'nvidia', 'driver', 'technology', 'optimize', 'game', 'application', 'new', 'unified', 'gpu', 'control', 'center', 'capture', 'favorite', 'moment', 'powerful', 'recording', 'tool', 'ingame', 'overlay', 'discover', 'late', 'nvidia', 'tool']",4,"Topic 4: nvidia, geforce, driver","['nvidia app', 'creator nvidia', 'download nvidia', 'nvidia tool', 'nvidia nvidia']","NVIDIA has released a new app for PC gamers and creators that includes features like driver optimization, game recording, and GPU control.",0.5,Positive
Nvidia - Wikipedia,https://en.wikipedia.org/wiki/Nvidia,"Nvidia Corporation[a] (/ ɛnˈvɪdiə / en-VID-ee-ə) is an American multinational corporation and technology company headquartered in Santa Clara, California, and incorporated in Delaware. [5]","Nvidia - Wikipedia Nvidia Corporation[a] (/ ɛnˈvɪdiə / en-VID-ee-ə) is an American multinational corporation and technology company headquartered in Santa Clara, California, and incorporated in Delaware. [5]",nvidia wikipedia nvidia corporationa nvdi envidee american multinational corporation technology company headquarter santa clara california incorporate delaware,"['nvidia', 'wikipedia', 'nvidia', 'corporationa', 'nvdi', 'envidee', 'american', 'multinational', 'corporation', 'technology', 'company', 'headquarter', 'santa', 'clara', 'california', 'incorporate', 'delaware']",4,"Topic 4: nvidia, geforce, driver","['nvidia corporationa', 'nvidia wikipedia', 'wikipedia nvidia', 'corporationa nvdi', 'nvdi envidee']","NVIDIA Corporation is an American multinational technology company headquartered in Santa Clara, California, incorporated in Delaware.",0.5,Positive
"NVIDIA GeForce Graphics Cards, Gaming Laptops, Desktop and …",https://marketplace.nvidia.com/en-ca/consumer/graphics-cards/,"Show NVIDIA GeForce graphics cards, gaming laptops, desktop and monitor from the official NVIDIA GeForce store - Canada. Know more about GeForce RTX 40 series GPUs.","NVIDIA GeForce Graphics Cards, Gaming Laptops, Desktop and … Show NVIDIA GeForce graphics cards, gaming laptops, desktop and monitor from the official NVIDIA GeForce store - Canada. Know more about GeForce RTX 40 series GPUs.",nvidia geforce graphic card game laptop desktop nvidia geforce graphic card game laptop desktop monitor official nvidia geforce store canada know geforce rtx series gpus,"['nvidia', 'geforce', 'graphic', 'card', 'game', 'laptop', 'desktop', 'nvidia', 'geforce', 'graphic', 'card', 'game', 'laptop', 'desktop', 'monitor', 'official', 'nvidia', 'geforce', 'store', 'canada', 'know', 'geforce', 'rtx', 'series', 'gpus']",4,"Topic 4: nvidia, geforce, driver","['nvidia geforce', 'official nvidia', 'nvidia', 'desktop nvidia', 'geforce rtx']","The text mentions NVIDIA GeForce graphic cards, gaming laptops, desktops, and monitors available in the official NVIDIA store in Canada, specifically highlighting the GeForce RTX series GPUs.",0.5,Positive
NVIDIA Announces DGX Spark and DGX Station Personal AI …,https://nvidianews.nvidia.com/news/nvidia-announces-dgx-spark-and-dgx-station-personal-ai-computers,"Mar 18, 2025 · DGX Spark — formerly Project DIGITS — and DGX Station™, a new high-performance NVIDIA Grace Blackwell desktop supercomputer powered by the NVIDIA Blackwell Ultra platform, enable AI developers, researchers, data scientists and students to prototype, fine-tune and inference large models on desktops.","NVIDIA Announces DGX Spark and DGX Station Personal AI … Mar 18, 2025 · DGX Spark — formerly Project DIGITS — and DGX Station™, a new high-performance NVIDIA Grace Blackwell desktop supercomputer powered by the NVIDIA Blackwell Ultra platform, enable AI developers, researchers, data scientists and students to prototype, fine-tune and inference large models on desktops.",nvidia announce dgx spark dgx station personal ai mar dgx spark project digit dgx station new highperformance nvidia grace blackwell desktop supercomputer power nvidia blackwell ultra platform enable ai developer researcher datum scientist student prototype finetune inference large model desktop,"['nvidia', 'announce', 'dgx', 'spark', 'dgx', 'station', 'personal', 'ai', 'mar', 'dgx', 'spark', 'project', 'digit', 'dgx', 'station', 'new', 'highperformance', 'nvidia', 'grace', 'blackwell', 'desktop', 'supercomputer', 'power', 'nvidia', 'blackwell', 'ultra', 'platform', 'enable', 'ai', 'developer', 'researcher', 'datum', 'scientist', 'student', 'prototype', 'finetune', 'inference', 'large', 'model', 'desktop']",1,"Topic 1: nvidia, dgx, station","['spark dgx', 'dgx spark', 'dgx', 'announce dgx', 'dgx station']","NVIDIA announces the DGX Spark project and DGX Station, a new high-performance desktop supercomputer powered by the NVIDIA Grace Blackwell processor, aimed at enabling AI developers, researchers, data scientists, and students to prototype and fine-tune large models on their desktops.",0.8,Positive
"NVIDIA App Update Adds Project G-Assist, DLSS Super Resolution …",https://www.nvidia.com/en-us/geforce/news/nvidia-app-update-g-assist-new-dlss-override-and-more/,"2 days ago · In a new NVIDIA app update that’s available now, we’ve expanded the functionality of our DLSS overrides, enabling you to fine tune image quality or boost performance for DLSS Super Resolution.","NVIDIA App Update Adds Project G-Assist, DLSS Super Resolution … 2 days ago · In a new NVIDIA app update that’s available now, we’ve expanded the functionality of our DLSS overrides, enabling you to fine tune image quality or boost performance for DLSS Super Resolution.",nvidia app update add project gassist dlss super resolution day ago new nvidia app update s available ve expand functionality dlss override enable fine tune image quality boost performance dlss super resolution,"['nvidia', 'app', 'update', 'add', 'project', 'gassist', 'dlss', 'super', 'resolution', 'day', 'ago', 'new', 'nvidia', 'app', 'update', 's', 'available', 've', 'expand', 'functionality', 'dlss', 'override', 'enable', 'fine', 'tune', 'image', 'quality', 'boost', 'performance', 'dlss', 'super', 'resolution']",3,"Topic 3: dlss, nvidia, app","['nvidia app', 'new nvidia', 'super resolution', 'nvidia', 'resolution']","NVIDIA released a new app update that adds Project Gassist, DLSS Super Resolution, and the ability to fine-tune image quality and boost performance.",0.5,Positive
NVIDIA Blackwell GeForce RTX 50 Series Opens New ... - NVIDIA …,https://nvidianews.nvidia.com/news/nvidia-blackwell-geforce-rtx-50-series-opens-new-world-of-ai-computer-graphics,"Jan 6, 2025 · NVIDIA today unveiled the most advanced consumer GPUs for gamers, creators and developers — the GeForce RTX™ 50 Series Desktop and Laptop GPUs.","NVIDIA Blackwell GeForce RTX 50 Series Opens New ... - NVIDIA … Jan 6, 2025 · NVIDIA today unveiled the most advanced consumer GPUs for gamers, creators and developers — the GeForce RTX™ 50 Series Desktop and Laptop GPUs.",nvidia blackwell geforce rtx series open new nvidia jan nvidia today unveil advanced consumer gpu gamer creator developer geforce rtx series desktop laptop gpu,"['nvidia', 'blackwell', 'geforce', 'rtx', 'series', 'open', 'new', 'nvidia', 'jan', 'nvidia', 'today', 'unveil', 'advanced', 'consumer', 'gpu', 'gamer', 'creator', 'developer', 'geforce', 'rtx', 'series', 'desktop', 'laptop', 'gpu']",0,"Topic 0: nvidia, rtx, gpu","['new nvidia', 'nvidia blackwell', 'geforce rtx', 'nvidia today', 'nvidia jan']","NVIDIA has unveiled the new GeForce RTX series of GPUs designed for gamers, creators, and developers.",0.5,Positive
NVIDIA Delivers Quantum Leap in Performance ... - NVIDIA …,https://nvidianews.nvidia.com/news/nvidia-delivers-quantum-leap-in-performance-introduces-new-era-of-neural-rendering-with-geforce-rtx-40-series,"Sep 20, 2022 · NVIDIA today unveiled the GeForce RTX ® 40 Series of GPUs, designed to deliver revolutionary performance for gamers and creators, led by its new flagship, the RTX 4090 GPU, with up to 4x the performance of its predecessor.","NVIDIA Delivers Quantum Leap in Performance ... - NVIDIA … Sep 20, 2022 · NVIDIA today unveiled the GeForce RTX ® 40 Series of GPUs, designed to deliver revolutionary performance for gamers and creators, led by its new flagship, the RTX 4090 GPU, with up to 4x the performance of its predecessor.",nvidia deliver quantum leap performance nvidia sep nvidia today unveil geforce rtx series gpu design deliver revolutionary performance gamer creator lead new flagship rtx gpu x performance predecessor,"['nvidia', 'deliver', 'quantum', 'leap', 'performance', 'nvidia', 'sep', 'nvidia', 'today', 'unveil', 'geforce', 'rtx', 'series', 'gpu', 'design', 'deliver', 'revolutionary', 'performance', 'gamer', 'creator', 'lead', 'new', 'flagship', 'rtx', 'gpu', 'x', 'performance', 'predecessor']",4,"Topic 4: nvidia, geforce, driver","['performance nvidia', 'nvidia', 'nvidia today', 'nvidia deliver', 'geforce rtx']","NVIDIA unveils the GeForce RTX series GPU promising revolutionary performance for gamers and creators, with the new flagship RTX GPU offering a significant performance boost over its predecessor.",0.8,Positive
Download The Official NVIDIA Drivers | NVIDIA,https://www.nvidia.com/en-us/drivers/,Download the latest official NVIDIA drivers to enhance your PC gaming experience and run apps faster.,Download The Official NVIDIA Drivers | NVIDIA Download the latest official NVIDIA drivers to enhance your PC gaming experience and run apps faster.,download official nvidia driver nvidia download late official nvidia driver enhance pc gaming experience run app fast,"['download', 'official', 'nvidia', 'driver', 'nvidia', 'download', 'late', 'official', 'nvidia', 'driver', 'enhance', 'pc', 'gaming', 'experience', 'run', 'app', 'fast']",4,"Topic 4: nvidia, geforce, driver","['nvidia download', 'driver nvidia', 'nvidia driver', 'official nvidia', 'nvidia']",The post mentions downloading the official NVIDIA driver to enhance PC gaming experience and run applications faster.,0.5,Positive
Official GeForce Drivers | NVIDIA,https://www.nvidia.com/en-us/geforce/drivers/,"Nov 12, 2019 · Whether you are playing the hottest new games or working with the latest creative applications, NVIDIA drivers are custom tailored to provide the best possible experience.","Official GeForce Drivers | NVIDIA Nov 12, 2019 · Whether you are playing the hottest new games or working with the latest creative applications, NVIDIA drivers are custom tailored to provide the best possible experience.",official geforce driver nvidia nov play hot new game work late creative application nvidia driver custom tailor provide good possible experience,"['official', 'geforce', 'driver', 'nvidia', 'nov', 'play', 'hot', 'new', 'game', 'work', 'late', 'creative', 'application', 'nvidia', 'driver', 'custom', 'tailor', 'provide', 'good', 'possible', 'experience']",4,"Topic 4: nvidia, geforce, driver","['nvidia nov', 'nvidia', 'nvidia driver', 'driver nvidia', 'application nvidia']",NVIDIA has released official GeForce drivers optimized for playing new games and working with creative applications.,0.6,Positive
World Leader in Artificial Intelligence Computing | NVIDIA,https://www.nvidia.com/en-us/,"NVIDIA GeForce RTX™ powers the world’s fastest GPUs and the ultimate platform for gamers and creators. Enjoy beautiful ray tracing, AI-powered DLSS, and much more in games and …","World Leader in Artificial Intelligence Computing | NVIDIA NVIDIA GeForce RTX™ powers the world’s fastest GPUs and the ultimate platform for gamers and creators. Enjoy beautiful ray tracing, AI-powered DLSS, and much more in games and …",world leader artificial intelligence computing nvidia nvidia geforce rtx power world fast gpu ultimate platform gamer creator enjoy beautiful ray tracing aipowere dlss game,"['world', 'leader', 'artificial', 'intelligence', 'computing', 'nvidia', 'nvidia', 'geforce', 'rtx', 'power', 'world', 'fast', 'gpu', 'ultimate', 'platform', 'gamer', 'creator', 'enjoy', 'beautiful', 'ray', 'tracing', 'aipowere', 'dlss', 'game']",1,"Topic 1: nvidia, dgx, station","['nvidia', 'nvidia nvidia', 'computing nvidia', 'geforce rtx', 'nvidia geforce']",NVIDIA is a world leader in artificial intelligence computing with their GeForce RTX offering fast GPU for gamers and creators to enjoy advanced features like ray tracing and DLSS.,0.8,Positive
Download NVIDIA App for Gamers and Creators | NVIDIA,https://www.nvidia.com/en-us/software/nvidia-app/,"The NVIDIA App is the essential companion for PC gamers and creators. Keep your PC up to date with the latest NVIDIA drivers and technology. Optimize games and applications with a new unified GPU control center, capture your favorite moments with powerful recording tools through the in-game overlay, and discover the latest NVIDIA tools and ...","Download NVIDIA App for Gamers and Creators | NVIDIA The NVIDIA App is the essential companion for PC gamers and creators. Keep your PC up to date with the latest NVIDIA drivers and technology. Optimize games and applications with a new unified GPU control center, capture your favorite moments with powerful recording tools through the in-game overlay, and discover the latest NVIDIA tools and ...",download nvidia app gamer creator nvidia nvidia app essential companion pc gamer creator pc date late nvidia driver technology optimize game application new unified gpu control center capture favorite moment powerful recording tool ingame overlay discover late nvidia tool,"['download', 'nvidia', 'app', 'gamer', 'creator', 'nvidia', 'nvidia', 'app', 'essential', 'companion', 'pc', 'gamer', 'creator', 'pc', 'date', 'late', 'nvidia', 'driver', 'technology', 'optimize', 'game', 'application', 'new', 'unified', 'gpu', 'control', 'center', 'capture', 'favorite', 'moment', 'powerful', 'recording', 'tool', 'ingame', 'overlay', 'discover', 'late', 'nvidia', 'tool']",4,"Topic 4: nvidia, geforce, driver","['nvidia app', 'creator nvidia', 'download nvidia', 'nvidia tool', 'nvidia nvidia']","NVIDIA has released a new app for PC gamers and creators that includes features like optimizing game performance, recording tools, and a unified GPU control center.",0.5,Positive
Nvidia - Wikipedia,https://en.wikipedia.org/wiki/Nvidia,"Nvidia Corporation[a] (/ ɛnˈvɪdiə / en-VID-ee-ə) is an American multinational corporation and technology company headquartered in Santa Clara, California, and incorporated in Delaware. [5]","Nvidia - Wikipedia Nvidia Corporation[a] (/ ɛnˈvɪdiə / en-VID-ee-ə) is an American multinational corporation and technology company headquartered in Santa Clara, California, and incorporated in Delaware. [5]",nvidia wikipedia nvidia corporationa nvdi envidee american multinational corporation technology company headquarter santa clara california incorporate delaware,"['nvidia', 'wikipedia', 'nvidia', 'corporationa', 'nvdi', 'envidee', 'american', 'multinational', 'corporation', 'technology', 'company', 'headquarter', 'santa', 'clara', 'california', 'incorporate', 'delaware']",4,"Topic 4: nvidia, geforce, driver","['nvidia corporationa', 'nvidia wikipedia', 'wikipedia nvidia', 'corporationa nvdi', 'nvdi envidee']","NVIDIA Corporation is an American multinational technology company headquartered in Santa Clara, California, incorporated in Delaware.",0.5,Positive
"NVIDIA GeForce Graphics Cards, Gaming Laptops, Desktop and …",https://marketplace.nvidia.com/en-ca/consumer/graphics-cards/,"Show NVIDIA GeForce graphics cards, gaming laptops, desktop and monitor from the official NVIDIA GeForce store - Canada. Know more about GeForce RTX 40 series GPUs.","NVIDIA GeForce Graphics Cards, Gaming Laptops, Desktop and … Show NVIDIA GeForce graphics cards, gaming laptops, desktop and monitor from the official NVIDIA GeForce store - Canada. Know more about GeForce RTX 40 series GPUs.",nvidia geforce graphic card game laptop desktop nvidia geforce graphic card game laptop desktop monitor official nvidia geforce store canada know geforce rtx series gpus,"['nvidia', 'geforce', 'graphic', 'card', 'game', 'laptop', 'desktop', 'nvidia', 'geforce', 'graphic', 'card', 'game', 'laptop', 'desktop', 'monitor', 'official', 'nvidia', 'geforce', 'store', 'canada', 'know', 'geforce', 'rtx', 'series', 'gpus']",4,"Topic 4: nvidia, geforce, driver","['nvidia geforce', 'official nvidia', 'nvidia', 'desktop nvidia', 'geforce rtx']","The text mentions NVIDIA GeForce graphic cards for gaming on laptops and desktops, as well as the official NVIDIA store in Canada and the GeForce RTX series GPUs.",0.5,Positive
NVIDIA Announces DGX Spark and DGX Station Personal AI …,https://nvidianews.nvidia.com/news/nvidia-announces-dgx-spark-and-dgx-station-personal-ai-computers,"Mar 18, 2025 · DGX Spark — formerly Project DIGITS — and DGX Station™, a new high-performance NVIDIA Grace Blackwell desktop supercomputer powered by the NVIDIA Blackwell Ultra platform, enable AI developers, researchers, data scientists and students to prototype, fine-tune and inference large models on desktops.","NVIDIA Announces DGX Spark and DGX Station Personal AI … Mar 18, 2025 · DGX Spark — formerly Project DIGITS — and DGX Station™, a new high-performance NVIDIA Grace Blackwell desktop supercomputer powered by the NVIDIA Blackwell Ultra platform, enable AI developers, researchers, data scientists and students to prototype, fine-tune and inference large models on desktops.",nvidia announce dgx spark dgx station personal ai mar dgx spark project digit dgx station new highperformance nvidia grace blackwell desktop supercomputer power nvidia blackwell ultra platform enable ai developer researcher datum scientist student prototype finetune inference large model desktop,"['nvidia', 'announce', 'dgx', 'spark', 'dgx', 'station', 'personal', 'ai', 'mar', 'dgx', 'spark', 'project', 'digit', 'dgx', 'station', 'new', 'highperformance', 'nvidia', 'grace', 'blackwell', 'desktop', 'supercomputer', 'power', 'nvidia', 'blackwell', 'ultra', 'platform', 'enable', 'ai', 'developer', 'researcher', 'datum', 'scientist', 'student', 'prototype', 'finetune', 'inference', 'large', 'model', 'desktop']",1,"Topic 1: nvidia, dgx, station","['spark dgx', 'dgx spark', 'dgx', 'announce dgx', 'dgx station']","NVIDIA announces the DGX Spark and DGX Station, new high-performance computing products for AI developers and researchers.",0.5,Positive
"NVIDIA App Update Adds Project G-Assist, DLSS Super Resolution …",https://www.nvidia.com/en-us/geforce/news/nvidia-app-update-g-assist-new-dlss-override-and-more/,"2 days ago · In a new NVIDIA app update that’s available now, we’ve expanded the functionality of our DLSS overrides, enabling you to fine tune image quality or boost performance for DLSS Super Resolution.","NVIDIA App Update Adds Project G-Assist, DLSS Super Resolution … 2 days ago · In a new NVIDIA app update that’s available now, we’ve expanded the functionality of our DLSS overrides, enabling you to fine tune image quality or boost performance for DLSS Super Resolution.",nvidia app update add project gassist dlss super resolution day ago new nvidia app update s available ve expand functionality dlss override enable fine tune image quality boost performance dlss super resolution,"['nvidia', 'app', 'update', 'add', 'project', 'gassist', 'dlss', 'super', 'resolution', 'day', 'ago', 'new', 'nvidia', 'app', 'update', 's', 'available', 've', 'expand', 'functionality', 'dlss', 'override', 'enable', 'fine', 'tune', 'image', 'quality', 'boost', 'performance', 'dlss', 'super', 'resolution']",3,"Topic 3: dlss, nvidia, app","['nvidia app', 'new nvidia', 'super resolution', 'nvidia', 'resolution']","NVIDIA released a new app update that adds Project Gassist, DLSS super resolution, and the ability to fine-tune image quality and boost performance.",0.5,Positive
NVIDIA Blackwell GeForce RTX 50 Series Opens New ... - NVIDIA …,https://nvidianews.nvidia.com/news/nvidia-blackwell-geforce-rtx-50-series-opens-new-world-of-ai-computer-graphics,"Jan 6, 2025 · NVIDIA today unveiled the most advanced consumer GPUs for gamers, creators and developers — the GeForce RTX™ 50 Series Desktop and Laptop GPUs.","NVIDIA Blackwell GeForce RTX 50 Series Opens New ... - NVIDIA … Jan 6, 2025 · NVIDIA today unveiled the most advanced consumer GPUs for gamers, creators and developers — the GeForce RTX™ 50 Series Desktop and Laptop GPUs.",nvidia blackwell geforce rtx series open new nvidia jan nvidia today unveil advanced consumer gpu gamer creator developer geforce rtx series desktop laptop gpu,"['nvidia', 'blackwell', 'geforce', 'rtx', 'series', 'open', 'new', 'nvidia', 'jan', 'nvidia', 'today', 'unveil', 'advanced', 'consumer', 'gpu', 'gamer', 'creator', 'developer', 'geforce', 'rtx', 'series', 'desktop', 'laptop', 'gpu']",0,"Topic 0: nvidia, rtx, gpu","['new nvidia', 'nvidia blackwell', 'geforce rtx', 'nvidia today', 'nvidia jan']","NVIDIA has unveiled the new GeForce RTX series, targeting gamers, creators, and developers with advanced consumer GPUs for desktop and laptop use.",0.7,Positive
NVIDIA Delivers Quantum Leap in Performance ... - NVIDIA …,https://nvidianews.nvidia.com/news/nvidia-delivers-quantum-leap-in-performance-introduces-new-era-of-neural-rendering-with-geforce-rtx-40-series,"Sep 20, 2022 · NVIDIA today unveiled the GeForce RTX ® 40 Series of GPUs, designed to deliver revolutionary performance for gamers and creators, led by its new flagship, the RTX 4090 GPU, with up to 4x the performance of its predecessor.","NVIDIA Delivers Quantum Leap in Performance ... - NVIDIA … Sep 20, 2022 · NVIDIA today unveiled the GeForce RTX ® 40 Series of GPUs, designed to deliver revolutionary performance for gamers and creators, led by its new flagship, the RTX 4090 GPU, with up to 4x the performance of its predecessor.",nvidia deliver quantum leap performance nvidia sep nvidia today unveil geforce rtx series gpu design deliver revolutionary performance gamer creator lead new flagship rtx gpu x performance predecessor,"['nvidia', 'deliver', 'quantum', 'leap', 'performance', 'nvidia', 'sep', 'nvidia', 'today', 'unveil', 'geforce', 'rtx', 'series', 'gpu', 'design', 'deliver', 'revolutionary', 'performance', 'gamer', 'creator', 'lead', 'new', 'flagship', 'rtx', 'gpu', 'x', 'performance', 'predecessor']",4,"Topic 4: nvidia, geforce, driver","['performance nvidia', 'nvidia', 'nvidia today', 'nvidia deliver', 'geforce rtx']","NVIDIA unveils the GeForce RTX series GPU promising revolutionary performance for gamers and creators, with a significant leap in performance compared to its predecessor.",0.8,Positive
Download The Official NVIDIA Drivers | NVIDIA,https://www.nvidia.com/en-us/drivers/,Download the latest official NVIDIA drivers to enhance your PC gaming experience and run apps faster.,Download The Official NVIDIA Drivers | NVIDIA Download the latest official NVIDIA drivers to enhance your PC gaming experience and run apps faster.,download official nvidia driver nvidia download late official nvidia driver enhance pc gaming experience run app fast,"['download', 'official', 'nvidia', 'driver', 'nvidia', 'download', 'late', 'official', 'nvidia', 'driver', 'enhance', 'pc', 'gaming', 'experience', 'run', 'app', 'fast']",4,"Topic 4: nvidia, geforce, driver","['nvidia download', 'driver nvidia', 'nvidia driver', 'official nvidia', 'nvidia']",The post mentions downloading the official NVIDIA driver to enhance PC gaming experience and run applications faster.,0.5,Positive
Official GeForce Drivers | NVIDIA,https://www.nvidia.com/en-us/geforce/drivers/,"Nov 12, 2019 · Whether you are playing the hottest new games or working with the latest creative applications, NVIDIA drivers are custom tailored to provide the best possible experience.","Official GeForce Drivers | NVIDIA Nov 12, 2019 · Whether you are playing the hottest new games or working with the latest creative applications, NVIDIA drivers are custom tailored to provide the best possible experience.",official geforce driver nvidia nov play hot new game work late creative application nvidia driver custom tailor provide good possible experience,"['official', 'geforce', 'driver', 'nvidia', 'nov', 'play', 'hot', 'new', 'game', 'work', 'late', 'creative', 'application', 'nvidia', 'driver', 'custom', 'tailor', 'provide', 'good', 'possible', 'experience']",4,"Topic 4: nvidia, geforce, driver","['nvidia nov', 'nvidia', 'nvidia driver', 'driver nvidia', 'application nvidia']",NVIDIA has released official GeForce drivers optimized for playing new games and working with creative applications to provide the best user experience.,0.8,Positive
World Leader in Artificial Intelligence Computing | NVIDIA,https://www.nvidia.com/en-us/,"NVIDIA GeForce RTX™ powers the world’s fastest GPUs and the ultimate platform for gamers and creators. Enjoy beautiful ray tracing, AI-powered DLSS, and much more in games and …","World Leader in Artificial Intelligence Computing | NVIDIA NVIDIA GeForce RTX™ powers the world’s fastest GPUs and the ultimate platform for gamers and creators. Enjoy beautiful ray tracing, AI-powered DLSS, and much more in games and …",world leader artificial intelligence computing nvidia nvidia geforce rtx power world fast gpu ultimate platform gamer creator enjoy beautiful ray tracing aipowere dlss game,"['world', 'leader', 'artificial', 'intelligence', 'computing', 'nvidia', 'nvidia', 'geforce', 'rtx', 'power', 'world', 'fast', 'gpu', 'ultimate', 'platform', 'gamer', 'creator', 'enjoy', 'beautiful', 'ray', 'tracing', 'aipowere', 'dlss', 'game']",1,"Topic 1: nvidia, dgx, station","['nvidia', 'nvidia nvidia', 'computing nvidia', 'geforce rtx', 'nvidia geforce']",NVIDIA is a world leader in artificial intelligence computing with their GeForce RTX GPUs offering fast performance for gamers and creators with features like ray tracing and DLSS.,0.7,Positive
Download NVIDIA App for Gamers and Creators | NVIDIA,https://www.nvidia.com/en-us/software/nvidia-app/,The NVIDIA App is the essential companion for PC gamers and creators. Keep your PC up to date with the latest NVIDIA drivers and technology. Optimize games and applications with a …,Download NVIDIA App for Gamers and Creators | NVIDIA The NVIDIA App is the essential companion for PC gamers and creators. Keep your PC up to date with the latest NVIDIA drivers and technology. Optimize games and applications with a …,download nvidia app gamer creator nvidia nvidia app essential companion pc gamer creator pc date late nvidia driver technology optimize game application,"['download', 'nvidia', 'app', 'gamer', 'creator', 'nvidia', 'nvidia', 'app', 'essential', 'companion', 'pc', 'gamer', 'creator', 'pc', 'date', 'late', 'nvidia', 'driver', 'technology', 'optimize', 'game', 'application']",4,"Topic 4: nvidia, geforce, driver","['nvidia app', 'download nvidia', 'creator nvidia', 'nvidia nvidia', 'nvidia driver']",NVIDIA has released a new app for PC gamers and creators to optimize their gaming experience with the latest technology and drivers.,0.5,Positive
Nvidia - Wikipedia,https://en.wikipedia.org/wiki/Nvidia,"Nvidia Corporation[a] (/ ɛnˈvɪdiə / en-VID-ee-ə) is an American multinational corporation and technology company headquartered in Santa Clara, California, and incorporated in Delaware. [5]","Nvidia - Wikipedia Nvidia Corporation[a] (/ ɛnˈvɪdiə / en-VID-ee-ə) is an American multinational corporation and technology company headquartered in Santa Clara, California, and incorporated in Delaware. [5]",nvidia wikipedia nvidia corporationa nvdi envidee american multinational corporation technology company headquarter santa clara california incorporate delaware,"['nvidia', 'wikipedia', 'nvidia', 'corporationa', 'nvdi', 'envidee', 'american', 'multinational', 'corporation', 'technology', 'company', 'headquarter', 'santa', 'clara', 'california', 'incorporate', 'delaware']",4,"Topic 4: nvidia, geforce, driver","['nvidia corporationa', 'nvidia wikipedia', 'wikipedia nvidia', 'corporationa nvdi', 'nvdi envidee']","NVIDIA Corporation is an American multinational technology company headquartered in Santa Clara, California and incorporated in Delaware.",0.5,Positive
"NVIDIA GeForce Graphics Cards, Gaming Laptops, Desktop and …",https://marketplace.nvidia.com/en-ca/consumer/graphics-cards/,"Show NVIDIA GeForce graphics cards, gaming laptops, desktop and monitor from the official NVIDIA GeForce store - Canada. Know more about GeForce RTX 40 series GPUs.","NVIDIA GeForce Graphics Cards, Gaming Laptops, Desktop and … Show NVIDIA GeForce graphics cards, gaming laptops, desktop and monitor from the official NVIDIA GeForce store - Canada. Know more about GeForce RTX 40 series GPUs.",nvidia geforce graphic card game laptop desktop nvidia geforce graphic card game laptop desktop monitor official nvidia geforce store canada know geforce rtx series gpus,"['nvidia', 'geforce', 'graphic', 'card', 'game', 'laptop', 'desktop', 'nvidia', 'geforce', 'graphic', 'card', 'game', 'laptop', 'desktop', 'monitor', 'official', 'nvidia', 'geforce', 'store', 'canada', 'know', 'geforce', 'rtx', 'series', 'gpus']",4,"Topic 4: nvidia, geforce, driver","['nvidia geforce', 'official nvidia', 'nvidia', 'desktop nvidia', 'geforce rtx']","The text mentions NVIDIA GeForce graphic cards for gaming on laptops and desktops, as well as the official NVIDIA GeForce store in Canada and the GeForce RTX series GPUs.",0.5,Positive
NVIDIA Announces DGX Spark and DGX Station Personal AI …,https://nvidianews.nvidia.com/news/nvidia-announces-dgx-spark-and-dgx-station-personal-ai-computers,"Mar 18, 2025 · DGX Spark — formerly Project DIGITS — and DGX Station™, a new high-performance NVIDIA Grace Blackwell desktop supercomputer powered by the NVIDIA …","NVIDIA Announces DGX Spark and DGX Station Personal AI … Mar 18, 2025 · DGX Spark — formerly Project DIGITS — and DGX Station™, a new high-performance NVIDIA Grace Blackwell desktop supercomputer powered by the NVIDIA …",nvidia announce dgx spark dgx station personal ai mar dgx spark project digit dgx station new highperformance nvidia grace blackwell desktop supercomputer power nvidia,"['nvidia', 'announce', 'dgx', 'spark', 'dgx', 'station', 'personal', 'ai', 'mar', 'dgx', 'spark', 'project', 'digit', 'dgx', 'station', 'new', 'highperformance', 'nvidia', 'grace', 'blackwell', 'desktop', 'supercomputer', 'power', 'nvidia']",1,"Topic 1: nvidia, dgx, station","['dgx spark', 'spark dgx', 'dgx station', 'announce dgx', 'dgx']","NVIDIA announces the DGX Spark and DGX Station, new high-performance AI computing products powered by the NVIDIA Grace architecture.",0.8,Positive
"NVIDIA App Update Adds Project G-Assist, DLSS Super Resolution …",https://www.nvidia.com/en-us/geforce/news/nvidia-app-update-g-assist-new-dlss-override-and-more/,"2 days ago · In a new NVIDIA app update that’s available now, we’ve expanded the functionality of our DLSS overrides, enabling you to fine tune image quality or boost performance for DLSS …","NVIDIA App Update Adds Project G-Assist, DLSS Super Resolution … 2 days ago · In a new NVIDIA app update that’s available now, we’ve expanded the functionality of our DLSS overrides, enabling you to fine tune image quality or boost performance for DLSS …",nvidia app update add project gassist dlss super resolution day ago new nvidia app update s available ve expand functionality dlss override enable fine tune image quality boost performance dlss,"['nvidia', 'app', 'update', 'add', 'project', 'gassist', 'dlss', 'super', 'resolution', 'day', 'ago', 'new', 'nvidia', 'app', 'update', 's', 'available', 've', 'expand', 'functionality', 'dlss', 'override', 'enable', 'fine', 'tune', 'image', 'quality', 'boost', 'performance', 'dlss']",3,"Topic 3: dlss, nvidia, app","['nvidia app', 'new nvidia', 'super resolution', 'nvidia', 'resolution']","NVIDIA released a new app update that adds Project Gassist, DLSS super resolution, and the ability to fine-tune image quality and performance with DLSS override.",0.5,Positive
NVIDIA Blackwell GeForce RTX 50 Series Opens New ... - NVIDIA …,https://nvidianews.nvidia.com/news/nvidia-blackwell-geforce-rtx-50-series-opens-new-world-of-ai-computer-graphics,"Jan 6, 2025 · NVIDIA today unveiled the most advanced consumer GPUs for gamers, creators and developers — the GeForce RTX™ 50 Series Desktop and Laptop GPUs.","NVIDIA Blackwell GeForce RTX 50 Series Opens New ... - NVIDIA … Jan 6, 2025 · NVIDIA today unveiled the most advanced consumer GPUs for gamers, creators and developers — the GeForce RTX™ 50 Series Desktop and Laptop GPUs.",nvidia blackwell geforce rtx series open new nvidia jan nvidia today unveil advanced consumer gpu gamer creator developer geforce rtx series desktop laptop gpu,"['nvidia', 'blackwell', 'geforce', 'rtx', 'series', 'open', 'new', 'nvidia', 'jan', 'nvidia', 'today', 'unveil', 'advanced', 'consumer', 'gpu', 'gamer', 'creator', 'developer', 'geforce', 'rtx', 'series', 'desktop', 'laptop', 'gpu']",0,"Topic 0: nvidia, rtx, gpu","['new nvidia', 'nvidia blackwell', 'geforce rtx', 'nvidia today', 'nvidia jan']","NVIDIA unveils the new GeForce RTX series of advanced consumer GPUs for gamers, creators, and developers.",0.6,Positive
NVIDIA Delivers Quantum Leap in Performance ... - NVIDIA …,https://nvidianews.nvidia.com/news/nvidia-delivers-quantum-leap-in-performance-introduces-new-era-of-neural-rendering-with-geforce-rtx-40-series,"Sep 20, 2022 · NVIDIA today unveiled the GeForce RTX ® 40 Series of GPUs, designed to deliver revolutionary performance for gamers and creators, led by its new flagship, the RTX …","NVIDIA Delivers Quantum Leap in Performance ... - NVIDIA … Sep 20, 2022 · NVIDIA today unveiled the GeForce RTX ® 40 Series of GPUs, designed to deliver revolutionary performance for gamers and creators, led by its new flagship, the RTX …",nvidia deliver quantum leap performance nvidia sep nvidia today unveil geforce rtx series gpu design deliver revolutionary performance gamer creator lead new flagship rtx,"['nvidia', 'deliver', 'quantum', 'leap', 'performance', 'nvidia', 'sep', 'nvidia', 'today', 'unveil', 'geforce', 'rtx', 'series', 'gpu', 'design', 'deliver', 'revolutionary', 'performance', 'gamer', 'creator', 'lead', 'new', 'flagship', 'rtx']",4,"Topic 4: nvidia, geforce, driver","['performance nvidia', 'nvidia', 'nvidia today', 'geforce rtx', 'nvidia deliver']",NVIDIA unveils the GeForce RTX series GPU designed to deliver revolutionary performance for gamers and creators.,0.8,Positive
Download The Official NVIDIA Drivers | NVIDIA,https://www.nvidia.com/en-us/drivers/,Download the latest official NVIDIA drivers to enhance your PC gaming experience and run apps faster.,Download The Official NVIDIA Drivers | NVIDIA Download the latest official NVIDIA drivers to enhance your PC gaming experience and run apps faster.,download official nvidia driver nvidia download late official nvidia driver enhance pc gaming experience run app fast,"['download', 'official', 'nvidia', 'driver', 'nvidia', 'download', 'late', 'official', 'nvidia', 'driver', 'enhance', 'pc', 'gaming', 'experience', 'run', 'app', 'fast']",4,"Topic 4: nvidia, geforce, driver","['nvidia download', 'driver nvidia', 'nvidia driver', 'official nvidia', 'nvidia']",The post discusses downloading the official NVIDIA driver to enhance PC gaming experience and run applications faster.,0.5,Positive
Official GeForce Drivers | NVIDIA,https://www.nvidia.com/en-us/geforce/drivers/,"Nov 12, 2019 · Whether you are playing the hottest new games or working with the latest creative applications, NVIDIA drivers are custom tailored to provide the best possible experience.","Official GeForce Drivers | NVIDIA Nov 12, 2019 · Whether you are playing the hottest new games or working with the latest creative applications, NVIDIA drivers are custom tailored to provide the best possible experience.",official geforce driver nvidia nov play hot new game work late creative application nvidia driver custom tailor provide good possible experience,"['official', 'geforce', 'driver', 'nvidia', 'nov', 'play', 'hot', 'new', 'game', 'work', 'late', 'creative', 'application', 'nvidia', 'driver', 'custom', 'tailor', 'provide', 'good', 'possible', 'experience']",4,"Topic 4: nvidia, geforce, driver","['nvidia nov', 'nvidia', 'nvidia driver', 'driver nvidia', 'application nvidia']",NVIDIA has released official GeForce drivers optimized for playing new games and working with creative applications to provide the best user experience.,0.8,Positive
World Leader in Artificial Intelligence Computing | NVIDIA,https://www.nvidia.com/en-us/,"NVIDIA GeForce RTX™ powers the world’s fastest GPUs and the ultimate platform for gamers and creators. Enjoy beautiful ray tracing, AI-powered DLSS, and much more in games and …","World Leader in Artificial Intelligence Computing | NVIDIA NVIDIA GeForce RTX™ powers the world’s fastest GPUs and the ultimate platform for gamers and creators. Enjoy beautiful ray tracing, AI-powered DLSS, and much more in games and …",world leader artificial intelligence computing nvidia nvidia geforce rtx power world fast gpu ultimate platform gamer creator enjoy beautiful ray tracing aipowere dlss game,"['world', 'leader', 'artificial', 'intelligence', 'computing', 'nvidia', 'nvidia', 'geforce', 'rtx', 'power', 'world', 'fast', 'gpu', 'ultimate', 'platform', 'gamer', 'creator', 'enjoy', 'beautiful', 'ray', 'tracing', 'aipowere', 'dlss', 'game']",1,"Topic 1: nvidia, dgx, station","['nvidia', 'nvidia nvidia', 'computing nvidia', 'geforce rtx', 'nvidia geforce']",NVIDIA is a world leader in artificial intelligence computing with its GeForce RTX offering fast GPU for gamers and creators to enjoy advanced features like ray tracing and DLSS.,0.8,Positive
Download NVIDIA App for Gamers and Creators | NVIDIA,https://www.nvidia.com/en-us/software/nvidia-app/,The NVIDIA App is the essential companion for PC gamers and creators. Keep your PC up to date with the latest NVIDIA drivers and technology. Optimize games and applications with a …,Download NVIDIA App for Gamers and Creators | NVIDIA The NVIDIA App is the essential companion for PC gamers and creators. Keep your PC up to date with the latest NVIDIA drivers and technology. Optimize games and applications with a …,download nvidia app gamer creator nvidia nvidia app essential companion pc gamer creator pc date late nvidia driver technology optimize game application,"['download', 'nvidia', 'app', 'gamer', 'creator', 'nvidia', 'nvidia', 'app', 'essential', 'companion', 'pc', 'gamer', 'creator', 'pc', 'date', 'late', 'nvidia', 'driver', 'technology', 'optimize', 'game', 'application']",4,"Topic 4: nvidia, geforce, driver","['nvidia app', 'download nvidia', 'creator nvidia', 'nvidia nvidia', 'nvidia driver']",NVIDIA has released an app for PC gamers and creators to optimize game performance and applications.,0.5,Positive
Nvidia - Wikipedia,https://en.wikipedia.org/wiki/Nvidia,"Nvidia Corporation[a] (/ ɛnˈvɪdiə / en-VID-ee-ə) is an American multinational corporation and technology company headquartered in Santa Clara, California, and incorporated in Delaware. [5]","Nvidia - Wikipedia Nvidia Corporation[a] (/ ɛnˈvɪdiə / en-VID-ee-ə) is an American multinational corporation and technology company headquartered in Santa Clara, California, and incorporated in Delaware. [5]",nvidia wikipedia nvidia corporationa nvdi envidee american multinational corporation technology company headquarter santa clara california incorporate delaware,"['nvidia', 'wikipedia', 'nvidia', 'corporationa', 'nvdi', 'envidee', 'american', 'multinational', 'corporation', 'technology', 'company', 'headquarter', 'santa', 'clara', 'california', 'incorporate', 'delaware']",4,"Topic 4: nvidia, geforce, driver","['nvidia corporationa', 'nvidia wikipedia', 'wikipedia nvidia', 'corporationa nvdi', 'nvdi envidee']","NVIDIA Corporation is an American multinational technology company headquartered in Santa Clara, California, incorporated in Delaware.",0.5,Positive
"NVIDIA GeForce Graphics Cards, Gaming Laptops, Desktop and …",https://marketplace.nvidia.com/en-ca/consumer/graphics-cards/,"Show NVIDIA GeForce graphics cards, gaming laptops, desktop and monitor from the official NVIDIA GeForce store - Canada. Know more about GeForce RTX 40 series GPUs.","NVIDIA GeForce Graphics Cards, Gaming Laptops, Desktop and … Show NVIDIA GeForce graphics cards, gaming laptops, desktop and monitor from the official NVIDIA GeForce store - Canada. Know more about GeForce RTX 40 series GPUs.",nvidia geforce graphic card game laptop desktop nvidia geforce graphic card game laptop desktop monitor official nvidia geforce store canada know geforce rtx series gpus,"['nvidia', 'geforce', 'graphic', 'card', 'game', 'laptop', 'desktop', 'nvidia', 'geforce', 'graphic', 'card', 'game', 'laptop', 'desktop', 'monitor', 'official', 'nvidia', 'geforce', 'store', 'canada', 'know', 'geforce', 'rtx', 'series', 'gpus']",4,"Topic 4: nvidia, geforce, driver","['nvidia geforce', 'official nvidia', 'nvidia', 'desktop nvidia', 'geforce rtx']","The text mentions NVIDIA GeForce graphic cards for gaming in laptops and desktops, as well as monitors, and directs to the official NVIDIA GeForce store in Canada for the RTX series GPUs.",0.5,Positive
NVIDIA Announces DGX Spark and DGX Station Personal AI …,https://nvidianews.nvidia.com/news/nvidia-announces-dgx-spark-and-dgx-station-personal-ai-computers,"Mar 18, 2025 · DGX Spark — formerly Project DIGITS — and DGX Station™, a new high-performance NVIDIA Grace Blackwell desktop supercomputer powered by the NVIDIA …","NVIDIA Announces DGX Spark and DGX Station Personal AI … Mar 18, 2025 · DGX Spark — formerly Project DIGITS — and DGX Station™, a new high-performance NVIDIA Grace Blackwell desktop supercomputer powered by the NVIDIA …",nvidia announce dgx spark dgx station personal ai mar dgx spark project digit dgx station new highperformance nvidia grace blackwell desktop supercomputer power nvidia,"['nvidia', 'announce', 'dgx', 'spark', 'dgx', 'station', 'personal', 'ai', 'mar', 'dgx', 'spark', 'project', 'digit', 'dgx', 'station', 'new', 'highperformance', 'nvidia', 'grace', 'blackwell', 'desktop', 'supercomputer', 'power', 'nvidia']",1,"Topic 1: nvidia, dgx, station","['dgx spark', 'spark dgx', 'dgx station', 'announce dgx', 'dgx']","NVIDIA announces the DGX Spark and DGX Station, new high-performance AI computing products powered by the NVIDIA Grace architecture.",0.8,Positive
"NVIDIA App Update Adds Project G-Assist, DLSS Super Resolution …",https://www.nvidia.com/en-us/geforce/news/nvidia-app-update-g-assist-new-dlss-override-and-more/,"2 days ago · In a new NVIDIA app update that’s available now, we’ve expanded the functionality of our DLSS overrides, enabling you to fine tune image quality or boost performance for DLSS …","NVIDIA App Update Adds Project G-Assist, DLSS Super Resolution … 2 days ago · In a new NVIDIA app update that’s available now, we’ve expanded the functionality of our DLSS overrides, enabling you to fine tune image quality or boost performance for DLSS …",nvidia app update add project gassist dlss super resolution day ago new nvidia app update s available ve expand functionality dlss override enable fine tune image quality boost performance dlss,"['nvidia', 'app', 'update', 'add', 'project', 'gassist', 'dlss', 'super', 'resolution', 'day', 'ago', 'new', 'nvidia', 'app', 'update', 's', 'available', 've', 'expand', 'functionality', 'dlss', 'override', 'enable', 'fine', 'tune', 'image', 'quality', 'boost', 'performance', 'dlss']",3,"Topic 3: dlss, nvidia, app","['nvidia app', 'new nvidia', 'super resolution', 'nvidia', 'resolution']","NVIDIA released a new app update that adds Project Gassist, DLSS super resolution, and the ability to fine-tune image quality and boost performance.",0.5,Positive
NVIDIA Blackwell GeForce RTX 50 Series Opens New ... - NVIDIA …,https://nvidianews.nvidia.com/news/nvidia-blackwell-geforce-rtx-50-series-opens-new-world-of-ai-computer-graphics,"Jan 6, 2025 · NVIDIA today unveiled the most advanced consumer GPUs for gamers, creators and developers — the GeForce RTX™ 50 Series Desktop and Laptop GPUs.","NVIDIA Blackwell GeForce RTX 50 Series Opens New ... - NVIDIA … Jan 6, 2025 · NVIDIA today unveiled the most advanced consumer GPUs for gamers, creators and developers — the GeForce RTX™ 50 Series Desktop and Laptop GPUs.",nvidia blackwell geforce rtx series open new nvidia jan nvidia today unveil advanced consumer gpu gamer creator developer geforce rtx series desktop laptop gpu,"['nvidia', 'blackwell', 'geforce', 'rtx', 'series', 'open', 'new', 'nvidia', 'jan', 'nvidia', 'today', 'unveil', 'advanced', 'consumer', 'gpu', 'gamer', 'creator', 'developer', 'geforce', 'rtx', 'series', 'desktop', 'laptop', 'gpu']",0,"Topic 0: nvidia, rtx, gpu","['new nvidia', 'nvidia blackwell', 'geforce rtx', 'nvidia today', 'nvidia jan']","NVIDIA has unveiled the new GeForce RTX series of GPUs designed for gamers, creators, and developers.",0.6,Positive
NVIDIA Delivers Quantum Leap in Performance ... - NVIDIA …,https://nvidianews.nvidia.com/news/nvidia-delivers-quantum-leap-in-performance-introduces-new-era-of-neural-rendering-with-geforce-rtx-40-series,"Sep 20, 2022 · NVIDIA today unveiled the GeForce RTX ® 40 Series of GPUs, designed to deliver revolutionary performance for gamers and creators, led by its new flagship, the RTX …","NVIDIA Delivers Quantum Leap in Performance ... - NVIDIA … Sep 20, 2022 · NVIDIA today unveiled the GeForce RTX ® 40 Series of GPUs, designed to deliver revolutionary performance for gamers and creators, led by its new flagship, the RTX …",nvidia deliver quantum leap performance nvidia sep nvidia today unveil geforce rtx series gpu design deliver revolutionary performance gamer creator lead new flagship rtx,"['nvidia', 'deliver', 'quantum', 'leap', 'performance', 'nvidia', 'sep', 'nvidia', 'today', 'unveil', 'geforce', 'rtx', 'series', 'gpu', 'design', 'deliver', 'revolutionary', 'performance', 'gamer', 'creator', 'lead', 'new', 'flagship', 'rtx']",4,"Topic 4: nvidia, geforce, driver","['performance nvidia', 'nvidia', 'nvidia today', 'geforce rtx', 'nvidia deliver']",NVIDIA unveils the GeForce RTX series GPU designed to deliver revolutionary performance for gamers and creators.,0.8,Positive
Download The Official NVIDIA Drivers | NVIDIA,https://www.nvidia.com/en-us/drivers/,Download the latest official NVIDIA drivers to enhance your PC gaming experience and run apps faster.,Download The Official NVIDIA Drivers | NVIDIA Download the latest official NVIDIA drivers to enhance your PC gaming experience and run apps faster.,download official nvidia driver nvidia download late official nvidia driver enhance pc gaming experience run app fast,"['download', 'official', 'nvidia', 'driver', 'nvidia', 'download', 'late', 'official', 'nvidia', 'driver', 'enhance', 'pc', 'gaming', 'experience', 'run', 'app', 'fast']",4,"Topic 4: nvidia, geforce, driver","['nvidia download', 'driver nvidia', 'nvidia driver', 'official nvidia', 'nvidia']",The post discusses downloading the official NVIDIA driver to enhance PC gaming experience and run applications faster.,0.5,Positive
Official GeForce Drivers | NVIDIA,https://www.nvidia.com/en-us/geforce/drivers/,"Nov 12, 2019 · Whether you are playing the hottest new games or working with the latest creative applications, NVIDIA drivers are custom tailored to provide the best possible experience.","Official GeForce Drivers | NVIDIA Nov 12, 2019 · Whether you are playing the hottest new games or working with the latest creative applications, NVIDIA drivers are custom tailored to provide the best possible experience.",official geforce driver nvidia nov play hot new game work late creative application nvidia driver custom tailor provide good possible experience,"['official', 'geforce', 'driver', 'nvidia', 'nov', 'play', 'hot', 'new', 'game', 'work', 'late', 'creative', 'application', 'nvidia', 'driver', 'custom', 'tailor', 'provide', 'good', 'possible', 'experience']",4,"Topic 4: nvidia, geforce, driver","['nvidia nov', 'nvidia', 'nvidia driver', 'driver nvidia', 'application nvidia']",NVIDIA has released official GeForce drivers optimized for playing new games and working with creative applications to provide the best user experience.,0.8,Positive
World Leader in Artificial Intelligence Computing | NVIDIA,https://www.nvidia.com/en-us/,"NVIDIA GeForce RTX™ powers the world’s fastest GPUs and the ultimate platform for gamers and creators. Enjoy beautiful ray tracing, AI-powered DLSS, and much more in games and …","World Leader in Artificial Intelligence Computing | NVIDIA NVIDIA GeForce RTX™ powers the world’s fastest GPUs and the ultimate platform for gamers and creators. Enjoy beautiful ray tracing, AI-powered DLSS, and much more in games and …",world leader artificial intelligence computing nvidia nvidia geforce rtx power world fast gpu ultimate platform gamer creator enjoy beautiful ray tracing aipowere dlss game,"['world', 'leader', 'artificial', 'intelligence', 'computing', 'nvidia', 'nvidia', 'geforce', 'rtx', 'power', 'world', 'fast', 'gpu', 'ultimate', 'platform', 'gamer', 'creator', 'enjoy', 'beautiful', 'ray', 'tracing', 'aipowere', 'dlss', 'game']",1,"Topic 1: nvidia, dgx, station","['nvidia', 'nvidia nvidia', 'computing nvidia', 'geforce rtx', 'nvidia geforce']",NVIDIA is a world leader in artificial intelligence computing with its GeForce RTX GPUs offering fast performance for gamers and creators with features like ray tracing and DLSS.,0.8,Positive
Download NVIDIA App for Gamers and Creators | NVIDIA,https://www.nvidia.com/en-us/software/nvidia-app/,"The NVIDIA App is the essential companion for PC gamers and creators. Keep your PC up to date with the latest NVIDIA drivers and technology. Optimize games and applications with a new unified GPU control center, capture your favorite moments with powerful recording tools through the in-game overlay, and discover the latest NVIDIA tools and ...","Download NVIDIA App for Gamers and Creators | NVIDIA The NVIDIA App is the essential companion for PC gamers and creators. Keep your PC up to date with the latest NVIDIA drivers and technology. Optimize games and applications with a new unified GPU control center, capture your favorite moments with powerful recording tools through the in-game overlay, and discover the latest NVIDIA tools and ...",download nvidia app gamer creator nvidia nvidia app essential companion pc gamer creator pc date late nvidia driver technology optimize game application new unified gpu control center capture favorite moment powerful recording tool ingame overlay discover late nvidia tool,"['download', 'nvidia', 'app', 'gamer', 'creator', 'nvidia', 'nvidia', 'app', 'essential', 'companion', 'pc', 'gamer', 'creator', 'pc', 'date', 'late', 'nvidia', 'driver', 'technology', 'optimize', 'game', 'application', 'new', 'unified', 'gpu', 'control', 'center', 'capture', 'favorite', 'moment', 'powerful', 'recording', 'tool', 'ingame', 'overlay', 'discover', 'late', 'nvidia', 'tool']",4,"Topic 4: nvidia, geforce, driver","['nvidia app', 'creator nvidia', 'download nvidia', 'nvidia tool', 'nvidia nvidia']","NVIDIA has released a new app for PC gamers and creators that includes features like optimizing game performance, capturing moments, and unified GPU control.",0.5,Positive
Nvidia - Wikipedia,https://en.wikipedia.org/wiki/Nvidia,"Nvidia Corporation[a] (/ ɛnˈvɪdiə / en-VID-ee-ə) is an American multinational corporation and technology company headquartered in Santa Clara, California, and incorporated in Delaware. [5]","Nvidia - Wikipedia Nvidia Corporation[a] (/ ɛnˈvɪdiə / en-VID-ee-ə) is an American multinational corporation and technology company headquartered in Santa Clara, California, and incorporated in Delaware. [5]",nvidia wikipedia nvidia corporationa nvdi envidee american multinational corporation technology company headquarter santa clara california incorporate delaware,"['nvidia', 'wikipedia', 'nvidia', 'corporationa', 'nvdi', 'envidee', 'american', 'multinational', 'corporation', 'technology', 'company', 'headquarter', 'santa', 'clara', 'california', 'incorporate', 'delaware']",4,"Topic 4: nvidia, geforce, driver","['nvidia corporationa', 'nvidia wikipedia', 'wikipedia nvidia', 'corporationa nvdi', 'nvdi envidee']","NVIDIA Corporation is an American multinational technology company headquartered in Santa Clara, California, incorporated in Delaware.",0.5,Positive
"NVIDIA GeForce Graphics Cards, Gaming Laptops, Desktop and …",https://marketplace.nvidia.com/en-ca/consumer/graphics-cards/,"Show NVIDIA GeForce graphics cards, gaming laptops, desktop and monitor from the official NVIDIA GeForce store - Canada. Know more about GeForce RTX 40 series GPUs.","NVIDIA GeForce Graphics Cards, Gaming Laptops, Desktop and … Show NVIDIA GeForce graphics cards, gaming laptops, desktop and monitor from the official NVIDIA GeForce store - Canada. Know more about GeForce RTX 40 series GPUs.",nvidia geforce graphic card game laptop desktop nvidia geforce graphic card game laptop desktop monitor official nvidia geforce store canada know geforce rtx series gpus,"['nvidia', 'geforce', 'graphic', 'card', 'game', 'laptop', 'desktop', 'nvidia', 'geforce', 'graphic', 'card', 'game', 'laptop', 'desktop', 'monitor', 'official', 'nvidia', 'geforce', 'store', 'canada', 'know', 'geforce', 'rtx', 'series', 'gpus']",4,"Topic 4: nvidia, geforce, driver","['nvidia geforce', 'official nvidia', 'nvidia', 'desktop nvidia', 'geforce rtx']","The text mentions NVIDIA GeForce graphic cards, gaming laptops, desktops, and monitors available in the official NVIDIA store in Canada, specifically highlighting the GeForce RTX series GPUs.",0.5,Positive
NVIDIA Announces DGX Spark and DGX Station Personal AI …,https://nvidianews.nvidia.com/news/nvidia-announces-dgx-spark-and-dgx-station-personal-ai-computers,"Mar 18, 2025 · DGX Spark — formerly Project DIGITS — and DGX Station™, a new high-performance NVIDIA Grace Blackwell desktop supercomputer powered by the NVIDIA Blackwell Ultra platform, enable AI developers, researchers, data scientists and students to prototype, fine-tune and inference large models on desktops.","NVIDIA Announces DGX Spark and DGX Station Personal AI … Mar 18, 2025 · DGX Spark — formerly Project DIGITS — and DGX Station™, a new high-performance NVIDIA Grace Blackwell desktop supercomputer powered by the NVIDIA Blackwell Ultra platform, enable AI developers, researchers, data scientists and students to prototype, fine-tune and inference large models on desktops.",nvidia announce dgx spark dgx station personal ai mar dgx spark project digit dgx station new highperformance nvidia grace blackwell desktop supercomputer power nvidia blackwell ultra platform enable ai developer researcher datum scientist student prototype finetune inference large model desktop,"['nvidia', 'announce', 'dgx', 'spark', 'dgx', 'station', 'personal', 'ai', 'mar', 'dgx', 'spark', 'project', 'digit', 'dgx', 'station', 'new', 'highperformance', 'nvidia', 'grace', 'blackwell', 'desktop', 'supercomputer', 'power', 'nvidia', 'blackwell', 'ultra', 'platform', 'enable', 'ai', 'developer', 'researcher', 'datum', 'scientist', 'student', 'prototype', 'finetune', 'inference', 'large', 'model', 'desktop']",1,"Topic 1: nvidia, dgx, station","['spark dgx', 'dgx spark', 'dgx', 'announce dgx', 'dgx station']","NVIDIA announces the DGX Spark and DGX Station, new high-performance computing products for AI development and research.",0.6,Positive
"NVIDIA App Update Adds Project G-Assist, DLSS Super Resolution …",https://www.nvidia.com/en-us/geforce/news/nvidia-app-update-g-assist-new-dlss-override-and-more/,"2 days ago · In a new NVIDIA app update that’s available now, we’ve expanded the functionality of our DLSS overrides, enabling you to fine tune image quality or boost performance for DLSS Super Resolution.","NVIDIA App Update Adds Project G-Assist, DLSS Super Resolution … 2 days ago · In a new NVIDIA app update that’s available now, we’ve expanded the functionality of our DLSS overrides, enabling you to fine tune image quality or boost performance for DLSS Super Resolution.",nvidia app update add project gassist dlss super resolution day ago new nvidia app update s available ve expand functionality dlss override enable fine tune image quality boost performance dlss super resolution,"['nvidia', 'app', 'update', 'add', 'project', 'gassist', 'dlss', 'super', 'resolution', 'day', 'ago', 'new', 'nvidia', 'app', 'update', 's', 'available', 've', 'expand', 'functionality', 'dlss', 'override', 'enable', 'fine', 'tune', 'image', 'quality', 'boost', 'performance', 'dlss', 'super', 'resolution']",3,"Topic 3: dlss, nvidia, app","['nvidia app', 'new nvidia', 'super resolution', 'nvidia', 'resolution']","NVIDIA released a new app update that adds Project Gassist, DLSS super resolution, and the ability to fine-tune image quality and boost performance.",0.5,Positive
NVIDIA Blackwell GeForce RTX 50 Series Opens New ... - NVIDIA …,https://nvidianews.nvidia.com/news/nvidia-blackwell-geforce-rtx-50-series-opens-new-world-of-ai-computer-graphics,"Jan 6, 2025 · NVIDIA today unveiled the most advanced consumer GPUs for gamers, creators and developers — the GeForce RTX™ 50 Series Desktop and Laptop GPUs.","NVIDIA Blackwell GeForce RTX 50 Series Opens New ... - NVIDIA … Jan 6, 2025 · NVIDIA today unveiled the most advanced consumer GPUs for gamers, creators and developers — the GeForce RTX™ 50 Series Desktop and Laptop GPUs.",nvidia blackwell geforce rtx series open new nvidia jan nvidia today unveil advanced consumer gpu gamer creator developer geforce rtx series desktop laptop gpu,"['nvidia', 'blackwell', 'geforce', 'rtx', 'series', 'open', 'new', 'nvidia', 'jan', 'nvidia', 'today', 'unveil', 'advanced', 'consumer', 'gpu', 'gamer', 'creator', 'developer', 'geforce', 'rtx', 'series', 'desktop', 'laptop', 'gpu']",0,"Topic 0: nvidia, rtx, gpu","['new nvidia', 'nvidia blackwell', 'geforce rtx', 'nvidia today', 'nvidia jan']","NVIDIA unveils the new GeForce RTX series of consumer GPUs for gamers, creators, and developers.",0.5,Positive
NVIDIA Delivers Quantum Leap in Performance ... - NVIDIA …,https://nvidianews.nvidia.com/news/nvidia-delivers-quantum-leap-in-performance-introduces-new-era-of-neural-rendering-with-geforce-rtx-40-series,"Sep 20, 2022 · NVIDIA today unveiled the GeForce RTX ® 40 Series of GPUs, designed to deliver revolutionary performance for gamers and creators, led by its new flagship, the RTX 4090 GPU, with up to 4x the performance of its predecessor.","NVIDIA Delivers Quantum Leap in Performance ... - NVIDIA … Sep 20, 2022 · NVIDIA today unveiled the GeForce RTX ® 40 Series of GPUs, designed to deliver revolutionary performance for gamers and creators, led by its new flagship, the RTX 4090 GPU, with up to 4x the performance of its predecessor.",nvidia deliver quantum leap performance nvidia sep nvidia today unveil geforce rtx series gpu design deliver revolutionary performance gamer creator lead new flagship rtx gpu x performance predecessor,"['nvidia', 'deliver', 'quantum', 'leap', 'performance', 'nvidia', 'sep', 'nvidia', 'today', 'unveil', 'geforce', 'rtx', 'series', 'gpu', 'design', 'deliver', 'revolutionary', 'performance', 'gamer', 'creator', 'lead', 'new', 'flagship', 'rtx', 'gpu', 'x', 'performance', 'predecessor']",4,"Topic 4: nvidia, geforce, driver","['performance nvidia', 'nvidia', 'nvidia today', 'nvidia deliver', 'geforce rtx']","NVIDIA has unveiled the GeForce RTX series GPU designed to deliver revolutionary performance for gamers and creators, boasting a significant performance increase over its predecessor.",0.8,Positive
Download The Official NVIDIA Drivers | NVIDIA,https://www.nvidia.com/en-us/drivers/,Download the latest official NVIDIA drivers to enhance your PC gaming experience and run apps faster.,Download The Official NVIDIA Drivers | NVIDIA Download the latest official NVIDIA drivers to enhance your PC gaming experience and run apps faster.,download official nvidia driver nvidia download late official nvidia driver enhance pc gaming experience run app fast,"['download', 'official', 'nvidia', 'driver', 'nvidia', 'download', 'late', 'official', 'nvidia', 'driver', 'enhance', 'pc', 'gaming', 'experience', 'run', 'app', 'fast']",4,"Topic 4: nvidia, geforce, driver","['nvidia download', 'driver nvidia', 'nvidia driver', 'official nvidia', 'nvidia']",The post mentions downloading the official NVIDIA driver to enhance PC gaming experience and run applications faster.,0.5,Positive
Official GeForce Drivers | NVIDIA,https://www.nvidia.com/en-us/geforce/drivers/,"Nov 12, 2019 · Whether you are playing the hottest new games or working with the latest creative applications, NVIDIA drivers are custom tailored to provide the best possible experience.","Official GeForce Drivers | NVIDIA Nov 12, 2019 · Whether you are playing the hottest new games or working with the latest creative applications, NVIDIA drivers are custom tailored to provide the best possible experience.",official geforce driver nvidia nov play hot new game work late creative application nvidia driver custom tailor provide good possible experience,"['official', 'geforce', 'driver', 'nvidia', 'nov', 'play', 'hot', 'new', 'game', 'work', 'late', 'creative', 'application', 'nvidia', 'driver', 'custom', 'tailor', 'provide', 'good', 'possible', 'experience']",4,"Topic 4: nvidia, geforce, driver","['nvidia nov', 'nvidia', 'nvidia driver', 'driver nvidia', 'application nvidia']",NVIDIA has released official GeForce drivers optimized for playing new games and working with creative applications to provide the best user experience.,0.8,Positive
World Leader in Artificial Intelligence Computing | NVIDIA,https://www.nvidia.com/en-us/,"NVIDIA GeForce RTX™ powers the world’s fastest GPUs and the ultimate platform for gamers and creators. Enjoy beautiful ray tracing, AI-powered DLSS, and much more in games and …","World Leader in Artificial Intelligence Computing | NVIDIA NVIDIA GeForce RTX™ powers the world’s fastest GPUs and the ultimate platform for gamers and creators. Enjoy beautiful ray tracing, AI-powered DLSS, and much more in games and …",world leader artificial intelligence computing nvidia nvidia geforce rtx power world fast gpu ultimate platform gamer creator enjoy beautiful ray tracing aipowere dlss game,"['world', 'leader', 'artificial', 'intelligence', 'computing', 'nvidia', 'nvidia', 'geforce', 'rtx', 'power', 'world', 'fast', 'gpu', 'ultimate', 'platform', 'gamer', 'creator', 'enjoy', 'beautiful', 'ray', 'tracing', 'aipowere', 'dlss', 'game']",1,"Topic 1: nvidia, dgx, station","['nvidia', 'nvidia nvidia', 'computing nvidia', 'geforce rtx', 'nvidia geforce']","NVIDIA is a world leader in artificial intelligence computing with its GeForce RTX GPU offering fast performance for gamers and creators, featuring ray tracing and DLSS technology.",0.8,Positive
Download NVIDIA App for Gamers and Creators | NVIDIA,https://www.nvidia.com/en-us/software/nvidia-app/,The NVIDIA App is the essential companion for PC gamers and creators. Keep your PC up to date with the latest NVIDIA drivers and technology. Optimize games and applications with a …,Download NVIDIA App for Gamers and Creators | NVIDIA The NVIDIA App is the essential companion for PC gamers and creators. Keep your PC up to date with the latest NVIDIA drivers and technology. Optimize games and applications with a …,download nvidia app gamer creator nvidia nvidia app essential companion pc gamer creator pc date late nvidia driver technology optimize game application,"['download', 'nvidia', 'app', 'gamer', 'creator', 'nvidia', 'nvidia', 'app', 'essential', 'companion', 'pc', 'gamer', 'creator', 'pc', 'date', 'late', 'nvidia', 'driver', 'technology', 'optimize', 'game', 'application']",4,"Topic 4: nvidia, geforce, driver","['nvidia app', 'download nvidia', 'creator nvidia', 'nvidia nvidia', 'nvidia driver']",NVIDIA has released a new app called NVIDIA app gamer creator to optimize game applications for PC gamers and creators.,0.5,Positive
Nvidia - Wikipedia,https://en.wikipedia.org/wiki/Nvidia,"Nvidia Corporation[a] (/ ɛnˈvɪdiə / en-VID-ee-ə) is an American multinational corporation and technology company headquartered in Santa Clara, California, and incorporated in Delaware. [5]","Nvidia - Wikipedia Nvidia Corporation[a] (/ ɛnˈvɪdiə / en-VID-ee-ə) is an American multinational corporation and technology company headquartered in Santa Clara, California, and incorporated in Delaware. [5]",nvidia wikipedia nvidia corporationa nvdi envidee american multinational corporation technology company headquarter santa clara california incorporate delaware,"['nvidia', 'wikipedia', 'nvidia', 'corporationa', 'nvdi', 'envidee', 'american', 'multinational', 'corporation', 'technology', 'company', 'headquarter', 'santa', 'clara', 'california', 'incorporate', 'delaware']",4,"Topic 4: nvidia, geforce, driver","['nvidia corporationa', 'nvidia wikipedia', 'wikipedia nvidia', 'corporationa nvdi', 'nvdi envidee']","NVIDIA Corporation is an American multinational technology company headquartered in Santa Clara, California, incorporated in Delaware.",0.5,Positive
"NVIDIA GeForce Graphics Cards, Gaming Laptops, Desktop and …",https://marketplace.nvidia.com/en-ca/consumer/graphics-cards/,"Show NVIDIA GeForce graphics cards, gaming laptops, desktop and monitor from the official NVIDIA GeForce store - Canada. Know more about GeForce RTX 40 series GPUs.","NVIDIA GeForce Graphics Cards, Gaming Laptops, Desktop and … Show NVIDIA GeForce graphics cards, gaming laptops, desktop and monitor from the official NVIDIA GeForce store - Canada. Know more about GeForce RTX 40 series GPUs.",nvidia geforce graphic card game laptop desktop nvidia geforce graphic card game laptop desktop monitor official nvidia geforce store canada know geforce rtx series gpus,"['nvidia', 'geforce', 'graphic', 'card', 'game', 'laptop', 'desktop', 'nvidia', 'geforce', 'graphic', 'card', 'game', 'laptop', 'desktop', 'monitor', 'official', 'nvidia', 'geforce', 'store', 'canada', 'know', 'geforce', 'rtx', 'series', 'gpus']",4,"Topic 4: nvidia, geforce, driver","['nvidia geforce', 'official nvidia', 'nvidia', 'desktop nvidia', 'geforce rtx']","The text mentions NVIDIA GeForce graphic cards for gaming in laptops and desktops, as well as monitors and the official NVIDIA GeForce store in Canada.",0.5,Positive
NVIDIA Announces DGX Spark and DGX Station Personal AI …,https://nvidianews.nvidia.com/news/nvidia-announces-dgx-spark-and-dgx-station-personal-ai-computers,"Mar 18, 2025 · DGX Spark — formerly Project DIGITS — and DGX Station™, a new high-performance NVIDIA Grace Blackwell desktop supercomputer powered by the NVIDIA …","NVIDIA Announces DGX Spark and DGX Station Personal AI … Mar 18, 2025 · DGX Spark — formerly Project DIGITS — and DGX Station™, a new high-performance NVIDIA Grace Blackwell desktop supercomputer powered by the NVIDIA …",nvidia announce dgx spark dgx station personal ai mar dgx spark project digit dgx station new highperformance nvidia grace blackwell desktop supercomputer power nvidia,"['nvidia', 'announce', 'dgx', 'spark', 'dgx', 'station', 'personal', 'ai', 'mar', 'dgx', 'spark', 'project', 'digit', 'dgx', 'station', 'new', 'highperformance', 'nvidia', 'grace', 'blackwell', 'desktop', 'supercomputer', 'power', 'nvidia']",1,"Topic 1: nvidia, dgx, station","['dgx spark', 'spark dgx', 'dgx station', 'announce dgx', 'dgx']","NVIDIA announces the DGX Spark and DGX Station, new high-performance AI products powered by the NVIDIA Grace processor.",0.8,Positive
"NVIDIA App Update Adds Project G-Assist, DLSS Super Resolution …",https://www.nvidia.com/en-us/geforce/news/nvidia-app-update-g-assist-new-dlss-override-and-more/,"2 days ago · In a new NVIDIA app update that’s available now, we’ve expanded the functionality of our DLSS overrides, enabling you to fine tune image quality or boost performance for DLSS …","NVIDIA App Update Adds Project G-Assist, DLSS Super Resolution … 2 days ago · In a new NVIDIA app update that’s available now, we’ve expanded the functionality of our DLSS overrides, enabling you to fine tune image quality or boost performance for DLSS …",nvidia app update add project gassist dlss super resolution day ago new nvidia app update s available ve expand functionality dlss override enable fine tune image quality boost performance dlss,"['nvidia', 'app', 'update', 'add', 'project', 'gassist', 'dlss', 'super', 'resolution', 'day', 'ago', 'new', 'nvidia', 'app', 'update', 's', 'available', 've', 'expand', 'functionality', 'dlss', 'override', 'enable', 'fine', 'tune', 'image', 'quality', 'boost', 'performance', 'dlss']",3,"Topic 3: dlss, nvidia, app","['nvidia app', 'new nvidia', 'super resolution', 'nvidia', 'resolution']","NVIDIA released a new app update that adds Project Gassist, DLSS super resolution, and the ability to fine-tune image quality and boost performance.",0.5,Positive
NVIDIA Blackwell GeForce RTX 50 Series Opens New ... - NVIDIA …,https://nvidianews.nvidia.com/news/nvidia-blackwell-geforce-rtx-50-series-opens-new-world-of-ai-computer-graphics,"Jan 6, 2025 · NVIDIA today unveiled the most advanced consumer GPUs for gamers, creators and developers — the GeForce RTX™ 50 Series Desktop and Laptop GPUs.","NVIDIA Blackwell GeForce RTX 50 Series Opens New ... - NVIDIA … Jan 6, 2025 · NVIDIA today unveiled the most advanced consumer GPUs for gamers, creators and developers — the GeForce RTX™ 50 Series Desktop and Laptop GPUs.",nvidia blackwell geforce rtx series open new nvidia jan nvidia today unveil advanced consumer gpu gamer creator developer geforce rtx series desktop laptop gpu,"['nvidia', 'blackwell', 'geforce', 'rtx', 'series', 'open', 'new', 'nvidia', 'jan', 'nvidia', 'today', 'unveil', 'advanced', 'consumer', 'gpu', 'gamer', 'creator', 'developer', 'geforce', 'rtx', 'series', 'desktop', 'laptop', 'gpu']",0,"Topic 0: nvidia, rtx, gpu","['new nvidia', 'nvidia blackwell', 'geforce rtx', 'nvidia today', 'nvidia jan']","NVIDIA has unveiled the new GeForce RTX series of advanced consumer GPUs for gamers, creators, and developers.",0.6,Positive
NVIDIA Delivers Quantum Leap in Performance ... - NVIDIA …,https://nvidianews.nvidia.com/news/nvidia-delivers-quantum-leap-in-performance-introduces-new-era-of-neural-rendering-with-geforce-rtx-40-series,"Sep 20, 2022 · NVIDIA today unveiled the GeForce RTX ® 40 Series of GPUs, designed to deliver revolutionary performance for gamers and creators, led by its new flagship, the RTX …","NVIDIA Delivers Quantum Leap in Performance ... - NVIDIA … Sep 20, 2022 · NVIDIA today unveiled the GeForce RTX ® 40 Series of GPUs, designed to deliver revolutionary performance for gamers and creators, led by its new flagship, the RTX …",nvidia deliver quantum leap performance nvidia sep nvidia today unveil geforce rtx series gpu design deliver revolutionary performance gamer creator lead new flagship rtx,"['nvidia', 'deliver', 'quantum', 'leap', 'performance', 'nvidia', 'sep', 'nvidia', 'today', 'unveil', 'geforce', 'rtx', 'series', 'gpu', 'design', 'deliver', 'revolutionary', 'performance', 'gamer', 'creator', 'lead', 'new', 'flagship', 'rtx']",4,"Topic 4: nvidia, geforce, driver","['performance nvidia', 'nvidia', 'nvidia today', 'geforce rtx', 'nvidia deliver']",NVIDIA unveils the GeForce RTX series GPU designed to deliver revolutionary performance for gamers and creators.,0.8,Positive
Download The Official NVIDIA Drivers | NVIDIA,https://www.nvidia.com/en-us/drivers/,Download the latest official NVIDIA drivers to enhance your PC gaming experience and run apps faster.,Download The Official NVIDIA Drivers | NVIDIA Download the latest official NVIDIA drivers to enhance your PC gaming experience and run apps faster.,download official nvidia driver nvidia download late official nvidia driver enhance pc gaming experience run app fast,"['download', 'official', 'nvidia', 'driver', 'nvidia', 'download', 'late', 'official', 'nvidia', 'driver', 'enhance', 'pc', 'gaming', 'experience', 'run', 'app', 'fast']",4,"Topic 4: nvidia, geforce, driver","['nvidia download', 'driver nvidia', 'nvidia driver', 'official nvidia', 'nvidia']",The post discusses downloading the official NVIDIA driver to enhance PC gaming experience and run applications faster.,0.5,Positive
Official GeForce Drivers | NVIDIA,https://www.nvidia.com/en-us/geforce/drivers/,"Nov 12, 2019 · Whether you are playing the hottest new games or working with the latest creative applications, NVIDIA drivers are custom tailored to provide the best possible experience.","Official GeForce Drivers | NVIDIA Nov 12, 2019 · Whether you are playing the hottest new games or working with the latest creative applications, NVIDIA drivers are custom tailored to provide the best possible experience.",official geforce driver nvidia nov play hot new game work late creative application nvidia driver custom tailor provide good possible experience,"['official', 'geforce', 'driver', 'nvidia', 'nov', 'play', 'hot', 'new', 'game', 'work', 'late', 'creative', 'application', 'nvidia', 'driver', 'custom', 'tailor', 'provide', 'good', 'possible', 'experience']",4,"Topic 4: nvidia, geforce, driver","['nvidia nov', 'nvidia', 'nvidia driver', 'driver nvidia', 'application nvidia']",NVIDIA has released official GeForce drivers optimized for playing new games and working on creative applications.,0.6,Positive
World Leader in Artificial Intelligence Computing | NVIDIA,https://www.nvidia.com/en-us/,"NVIDIA GeForce RTX™ powers the world’s fastest GPUs and the ultimate platform for gamers and creators. Enjoy beautiful ray tracing, AI-powered DLSS, and much more in games and …","World Leader in Artificial Intelligence Computing | NVIDIA NVIDIA GeForce RTX™ powers the world’s fastest GPUs and the ultimate platform for gamers and creators. Enjoy beautiful ray tracing, AI-powered DLSS, and much more in games and …",world leader artificial intelligence computing nvidia nvidia geforce rtx power world fast gpu ultimate platform gamer creator enjoy beautiful ray tracing aipowere dlss game,"['world', 'leader', 'artificial', 'intelligence', 'computing', 'nvidia', 'nvidia', 'geforce', 'rtx', 'power', 'world', 'fast', 'gpu', 'ultimate', 'platform', 'gamer', 'creator', 'enjoy', 'beautiful', 'ray', 'tracing', 'aipowere', 'dlss', 'game']",1,"Topic 1: nvidia, dgx, station","['nvidia', 'nvidia nvidia', 'computing nvidia', 'geforce rtx', 'nvidia geforce']",NVIDIA is a world leader in artificial intelligence computing with its GeForce RTX offering fast GPU for gamers and creators to enjoy advanced features like ray tracing and DLSS.,0.8,Positive
Download NVIDIA App for Gamers and Creators | NVIDIA,https://www.nvidia.com/en-us/software/nvidia-app/,The NVIDIA App is the essential companion for PC gamers and creators. Keep your PC up to date with the latest NVIDIA drivers and technology. Optimize games and applications with a …,Download NVIDIA App for Gamers and Creators | NVIDIA The NVIDIA App is the essential companion for PC gamers and creators. Keep your PC up to date with the latest NVIDIA drivers and technology. Optimize games and applications with a …,download nvidia app gamer creator nvidia nvidia app essential companion pc gamer creator pc date late nvidia driver technology optimize game application,"['download', 'nvidia', 'app', 'gamer', 'creator', 'nvidia', 'nvidia', 'app', 'essential', 'companion', 'pc', 'gamer', 'creator', 'pc', 'date', 'late', 'nvidia', 'driver', 'technology', 'optimize', 'game', 'application']",4,"Topic 4: nvidia, geforce, driver","['nvidia app', 'download nvidia', 'creator nvidia', 'nvidia nvidia', 'nvidia driver']",NVIDIA has released an app for PC gamers and creators to optimize game performance with the latest driver technology.,0.5,Positive
Nvidia - Wikipedia,https://en.wikipedia.org/wiki/Nvidia,"Nvidia Corporation[a] (/ ɛnˈvɪdiə / en-VID-ee-ə) is an American multinational corporation and technology company headquartered in Santa Clara, California, and incorporated in Delaware. [5]","Nvidia - Wikipedia Nvidia Corporation[a] (/ ɛnˈvɪdiə / en-VID-ee-ə) is an American multinational corporation and technology company headquartered in Santa Clara, California, and incorporated in Delaware. [5]",nvidia wikipedia nvidia corporationa nvdi envidee american multinational corporation technology company headquarter santa clara california incorporate delaware,"['nvidia', 'wikipedia', 'nvidia', 'corporationa', 'nvdi', 'envidee', 'american', 'multinational', 'corporation', 'technology', 'company', 'headquarter', 'santa', 'clara', 'california', 'incorporate', 'delaware']",4,"Topic 4: nvidia, geforce, driver","['nvidia corporationa', 'nvidia wikipedia', 'wikipedia nvidia', 'corporationa nvdi', 'nvdi envidee']","NVIDIA Corporation is an American multinational technology company headquartered in Santa Clara, California, incorporated in Delaware.",0.5,Positive
"NVIDIA GeForce Graphics Cards, Gaming Laptops, Desktop and …",https://marketplace.nvidia.com/en-ca/consumer/graphics-cards/,"Show NVIDIA GeForce graphics cards, gaming laptops, desktop and monitor from the official NVIDIA GeForce store - Canada. Know more about GeForce RTX 40 series GPUs.","NVIDIA GeForce Graphics Cards, Gaming Laptops, Desktop and … Show NVIDIA GeForce graphics cards, gaming laptops, desktop and monitor from the official NVIDIA GeForce store - Canada. Know more about GeForce RTX 40 series GPUs.",nvidia geforce graphic card game laptop desktop nvidia geforce graphic card game laptop desktop monitor official nvidia geforce store canada know geforce rtx series gpus,"['nvidia', 'geforce', 'graphic', 'card', 'game', 'laptop', 'desktop', 'nvidia', 'geforce', 'graphic', 'card', 'game', 'laptop', 'desktop', 'monitor', 'official', 'nvidia', 'geforce', 'store', 'canada', 'know', 'geforce', 'rtx', 'series', 'gpus']",4,"Topic 4: nvidia, geforce, driver","['nvidia geforce', 'official nvidia', 'nvidia', 'desktop nvidia', 'geforce rtx']","The text mentions NVIDIA GeForce graphic cards, gaming laptops, desktops, and monitors available at the official NVIDIA store in Canada, specifically highlighting the GeForce RTX series GPUs.",0.5,Positive
NVIDIA Announces DGX Spark and DGX Station Personal AI …,https://nvidianews.nvidia.com/news/nvidia-announces-dgx-spark-and-dgx-station-personal-ai-computers,"Mar 18, 2025 · DGX Spark — formerly Project DIGITS — and DGX Station™, a new high-performance NVIDIA Grace Blackwell desktop supercomputer powered by the NVIDIA …","NVIDIA Announces DGX Spark and DGX Station Personal AI … Mar 18, 2025 · DGX Spark — formerly Project DIGITS — and DGX Station™, a new high-performance NVIDIA Grace Blackwell desktop supercomputer powered by the NVIDIA …",nvidia announce dgx spark dgx station personal ai mar dgx spark project digit dgx station new highperformance nvidia grace blackwell desktop supercomputer power nvidia,"['nvidia', 'announce', 'dgx', 'spark', 'dgx', 'station', 'personal', 'ai', 'mar', 'dgx', 'spark', 'project', 'digit', 'dgx', 'station', 'new', 'highperformance', 'nvidia', 'grace', 'blackwell', 'desktop', 'supercomputer', 'power', 'nvidia']",1,"Topic 1: nvidia, dgx, station","['dgx spark', 'spark dgx', 'dgx station', 'announce dgx', 'dgx']","NVIDIA announces the DGX Spark project and DGX Station, a new high-performance desktop supercomputer powered by NVIDIA Grace processors.",0.7,Positive
"NVIDIA App Update Adds Project G-Assist, DLSS Super Resolution …",https://www.nvidia.com/en-us/geforce/news/nvidia-app-update-g-assist-new-dlss-override-and-more/,"2 days ago · In a new NVIDIA app update that’s available now, we’ve expanded the functionality of our DLSS overrides, enabling you to fine tune image quality or boost performance for DLSS …","NVIDIA App Update Adds Project G-Assist, DLSS Super Resolution … 2 days ago · In a new NVIDIA app update that’s available now, we’ve expanded the functionality of our DLSS overrides, enabling you to fine tune image quality or boost performance for DLSS …",nvidia app update add project gassist dlss super resolution day ago new nvidia app update s available ve expand functionality dlss override enable fine tune image quality boost performance dlss,"['nvidia', 'app', 'update', 'add', 'project', 'gassist', 'dlss', 'super', 'resolution', 'day', 'ago', 'new', 'nvidia', 'app', 'update', 's', 'available', 've', 'expand', 'functionality', 'dlss', 'override', 'enable', 'fine', 'tune', 'image', 'quality', 'boost', 'performance', 'dlss']",3,"Topic 3: dlss, nvidia, app","['nvidia app', 'new nvidia', 'super resolution', 'nvidia', 'resolution']","NVIDIA released a new app update that adds Project Gassist, DLSS super resolution, and the ability to fine-tune image quality and boost performance with DLSS override.",0.5,Positive
NVIDIA Blackwell GeForce RTX 50 Series Opens New ... - NVIDIA …,https://nvidianews.nvidia.com/news/nvidia-blackwell-geforce-rtx-50-series-opens-new-world-of-ai-computer-graphics,"Jan 6, 2025 · NVIDIA today unveiled the most advanced consumer GPUs for gamers, creators and developers — the GeForce RTX™ 50 Series Desktop and Laptop GPUs.","NVIDIA Blackwell GeForce RTX 50 Series Opens New ... - NVIDIA … Jan 6, 2025 · NVIDIA today unveiled the most advanced consumer GPUs for gamers, creators and developers — the GeForce RTX™ 50 Series Desktop and Laptop GPUs.",nvidia blackwell geforce rtx series open new nvidia jan nvidia today unveil advanced consumer gpu gamer creator developer geforce rtx series desktop laptop gpu,"['nvidia', 'blackwell', 'geforce', 'rtx', 'series', 'open', 'new', 'nvidia', 'jan', 'nvidia', 'today', 'unveil', 'advanced', 'consumer', 'gpu', 'gamer', 'creator', 'developer', 'geforce', 'rtx', 'series', 'desktop', 'laptop', 'gpu']",0,"Topic 0: nvidia, rtx, gpu","['new nvidia', 'nvidia blackwell', 'geforce rtx', 'nvidia today', 'nvidia jan']","NVIDIA has unveiled the new GeForce RTX series of GPUs designed for gamers, creators, and developers.",0.6,Positive
NVIDIA Delivers Quantum Leap in Performance ... - NVIDIA …,https://nvidianews.nvidia.com/news/nvidia-delivers-quantum-leap-in-performance-introduces-new-era-of-neural-rendering-with-geforce-rtx-40-series,"Sep 20, 2022 · NVIDIA today unveiled the GeForce RTX ® 40 Series of GPUs, designed to deliver revolutionary performance for gamers and creators, led by its new flagship, the RTX …","NVIDIA Delivers Quantum Leap in Performance ... - NVIDIA … Sep 20, 2022 · NVIDIA today unveiled the GeForce RTX ® 40 Series of GPUs, designed to deliver revolutionary performance for gamers and creators, led by its new flagship, the RTX …",nvidia deliver quantum leap performance nvidia sep nvidia today unveil geforce rtx series gpu design deliver revolutionary performance gamer creator lead new flagship rtx,"['nvidia', 'deliver', 'quantum', 'leap', 'performance', 'nvidia', 'sep', 'nvidia', 'today', 'unveil', 'geforce', 'rtx', 'series', 'gpu', 'design', 'deliver', 'revolutionary', 'performance', 'gamer', 'creator', 'lead', 'new', 'flagship', 'rtx']",4,"Topic 4: nvidia, geforce, driver","['performance nvidia', 'nvidia', 'nvidia today', 'geforce rtx', 'nvidia deliver']",NVIDIA unveils the GeForce RTX series GPU designed to deliver revolutionary performance for gamers and creators.,0.8,Positive
Download The Official NVIDIA Drivers | NVIDIA,https://www.nvidia.com/en-us/drivers/,Download the latest official NVIDIA drivers to enhance your PC gaming experience and run apps faster.,Download The Official NVIDIA Drivers | NVIDIA Download the latest official NVIDIA drivers to enhance your PC gaming experience and run apps faster.,download official nvidia driver nvidia download late official nvidia driver enhance pc gaming experience run app fast,"['download', 'official', 'nvidia', 'driver', 'nvidia', 'download', 'late', 'official', 'nvidia', 'driver', 'enhance', 'pc', 'gaming', 'experience', 'run', 'app', 'fast']",4,"Topic 4: nvidia, geforce, driver","['nvidia download', 'driver nvidia', 'nvidia driver', 'official nvidia', 'nvidia']",The post discusses downloading the official NVIDIA driver to enhance PC gaming experience and run applications faster.,0.5,Positive
Official GeForce Drivers | NVIDIA,https://www.nvidia.com/en-us/geforce/drivers/,"Nov 12, 2019 · Whether you are playing the hottest new games or working with the latest creative applications, NVIDIA drivers are custom tailored to provide the best possible experience.","Official GeForce Drivers | NVIDIA Nov 12, 2019 · Whether you are playing the hottest new games or working with the latest creative applications, NVIDIA drivers are custom tailored to provide the best possible experience.",official geforce driver nvidia nov play hot new game work late creative application nvidia driver custom tailor provide good possible experience,"['official', 'geforce', 'driver', 'nvidia', 'nov', 'play', 'hot', 'new', 'game', 'work', 'late', 'creative', 'application', 'nvidia', 'driver', 'custom', 'tailor', 'provide', 'good', 'possible', 'experience']",4,"Topic 4: nvidia, geforce, driver","['nvidia nov', 'nvidia', 'nvidia driver', 'driver nvidia', 'application nvidia']",NVIDIA has released official GeForce drivers optimized for playing new games and working with creative applications.,0.6,Positive
World Leader in Artificial Intelligence Computing | NVIDIA,https://www.nvidia.com/en-us/,"NVIDIA GeForce RTX™ powers the world’s fastest GPUs and the ultimate platform for gamers and creators. Enjoy beautiful ray tracing, AI-powered DLSS, and much more in games and …","World Leader in Artificial Intelligence Computing | NVIDIA NVIDIA GeForce RTX™ powers the world’s fastest GPUs and the ultimate platform for gamers and creators. Enjoy beautiful ray tracing, AI-powered DLSS, and much more in games and …",world leader artificial intelligence computing nvidia nvidia geforce rtx power world fast gpu ultimate platform gamer creator enjoy beautiful ray tracing aipowere dlss game,"['world', 'leader', 'artificial', 'intelligence', 'computing', 'nvidia', 'nvidia', 'geforce', 'rtx', 'power', 'world', 'fast', 'gpu', 'ultimate', 'platform', 'gamer', 'creator', 'enjoy', 'beautiful', 'ray', 'tracing', 'aipowere', 'dlss', 'game']",1,"Topic 1: nvidia, dgx, station","['nvidia', 'nvidia nvidia', 'computing nvidia', 'geforce rtx', 'nvidia geforce']",NVIDIA is a world leader in artificial intelligence computing with its GeForce RTX GPUs offering fast performance for gamers and creators with features like ray tracing and DLSS.,0.8,Positive
Download NVIDIA App for Gamers and Creators | NVIDIA,https://www.nvidia.com/en-us/software/nvidia-app/,"The NVIDIA App is the essential companion for PC gamers and creators. Keep your PC up to date with the latest NVIDIA drivers and technology. Optimize games and applications with a new unified GPU control center, capture your favorite moments with powerful recording tools through the in-game overlay, and discover the latest NVIDIA tools and ...","Download NVIDIA App for Gamers and Creators | NVIDIA The NVIDIA App is the essential companion for PC gamers and creators. Keep your PC up to date with the latest NVIDIA drivers and technology. Optimize games and applications with a new unified GPU control center, capture your favorite moments with powerful recording tools through the in-game overlay, and discover the latest NVIDIA tools and ...",download nvidia app gamer creator nvidia nvidia app essential companion pc gamer creator pc date late nvidia driver technology optimize game application new unified gpu control center capture favorite moment powerful recording tool ingame overlay discover late nvidia tool,"['download', 'nvidia', 'app', 'gamer', 'creator', 'nvidia', 'nvidia', 'app', 'essential', 'companion', 'pc', 'gamer', 'creator', 'pc', 'date', 'late', 'nvidia', 'driver', 'technology', 'optimize', 'game', 'application', 'new', 'unified', 'gpu', 'control', 'center', 'capture', 'favorite', 'moment', 'powerful', 'recording', 'tool', 'ingame', 'overlay', 'discover', 'late', 'nvidia', 'tool']",4,"Topic 4: nvidia, geforce, driver","['nvidia app', 'creator nvidia', 'download nvidia', 'nvidia tool', 'nvidia nvidia']","NVIDIA has released a new app for PC gamers and creators that includes features like optimizing game performance, recording tools, and a unified GPU control center.",0.5,Positive
Nvidia - Wikipedia,https://en.wikipedia.org/wiki/Nvidia,"Nvidia Corporation[a] (/ ɛnˈvɪdiə / en-VID-ee-ə) is an American multinational corporation and technology company headquartered in Santa Clara, California, and incorporated in Delaware. [5]","Nvidia - Wikipedia Nvidia Corporation[a] (/ ɛnˈvɪdiə / en-VID-ee-ə) is an American multinational corporation and technology company headquartered in Santa Clara, California, and incorporated in Delaware. [5]",nvidia wikipedia nvidia corporationa nvdi envidee american multinational corporation technology company headquarter santa clara california incorporate delaware,"['nvidia', 'wikipedia', 'nvidia', 'corporationa', 'nvdi', 'envidee', 'american', 'multinational', 'corporation', 'technology', 'company', 'headquarter', 'santa', 'clara', 'california', 'incorporate', 'delaware']",4,"Topic 4: nvidia, geforce, driver","['nvidia corporationa', 'nvidia wikipedia', 'wikipedia nvidia', 'corporationa nvdi', 'nvdi envidee']","NVIDIA Corporation is an American multinational technology company headquartered in Santa Clara, California, incorporated in Delaware.",0.5,Positive
"NVIDIA GeForce Graphics Cards, Gaming Laptops, Desktop and …",https://marketplace.nvidia.com/en-ca/consumer/graphics-cards/,"Show NVIDIA GeForce graphics cards, gaming laptops, desktop and monitor from the official NVIDIA GeForce store - Canada. Know more about GeForce RTX 40 series GPUs.","NVIDIA GeForce Graphics Cards, Gaming Laptops, Desktop and … Show NVIDIA GeForce graphics cards, gaming laptops, desktop and monitor from the official NVIDIA GeForce store - Canada. Know more about GeForce RTX 40 series GPUs.",nvidia geforce graphic card game laptop desktop nvidia geforce graphic card game laptop desktop monitor official nvidia geforce store canada know geforce rtx series gpus,"['nvidia', 'geforce', 'graphic', 'card', 'game', 'laptop', 'desktop', 'nvidia', 'geforce', 'graphic', 'card', 'game', 'laptop', 'desktop', 'monitor', 'official', 'nvidia', 'geforce', 'store', 'canada', 'know', 'geforce', 'rtx', 'series', 'gpus']",4,"Topic 4: nvidia, geforce, driver","['nvidia geforce', 'official nvidia', 'nvidia', 'desktop nvidia', 'geforce rtx']","The text mentions NVIDIA GeForce graphic cards for gaming in laptops and desktops, as well as the official NVIDIA GeForce store in Canada.",0.5,Positive
NVIDIA Announces DGX Spark and DGX Station Personal AI …,https://nvidianews.nvidia.com/news/nvidia-announces-dgx-spark-and-dgx-station-personal-ai-computers,"Mar 18, 2025 · DGX Spark — formerly Project DIGITS — and DGX Station™, a new high-performance NVIDIA Grace Blackwell desktop supercomputer powered by the NVIDIA Blackwell Ultra platform, enable AI developers, researchers, data scientists and students to prototype, fine-tune and inference large models on desktops.","NVIDIA Announces DGX Spark and DGX Station Personal AI … Mar 18, 2025 · DGX Spark — formerly Project DIGITS — and DGX Station™, a new high-performance NVIDIA Grace Blackwell desktop supercomputer powered by the NVIDIA Blackwell Ultra platform, enable AI developers, researchers, data scientists and students to prototype, fine-tune and inference large models on desktops.",nvidia announce dgx spark dgx station personal ai mar dgx spark project digit dgx station new highperformance nvidia grace blackwell desktop supercomputer power nvidia blackwell ultra platform enable ai developer researcher datum scientist student prototype finetune inference large model desktop,"['nvidia', 'announce', 'dgx', 'spark', 'dgx', 'station', 'personal', 'ai', 'mar', 'dgx', 'spark', 'project', 'digit', 'dgx', 'station', 'new', 'highperformance', 'nvidia', 'grace', 'blackwell', 'desktop', 'supercomputer', 'power', 'nvidia', 'blackwell', 'ultra', 'platform', 'enable', 'ai', 'developer', 'researcher', 'datum', 'scientist', 'student', 'prototype', 'finetune', 'inference', 'large', 'model', 'desktop']",1,"Topic 1: nvidia, dgx, station","['spark dgx', 'dgx spark', 'dgx', 'announce dgx', 'dgx station']","NVIDIA announces the DGX Spark and DGX Station, new high-performance computing products for AI development and research.",0.5,Positive
"NVIDIA App Update Adds Project G-Assist, DLSS Super Resolution …",https://www.nvidia.com/en-us/geforce/news/nvidia-app-update-g-assist-new-dlss-override-and-more/,"2 days ago · In a new NVIDIA app update that’s available now, we’ve expanded the functionality of our DLSS overrides, enabling you to fine tune image quality or boost performance for DLSS Super Resolution.","NVIDIA App Update Adds Project G-Assist, DLSS Super Resolution … 2 days ago · In a new NVIDIA app update that’s available now, we’ve expanded the functionality of our DLSS overrides, enabling you to fine tune image quality or boost performance for DLSS Super Resolution.",nvidia app update add project gassist dlss super resolution day ago new nvidia app update s available ve expand functionality dlss override enable fine tune image quality boost performance dlss super resolution,"['nvidia', 'app', 'update', 'add', 'project', 'gassist', 'dlss', 'super', 'resolution', 'day', 'ago', 'new', 'nvidia', 'app', 'update', 's', 'available', 've', 'expand', 'functionality', 'dlss', 'override', 'enable', 'fine', 'tune', 'image', 'quality', 'boost', 'performance', 'dlss', 'super', 'resolution']",3,"Topic 3: dlss, nvidia, app","['nvidia app', 'new nvidia', 'super resolution', 'nvidia', 'resolution']","NVIDIA released a new app update that adds Project Gassist, DLSS super resolution, and the ability to fine-tune image quality and boost performance.",0.5,Positive
NVIDIA Blackwell GeForce RTX 50 Series Opens New ... - NVIDIA …,https://nvidianews.nvidia.com/news/nvidia-blackwell-geforce-rtx-50-series-opens-new-world-of-ai-computer-graphics,"Jan 6, 2025 · NVIDIA today unveiled the most advanced consumer GPUs for gamers, creators and developers — the GeForce RTX™ 50 Series Desktop and Laptop GPUs.","NVIDIA Blackwell GeForce RTX 50 Series Opens New ... - NVIDIA … Jan 6, 2025 · NVIDIA today unveiled the most advanced consumer GPUs for gamers, creators and developers — the GeForce RTX™ 50 Series Desktop and Laptop GPUs.",nvidia blackwell geforce rtx series open new nvidia jan nvidia today unveil advanced consumer gpu gamer creator developer geforce rtx series desktop laptop gpu,"['nvidia', 'blackwell', 'geforce', 'rtx', 'series', 'open', 'new', 'nvidia', 'jan', 'nvidia', 'today', 'unveil', 'advanced', 'consumer', 'gpu', 'gamer', 'creator', 'developer', 'geforce', 'rtx', 'series', 'desktop', 'laptop', 'gpu']",0,"Topic 0: nvidia, rtx, gpu","['new nvidia', 'nvidia blackwell', 'geforce rtx', 'nvidia today', 'nvidia jan']","NVIDIA unveils the new GeForce RTX series of advanced consumer GPUs for gamers, creators, and developers.",0.7,Positive
NVIDIA Delivers Quantum Leap in Performance ... - NVIDIA …,https://nvidianews.nvidia.com/news/nvidia-delivers-quantum-leap-in-performance-introduces-new-era-of-neural-rendering-with-geforce-rtx-40-series,"Sep 20, 2022 · NVIDIA today unveiled the GeForce RTX ® 40 Series of GPUs, designed to deliver revolutionary performance for gamers and creators, led by its new flagship, the RTX 4090 GPU, with up to 4x the performance of its predecessor.","NVIDIA Delivers Quantum Leap in Performance ... - NVIDIA … Sep 20, 2022 · NVIDIA today unveiled the GeForce RTX ® 40 Series of GPUs, designed to deliver revolutionary performance for gamers and creators, led by its new flagship, the RTX 4090 GPU, with up to 4x the performance of its predecessor.",nvidia deliver quantum leap performance nvidia sep nvidia today unveil geforce rtx series gpu design deliver revolutionary performance gamer creator lead new flagship rtx gpu x performance predecessor,"['nvidia', 'deliver', 'quantum', 'leap', 'performance', 'nvidia', 'sep', 'nvidia', 'today', 'unveil', 'geforce', 'rtx', 'series', 'gpu', 'design', 'deliver', 'revolutionary', 'performance', 'gamer', 'creator', 'lead', 'new', 'flagship', 'rtx', 'gpu', 'x', 'performance', 'predecessor']",4,"Topic 4: nvidia, geforce, driver","['performance nvidia', 'nvidia', 'nvidia today', 'nvidia deliver', 'geforce rtx']","NVIDIA unveils the GeForce RTX series GPU promising revolutionary performance for gamers and creators, with the new flagship RTX GPU offering a significant performance boost over its predecessor.",0.8,Positive
Download The Official NVIDIA Drivers | NVIDIA,https://www.nvidia.com/en-us/drivers/,Download the latest official NVIDIA drivers to enhance your PC gaming experience and run apps faster.,Download The Official NVIDIA Drivers | NVIDIA Download the latest official NVIDIA drivers to enhance your PC gaming experience and run apps faster.,download official nvidia driver nvidia download late official nvidia driver enhance pc gaming experience run app fast,"['download', 'official', 'nvidia', 'driver', 'nvidia', 'download', 'late', 'official', 'nvidia', 'driver', 'enhance', 'pc', 'gaming', 'experience', 'run', 'app', 'fast']",4,"Topic 4: nvidia, geforce, driver","['nvidia download', 'driver nvidia', 'nvidia driver', 'official nvidia', 'nvidia']",The post mentions downloading the official NVIDIA driver to enhance PC gaming experience and run applications faster.,0.5,Positive
Official GeForce Drivers | NVIDIA,https://www.nvidia.com/en-us/geforce/drivers/,"Nov 12, 2019 · Whether you are playing the hottest new games or working with the latest creative applications, NVIDIA drivers are custom tailored to provide the best possible experience.","Official GeForce Drivers | NVIDIA Nov 12, 2019 · Whether you are playing the hottest new games or working with the latest creative applications, NVIDIA drivers are custom tailored to provide the best possible experience.",official geforce driver nvidia nov play hot new game work late creative application nvidia driver custom tailor provide good possible experience,"['official', 'geforce', 'driver', 'nvidia', 'nov', 'play', 'hot', 'new', 'game', 'work', 'late', 'creative', 'application', 'nvidia', 'driver', 'custom', 'tailor', 'provide', 'good', 'possible', 'experience']",4,"Topic 4: nvidia, geforce, driver","['nvidia nov', 'nvidia', 'nvidia driver', 'driver nvidia', 'application nvidia']",NVIDIA has released new GeForce drivers optimized for gaming and creative applications to enhance user experience.,0.6,Positive
World Leader in Artificial Intelligence Computing | NVIDIA,https://www.nvidia.com/en-us/,"NVIDIA GeForce RTX™ powers the world’s fastest GPUs and the ultimate platform for gamers and creators. Enjoy beautiful ray tracing, AI-powered DLSS, and much more in games and …","World Leader in Artificial Intelligence Computing | NVIDIA NVIDIA GeForce RTX™ powers the world’s fastest GPUs and the ultimate platform for gamers and creators. Enjoy beautiful ray tracing, AI-powered DLSS, and much more in games and …",world leader artificial intelligence computing nvidia nvidia geforce rtx power world fast gpu ultimate platform gamer creator enjoy beautiful ray tracing aipowere dlss game,"['world', 'leader', 'artificial', 'intelligence', 'computing', 'nvidia', 'nvidia', 'geforce', 'rtx', 'power', 'world', 'fast', 'gpu', 'ultimate', 'platform', 'gamer', 'creator', 'enjoy', 'beautiful', 'ray', 'tracing', 'aipowere', 'dlss', 'game']",1,"Topic 1: nvidia, dgx, station","['nvidia', 'nvidia nvidia', 'computing nvidia', 'geforce rtx', 'nvidia geforce']",NVIDIA is a world leader in artificial intelligence computing with its GeForce RTX offering fast GPU for gamers and creators to enjoy advanced features like ray tracing and DLSS.,0.7,Positive
Download NVIDIA App for Gamers and Creators | NVIDIA,https://www.nvidia.com/en-us/software/nvidia-app/,"The NVIDIA App is the essential companion for PC gamers and creators. Keep your PC up to date with the latest NVIDIA drivers and technology. Optimize games and applications with a new unified GPU control center, capture your favorite moments with powerful recording tools through the in-game overlay, and discover the latest NVIDIA tools and ...","Download NVIDIA App for Gamers and Creators | NVIDIA The NVIDIA App is the essential companion for PC gamers and creators. Keep your PC up to date with the latest NVIDIA drivers and technology. Optimize games and applications with a new unified GPU control center, capture your favorite moments with powerful recording tools through the in-game overlay, and discover the latest NVIDIA tools and ...",download nvidia app gamer creator nvidia nvidia app essential companion pc gamer creator pc date late nvidia driver technology optimize game application new unified gpu control center capture favorite moment powerful recording tool ingame overlay discover late nvidia tool,"['download', 'nvidia', 'app', 'gamer', 'creator', 'nvidia', 'nvidia', 'app', 'essential', 'companion', 'pc', 'gamer', 'creator', 'pc', 'date', 'late', 'nvidia', 'driver', 'technology', 'optimize', 'game', 'application', 'new', 'unified', 'gpu', 'control', 'center', 'capture', 'favorite', 'moment', 'powerful', 'recording', 'tool', 'ingame', 'overlay', 'discover', 'late', 'nvidia', 'tool']",4,"Topic 4: nvidia, geforce, driver","['nvidia app', 'creator nvidia', 'download nvidia', 'nvidia tool', 'nvidia nvidia']","NVIDIA has released a new app for PC gamers and creators that includes features like optimizing game performance, recording tools, and a unified GPU control center.",0.5,Positive
Nvidia - Wikipedia,https://en.wikipedia.org/wiki/Nvidia,"Nvidia Corporation[a] (/ ɛnˈvɪdiə / en-VID-ee-ə) is an American multinational corporation and technology company headquartered in Santa Clara, California, and incorporated in Delaware. [5]","Nvidia - Wikipedia Nvidia Corporation[a] (/ ɛnˈvɪdiə / en-VID-ee-ə) is an American multinational corporation and technology company headquartered in Santa Clara, California, and incorporated in Delaware. [5]",nvidia wikipedia nvidia corporationa nvdi envidee american multinational corporation technology company headquarter santa clara california incorporate delaware,"['nvidia', 'wikipedia', 'nvidia', 'corporationa', 'nvdi', 'envidee', 'american', 'multinational', 'corporation', 'technology', 'company', 'headquarter', 'santa', 'clara', 'california', 'incorporate', 'delaware']",4,"Topic 4: nvidia, geforce, driver","['nvidia corporationa', 'nvidia wikipedia', 'wikipedia nvidia', 'corporationa nvdi', 'nvdi envidee']","NVIDIA Corporation is an American multinational technology company headquartered in Santa Clara, California, incorporated in Delaware.",0.5,Positive
"NVIDIA GeForce Graphics Cards, Gaming Laptops, Desktop and …",https://marketplace.nvidia.com/en-ca/consumer/graphics-cards/,"Show NVIDIA GeForce graphics cards, gaming laptops, desktop and monitor from the official NVIDIA GeForce store - Canada. Know more about GeForce RTX 40 series GPUs.","NVIDIA GeForce Graphics Cards, Gaming Laptops, Desktop and … Show NVIDIA GeForce graphics cards, gaming laptops, desktop and monitor from the official NVIDIA GeForce store - Canada. Know more about GeForce RTX 40 series GPUs.",nvidia geforce graphic card game laptop desktop nvidia geforce graphic card game laptop desktop monitor official nvidia geforce store canada know geforce rtx series gpus,"['nvidia', 'geforce', 'graphic', 'card', 'game', 'laptop', 'desktop', 'nvidia', 'geforce', 'graphic', 'card', 'game', 'laptop', 'desktop', 'monitor', 'official', 'nvidia', 'geforce', 'store', 'canada', 'know', 'geforce', 'rtx', 'series', 'gpus']",4,"Topic 4: nvidia, geforce, driver","['nvidia geforce', 'official nvidia', 'nvidia', 'desktop nvidia', 'geforce rtx']","The text mentions NVIDIA GeForce graphic cards for gaming in laptops and desktops, as well as the official NVIDIA GeForce store in Canada with a focus on the RTX series GPUs.",0.5,Positive
NVIDIA Announces DGX Spark and DGX Station Personal AI …,https://nvidianews.nvidia.com/news/nvidia-announces-dgx-spark-and-dgx-station-personal-ai-computers,"Mar 18, 2025 · DGX Spark — formerly Project DIGITS — and DGX Station™, a new high-performance NVIDIA Grace Blackwell desktop supercomputer powered by the NVIDIA Blackwell Ultra platform, enable AI developers, researchers, data scientists and students to prototype, fine-tune and inference large models on desktops.","NVIDIA Announces DGX Spark and DGX Station Personal AI … Mar 18, 2025 · DGX Spark — formerly Project DIGITS — and DGX Station™, a new high-performance NVIDIA Grace Blackwell desktop supercomputer powered by the NVIDIA Blackwell Ultra platform, enable AI developers, researchers, data scientists and students to prototype, fine-tune and inference large models on desktops.",nvidia announce dgx spark dgx station personal ai mar dgx spark project digit dgx station new highperformance nvidia grace blackwell desktop supercomputer power nvidia blackwell ultra platform enable ai developer researcher datum scientist student prototype finetune inference large model desktop,"['nvidia', 'announce', 'dgx', 'spark', 'dgx', 'station', 'personal', 'ai', 'mar', 'dgx', 'spark', 'project', 'digit', 'dgx', 'station', 'new', 'highperformance', 'nvidia', 'grace', 'blackwell', 'desktop', 'supercomputer', 'power', 'nvidia', 'blackwell', 'ultra', 'platform', 'enable', 'ai', 'developer', 'researcher', 'datum', 'scientist', 'student', 'prototype', 'finetune', 'inference', 'large', 'model', 'desktop']",1,"Topic 1: nvidia, dgx, station","['spark dgx', 'dgx spark', 'dgx', 'announce dgx', 'dgx station']","NVIDIA announces the DGX Spark and DGX Station, new high-performance computing products for AI development and research.",0.5,Positive
"NVIDIA App Update Adds Project G-Assist, DLSS Super Resolution …",https://www.nvidia.com/en-us/geforce/news/nvidia-app-update-g-assist-new-dlss-override-and-more/,"2 days ago · In a new NVIDIA app update that’s available now, we’ve expanded the functionality of our DLSS overrides, enabling you to fine tune image quality or boost performance for DLSS Super Resolution.","NVIDIA App Update Adds Project G-Assist, DLSS Super Resolution … 2 days ago · In a new NVIDIA app update that’s available now, we’ve expanded the functionality of our DLSS overrides, enabling you to fine tune image quality or boost performance for DLSS Super Resolution.",nvidia app update add project gassist dlss super resolution day ago new nvidia app update s available ve expand functionality dlss override enable fine tune image quality boost performance dlss super resolution,"['nvidia', 'app', 'update', 'add', 'project', 'gassist', 'dlss', 'super', 'resolution', 'day', 'ago', 'new', 'nvidia', 'app', 'update', 's', 'available', 've', 'expand', 'functionality', 'dlss', 'override', 'enable', 'fine', 'tune', 'image', 'quality', 'boost', 'performance', 'dlss', 'super', 'resolution']",3,"Topic 3: dlss, nvidia, app","['nvidia app', 'new nvidia', 'super resolution', 'nvidia', 'resolution']","NVIDIA released a new app update that adds Project Gassist, DLSS super resolution, and the ability to fine-tune image quality and boost performance.",0.5,Positive
NVIDIA Blackwell GeForce RTX 50 Series Opens New ... - NVIDIA …,https://nvidianews.nvidia.com/news/nvidia-blackwell-geforce-rtx-50-series-opens-new-world-of-ai-computer-graphics,"Jan 6, 2025 · NVIDIA today unveiled the most advanced consumer GPUs for gamers, creators and developers — the GeForce RTX™ 50 Series Desktop and Laptop GPUs.","NVIDIA Blackwell GeForce RTX 50 Series Opens New ... - NVIDIA … Jan 6, 2025 · NVIDIA today unveiled the most advanced consumer GPUs for gamers, creators and developers — the GeForce RTX™ 50 Series Desktop and Laptop GPUs.",nvidia blackwell geforce rtx series open new nvidia jan nvidia today unveil advanced consumer gpu gamer creator developer geforce rtx series desktop laptop gpu,"['nvidia', 'blackwell', 'geforce', 'rtx', 'series', 'open', 'new', 'nvidia', 'jan', 'nvidia', 'today', 'unveil', 'advanced', 'consumer', 'gpu', 'gamer', 'creator', 'developer', 'geforce', 'rtx', 'series', 'desktop', 'laptop', 'gpu']",0,"Topic 0: nvidia, rtx, gpu","['new nvidia', 'nvidia blackwell', 'geforce rtx', 'nvidia today', 'nvidia jan']","NVIDIA has unveiled the new GeForce RTX series of consumer GPUs for gamers, creators, and developers.",0.5,Positive
NVIDIA Delivers Quantum Leap in Performance ... - NVIDIA …,https://nvidianews.nvidia.com/news/nvidia-delivers-quantum-leap-in-performance-introduces-new-era-of-neural-rendering-with-geforce-rtx-40-series,"Sep 20, 2022 · NVIDIA today unveiled the GeForce RTX ® 40 Series of GPUs, designed to deliver revolutionary performance for gamers and creators, led by its new flagship, the RTX 4090 GPU, with up to 4x the performance of its predecessor.","NVIDIA Delivers Quantum Leap in Performance ... - NVIDIA … Sep 20, 2022 · NVIDIA today unveiled the GeForce RTX ® 40 Series of GPUs, designed to deliver revolutionary performance for gamers and creators, led by its new flagship, the RTX 4090 GPU, with up to 4x the performance of its predecessor.",nvidia deliver quantum leap performance nvidia sep nvidia today unveil geforce rtx series gpu design deliver revolutionary performance gamer creator lead new flagship rtx gpu x performance predecessor,"['nvidia', 'deliver', 'quantum', 'leap', 'performance', 'nvidia', 'sep', 'nvidia', 'today', 'unveil', 'geforce', 'rtx', 'series', 'gpu', 'design', 'deliver', 'revolutionary', 'performance', 'gamer', 'creator', 'lead', 'new', 'flagship', 'rtx', 'gpu', 'x', 'performance', 'predecessor']",4,"Topic 4: nvidia, geforce, driver","['performance nvidia', 'nvidia', 'nvidia today', 'nvidia deliver', 'geforce rtx']","NVIDIA has unveiled the GeForce RTX series GPU, promising revolutionary performance for gamers and creators with a significant leap in performance compared to its predecessor.",0.8,Positive
Download The Official NVIDIA Drivers | NVIDIA,https://www.nvidia.com/en-us/drivers/,Download the latest official NVIDIA drivers to enhance your PC gaming experience and run apps faster.,Download The Official NVIDIA Drivers | NVIDIA Download the latest official NVIDIA drivers to enhance your PC gaming experience and run apps faster.,download official nvidia driver nvidia download late official nvidia driver enhance pc gaming experience run app fast,"['download', 'official', 'nvidia', 'driver', 'nvidia', 'download', 'late', 'official', 'nvidia', 'driver', 'enhance', 'pc', 'gaming', 'experience', 'run', 'app', 'fast']",4,"Topic 4: nvidia, geforce, driver","['nvidia download', 'driver nvidia', 'nvidia driver', 'official nvidia', 'nvidia']",The post discusses downloading the official NVIDIA driver to enhance PC gaming experience and run applications faster.,0.5,Positive
Official GeForce Drivers | NVIDIA,https://www.nvidia.com/en-us/geforce/drivers/,"Nov 12, 2019 · Whether you are playing the hottest new games or working with the latest creative applications, NVIDIA drivers are custom tailored to provide the best possible experience.","Official GeForce Drivers | NVIDIA Nov 12, 2019 · Whether you are playing the hottest new games or working with the latest creative applications, NVIDIA drivers are custom tailored to provide the best possible experience.",official geforce driver nvidia nov play hot new game work late creative application nvidia driver custom tailor provide good possible experience,"['official', 'geforce', 'driver', 'nvidia', 'nov', 'play', 'hot', 'new', 'game', 'work', 'late', 'creative', 'application', 'nvidia', 'driver', 'custom', 'tailor', 'provide', 'good', 'possible', 'experience']",4,"Topic 4: nvidia, geforce, driver","['nvidia nov', 'nvidia', 'nvidia driver', 'driver nvidia', 'application nvidia']",NVIDIA has released official GeForce drivers optimized for playing new games and working with creative applications.,0.6,Positive
World Leader in Artificial Intelligence Computing | NVIDIA,https://www.nvidia.com/en-us/,"NVIDIA GeForce RTX™ powers the world’s fastest GPUs and the ultimate platform for gamers and creators. Enjoy beautiful ray tracing, AI-powered DLSS, and much more in games and …","World Leader in Artificial Intelligence Computing | NVIDIA NVIDIA GeForce RTX™ powers the world’s fastest GPUs and the ultimate platform for gamers and creators. Enjoy beautiful ray tracing, AI-powered DLSS, and much more in games and …",world leader artificial intelligence computing nvidia nvidia geforce rtx power world fast gpu ultimate platform gamer creator enjoy beautiful ray tracing aipowere dlss game,"['world', 'leader', 'artificial', 'intelligence', 'computing', 'nvidia', 'nvidia', 'geforce', 'rtx', 'power', 'world', 'fast', 'gpu', 'ultimate', 'platform', 'gamer', 'creator', 'enjoy', 'beautiful', 'ray', 'tracing', 'aipowere', 'dlss', 'game']",1,"Topic 1: nvidia, dgx, station","['nvidia', 'nvidia nvidia', 'computing nvidia', 'geforce rtx', 'nvidia geforce']","NVIDIA is a world leader in artificial intelligence computing, offering powerful GPUs like the GeForce RTX for gamers and creators to enjoy advanced features like ray tracing and DLSS.",0.7,Positive
Download NVIDIA App for Gamers and Creators | NVIDIA,https://www.nvidia.com/en-us/software/nvidia-app/,"The NVIDIA App is the essential companion for PC gamers and creators. Keep your PC up to date with the latest NVIDIA drivers and technology. Optimize games and applications with a new unified GPU control center, capture your favorite moments with powerful recording tools through the in-game overlay, and discover the latest NVIDIA tools and ...","Download NVIDIA App for Gamers and Creators | NVIDIA The NVIDIA App is the essential companion for PC gamers and creators. Keep your PC up to date with the latest NVIDIA drivers and technology. Optimize games and applications with a new unified GPU control center, capture your favorite moments with powerful recording tools through the in-game overlay, and discover the latest NVIDIA tools and ...",download nvidia app gamer creator nvidia nvidia app essential companion pc gamer creator pc date late nvidia driver technology optimize game application new unified gpu control center capture favorite moment powerful recording tool ingame overlay discover late nvidia tool,"['download', 'nvidia', 'app', 'gamer', 'creator', 'nvidia', 'nvidia', 'app', 'essential', 'companion', 'pc', 'gamer', 'creator', 'pc', 'date', 'late', 'nvidia', 'driver', 'technology', 'optimize', 'game', 'application', 'new', 'unified', 'gpu', 'control', 'center', 'capture', 'favorite', 'moment', 'powerful', 'recording', 'tool', 'ingame', 'overlay', 'discover', 'late', 'nvidia', 'tool']",4,"Topic 4: nvidia, geforce, driver","['nvidia app', 'creator nvidia', 'download nvidia', 'nvidia tool', 'nvidia nvidia']","NVIDIA has released a new app for PC gamers and creators that includes features like driver optimization, game capture, and GPU control.",0.5,Positive
Nvidia - Wikipedia,https://en.wikipedia.org/wiki/Nvidia,"Nvidia Corporation[a] (/ ɛnˈvɪdiə / en-VID-ee-ə) is an American multinational corporation and technology company headquartered in Santa Clara, California, and incorporated in Delaware. [5]","Nvidia - Wikipedia Nvidia Corporation[a] (/ ɛnˈvɪdiə / en-VID-ee-ə) is an American multinational corporation and technology company headquartered in Santa Clara, California, and incorporated in Delaware. [5]",nvidia wikipedia nvidia corporationa nvdi envidee american multinational corporation technology company headquarter santa clara california incorporate delaware,"['nvidia', 'wikipedia', 'nvidia', 'corporationa', 'nvdi', 'envidee', 'american', 'multinational', 'corporation', 'technology', 'company', 'headquarter', 'santa', 'clara', 'california', 'incorporate', 'delaware']",4,"Topic 4: nvidia, geforce, driver","['nvidia corporationa', 'nvidia wikipedia', 'wikipedia nvidia', 'corporationa nvdi', 'nvdi envidee']","NVIDIA Corporation is an American multinational technology company headquartered in Santa Clara, California, incorporated in Delaware.",0.5,Positive
"NVIDIA GeForce Graphics Cards, Gaming Laptops, Desktop and …",https://marketplace.nvidia.com/en-ca/consumer/graphics-cards/,"Show NVIDIA GeForce graphics cards, gaming laptops, desktop and monitor from the official NVIDIA GeForce store - Canada. Know more about GeForce RTX 40 series GPUs.","NVIDIA GeForce Graphics Cards, Gaming Laptops, Desktop and … Show NVIDIA GeForce graphics cards, gaming laptops, desktop and monitor from the official NVIDIA GeForce store - Canada. Know more about GeForce RTX 40 series GPUs.",nvidia geforce graphic card game laptop desktop nvidia geforce graphic card game laptop desktop monitor official nvidia geforce store canada know geforce rtx series gpus,"['nvidia', 'geforce', 'graphic', 'card', 'game', 'laptop', 'desktop', 'nvidia', 'geforce', 'graphic', 'card', 'game', 'laptop', 'desktop', 'monitor', 'official', 'nvidia', 'geforce', 'store', 'canada', 'know', 'geforce', 'rtx', 'series', 'gpus']",4,"Topic 4: nvidia, geforce, driver","['nvidia geforce', 'official nvidia', 'nvidia', 'desktop nvidia', 'geforce rtx']","The text mentions NVIDIA GeForce graphic cards for gaming in laptops and desktops, as well as the official NVIDIA GeForce store in Canada with a focus on the RTX series GPUs.",0.5,Positive
NVIDIA Announces DGX Spark and DGX Station Personal AI …,https://nvidianews.nvidia.com/news/nvidia-announces-dgx-spark-and-dgx-station-personal-ai-computers,"Mar 18, 2025 · DGX Spark — formerly Project DIGITS — and DGX Station™, a new high-performance NVIDIA Grace Blackwell desktop supercomputer powered by the NVIDIA Blackwell Ultra platform, enable AI developers, researchers, data scientists and students to prototype, fine-tune and inference large models on desktops.","NVIDIA Announces DGX Spark and DGX Station Personal AI … Mar 18, 2025 · DGX Spark — formerly Project DIGITS — and DGX Station™, a new high-performance NVIDIA Grace Blackwell desktop supercomputer powered by the NVIDIA Blackwell Ultra platform, enable AI developers, researchers, data scientists and students to prototype, fine-tune and inference large models on desktops.",nvidia announce dgx spark dgx station personal ai mar dgx spark project digit dgx station new highperformance nvidia grace blackwell desktop supercomputer power nvidia blackwell ultra platform enable ai developer researcher datum scientist student prototype finetune inference large model desktop,"['nvidia', 'announce', 'dgx', 'spark', 'dgx', 'station', 'personal', 'ai', 'mar', 'dgx', 'spark', 'project', 'digit', 'dgx', 'station', 'new', 'highperformance', 'nvidia', 'grace', 'blackwell', 'desktop', 'supercomputer', 'power', 'nvidia', 'blackwell', 'ultra', 'platform', 'enable', 'ai', 'developer', 'researcher', 'datum', 'scientist', 'student', 'prototype', 'finetune', 'inference', 'large', 'model', 'desktop']",1,"Topic 1: nvidia, dgx, station","['spark dgx', 'dgx spark', 'dgx', 'announce dgx', 'dgx station']","NVIDIA announces the DGX Spark and DGX Station, new high-performance computing products for AI development and research.",0.5,Positive
"NVIDIA App Update Adds Project G-Assist, DLSS Super Resolution …",https://www.nvidia.com/en-us/geforce/news/nvidia-app-update-g-assist-new-dlss-override-and-more/,"2 days ago · In a new NVIDIA app update that’s available now, we’ve expanded the functionality of our DLSS overrides, enabling you to fine tune image quality or boost performance for DLSS Super Resolution.","NVIDIA App Update Adds Project G-Assist, DLSS Super Resolution … 2 days ago · In a new NVIDIA app update that’s available now, we’ve expanded the functionality of our DLSS overrides, enabling you to fine tune image quality or boost performance for DLSS Super Resolution.",nvidia app update add project gassist dlss super resolution day ago new nvidia app update s available ve expand functionality dlss override enable fine tune image quality boost performance dlss super resolution,"['nvidia', 'app', 'update', 'add', 'project', 'gassist', 'dlss', 'super', 'resolution', 'day', 'ago', 'new', 'nvidia', 'app', 'update', 's', 'available', 've', 'expand', 'functionality', 'dlss', 'override', 'enable', 'fine', 'tune', 'image', 'quality', 'boost', 'performance', 'dlss', 'super', 'resolution']",3,"Topic 3: dlss, nvidia, app","['nvidia app', 'new nvidia', 'super resolution', 'nvidia', 'resolution']","NVIDIA released a new app update that adds Project Gassist, DLSS super resolution, and the ability to fine-tune image quality and boost performance.",0.5,Positive
NVIDIA Blackwell GeForce RTX 50 Series Opens New ... - NVIDIA …,https://nvidianews.nvidia.com/news/nvidia-blackwell-geforce-rtx-50-series-opens-new-world-of-ai-computer-graphics,"Jan 6, 2025 · NVIDIA today unveiled the most advanced consumer GPUs for gamers, creators and developers — the GeForce RTX™ 50 Series Desktop and Laptop GPUs.","NVIDIA Blackwell GeForce RTX 50 Series Opens New ... - NVIDIA … Jan 6, 2025 · NVIDIA today unveiled the most advanced consumer GPUs for gamers, creators and developers — the GeForce RTX™ 50 Series Desktop and Laptop GPUs.",nvidia blackwell geforce rtx series open new nvidia jan nvidia today unveil advanced consumer gpu gamer creator developer geforce rtx series desktop laptop gpu,"['nvidia', 'blackwell', 'geforce', 'rtx', 'series', 'open', 'new', 'nvidia', 'jan', 'nvidia', 'today', 'unveil', 'advanced', 'consumer', 'gpu', 'gamer', 'creator', 'developer', 'geforce', 'rtx', 'series', 'desktop', 'laptop', 'gpu']",0,"Topic 0: nvidia, rtx, gpu","['new nvidia', 'nvidia blackwell', 'geforce rtx', 'nvidia today', 'nvidia jan']","NVIDIA has unveiled the new GeForce RTX series of GPUs designed for gamers, creators, and developers.",0.5,Positive
NVIDIA Delivers Quantum Leap in Performance ... - NVIDIA …,https://nvidianews.nvidia.com/news/nvidia-delivers-quantum-leap-in-performance-introduces-new-era-of-neural-rendering-with-geforce-rtx-40-series,"Sep 20, 2022 · NVIDIA today unveiled the GeForce RTX ® 40 Series of GPUs, designed to deliver revolutionary performance for gamers and creators, led by its new flagship, the RTX 4090 GPU, with up to 4x the performance of its predecessor.","NVIDIA Delivers Quantum Leap in Performance ... - NVIDIA … Sep 20, 2022 · NVIDIA today unveiled the GeForce RTX ® 40 Series of GPUs, designed to deliver revolutionary performance for gamers and creators, led by its new flagship, the RTX 4090 GPU, with up to 4x the performance of its predecessor.",nvidia deliver quantum leap performance nvidia sep nvidia today unveil geforce rtx series gpu design deliver revolutionary performance gamer creator lead new flagship rtx gpu x performance predecessor,"['nvidia', 'deliver', 'quantum', 'leap', 'performance', 'nvidia', 'sep', 'nvidia', 'today', 'unveil', 'geforce', 'rtx', 'series', 'gpu', 'design', 'deliver', 'revolutionary', 'performance', 'gamer', 'creator', 'lead', 'new', 'flagship', 'rtx', 'gpu', 'x', 'performance', 'predecessor']",4,"Topic 4: nvidia, geforce, driver","['performance nvidia', 'nvidia', 'nvidia today', 'nvidia deliver', 'geforce rtx']","NVIDIA unveils the GeForce RTX series GPU promising revolutionary performance for gamers and creators, with the new flagship RTX GPU offering a significant performance boost over its predecessor.",0.8,Positive
