Query,Title,Description,PublishedAt,Source,URL,text,clean_text,Date,Topic
Apple Inc,Promising Technology Stocks To Research – March 18th,"NVIDIA, Meta Platforms, Apple, Alphabet, and Microsoft are the five Technology stocks to watch today, according to MarketBeat’s stock screener tool. Technology stocks represent shares in companies that primarily develop, produce, or distribute technology-rela…",2025-03-20 06:02:56+00:00,ETF Daily News,https://www.etfdailynews.com/2025/03/20/promising-technology-stocks-to-research-march-18th/,"Promising Technology Stocks To Research – March 18th NVIDIA, Meta Platforms, Apple, Alphabet, and Microsoft are the five Technology stocks to watch today, according to MarketBeat’s stock screener tool. Technology stocks represent shares in companies that primarily develop, produce, or distribute technology-rela…",promising technology stocks research march nvidia meta platforms apple alphabet microsoft technology stocks watch today according marketbeats stock screener tool technology stocks represent shares companies primarily develop produce distribute technologyrela,2025-03-20 06:02:56+00:00,2
Apple Inc,"Apple (NASDAQ:AAPL) Stock Price Expected to Rise, Evercore ISI Analyst Says","Apple (NASDAQ:AAPL – Get Free Report) had its price objective hoisted by Evercore ISI from $260.00 to $275.00 in a research note issued on Tuesday, Marketbeat.com reports. The firm presently has an “outperform” rating on the iPhone maker’s stock. Evercore ISI…",2025-03-20 05:56:42+00:00,ETF Daily News,https://www.etfdailynews.com/2025/03/20/apple-nasdaqaapl-stock-price-expected-to-rise-evercore-isi-analyst-says-2/,"Apple (NASDAQ:AAPL) Stock Price Expected to Rise, Evercore ISI Analyst Says Apple (NASDAQ:AAPL – Get Free Report) had its price objective hoisted by Evercore ISI from $260.00 to $275.00 in a research note issued on Tuesday, Marketbeat.com reports. The firm presently has an “outperform” rating on the iPhone maker’s stock. Evercore ISI…",apple nasdaqaapl stock price expected rise evercore isi analyst says apple nasdaqaapl free report price objective hoisted evercore isi research note issued tuesday marketbeatcom reports firm presently outperform rating iphone makers stock evercore isi,2025-03-20 05:56:42+00:00,3
Apple Inc,WhatsApp fixed zero-day flaw used to deploy Paragon Graphite spyware,"WhatsApp fixed a zero-click, zero-day vulnerability used to install Paragon’s Graphite spyware on the devices of targeted individuals. WhatsApp has addressed a zero-click, zero-day vulnerability exploited to install Paragon’s Graphite spyware on the devices o…",2025-03-20 00:12:03+00:00,Securityaffairs.com,https://securityaffairs.com/175629/security/whatsapp-fixed-zero-day-flaw-used-to-deploy-paragon-graphite-spyware-spyware.html,"WhatsApp fixed zero-day flaw used to deploy Paragon Graphite spyware WhatsApp fixed a zero-click, zero-day vulnerability used to install Paragon’s Graphite spyware on the devices of targeted individuals. WhatsApp has addressed a zero-click, zero-day vulnerability exploited to install Paragon’s Graphite spyware on the devices o…",whatsapp fixed zeroday flaw used deploy paragon graphite spyware whatsapp fixed zeroclick zeroday vulnerability used install paragons graphite spyware devices targeted individuals whatsapp addressed zeroclick zeroday vulnerability exploited install paragons graphite spyware devices,2025-03-20 00:12:03+00:00,8
Apple Inc,"TOP RANKED ROSEN LAW FIRM Encourages Skyworks Solutions, Inc. Investors to Secure Counsel Before Important Deadline in Securities Class Action – SWKS","NEW YORK, March 19, 2025 (GLOBE NEWSWIRE) -- WHY: Rosen Law Firm, a global investor rights law firm, reminds purchasers of securities of Skyworks Solutions, Inc. (NASDAQ: SWKS) between July 30, 2024 and February 5, 2025, both dates inclusive (the “Class Perio…",2025-03-19 22:47:00+00:00,GlobeNewswire,https://www.globenewswire.com/news-release/2025/03/19/3045872/673/en/TOP-RANKED-ROSEN-LAW-FIRM-Encourages-Skyworks-Solutions-Inc-Investors-to-Secure-Counsel-Before-Important-Deadline-in-Securities-Class-Action-SWKS.html,"TOP RANKED ROSEN LAW FIRM Encourages Skyworks Solutions, Inc. Investors to Secure Counsel Before Important Deadline in Securities Class Action – SWKS NEW YORK, March 19, 2025 (GLOBE NEWSWIRE) -- WHY: Rosen Law Firm, a global investor rights law firm, reminds purchasers of securities of Skyworks Solutions, Inc. (NASDAQ: SWKS) between July 30, 2024 and February 5, 2025, both dates inclusive (the “Class Perio…",ranked rosen law firm encourages skyworks solutions investors secure counsel important deadline securities class action swks new york march globe newswire rosen law firm global investor rights law firm reminds purchasers securities skyworks solutions nasdaq swks july february dates inclusive class perio,2025-03-19 22:47:00+00:00,-1
Apple Inc,"Class Action Reminder for SWKS Investors: Kessler Topaz Meltzer & Check, LLP Reminds Skyworks Solutions, Inc. (SWKS) Investors of Securities Fraud Class Action Lawsuit","RADNOR, Pa. , March 19, 2025 (GLOBE NEWSWIRE) -- The law firm of Kessler Topaz Meltzer & Check, LLP (www.ktmc.com) informs investors that a securities class action lawsuit has been filed in the United States District Court for the Central District of Californ…",2025-03-19 21:07:00+00:00,GlobeNewswire,https://www.globenewswire.com/news-release/2025/03/19/3045847/0/en/Class-Action-Reminder-for-SWKS-Investors-Kessler-Topaz-Meltzer-Check-LLP-Reminds-Skyworks-Solutions-Inc-SWKS-Investors-of-Securities-Fraud-Class-Action-Lawsuit.html,"Class Action Reminder for SWKS Investors: Kessler Topaz Meltzer & Check, LLP Reminds Skyworks Solutions, Inc. (SWKS) Investors of Securities Fraud Class Action Lawsuit RADNOR, Pa. , March 19, 2025 (GLOBE NEWSWIRE) -- The law firm of Kessler Topaz Meltzer & Check, LLP (www.ktmc.com) informs investors that a securities class action lawsuit has been filed in the United States District Court for the Central District of Californ…",class action reminder swks investors kessler topaz meltzer check llp reminds skyworks solutions swks investors securities fraud class action lawsuit radnor march globe newswire law firm kessler topaz meltzer check llp informs investors securities class action lawsuit filed united states district court central district californ,2025-03-19 21:07:00+00:00,-1
Apple Inc,Emergent BioSolutions Finalizes Sale of Baltimore-Bayview Manufacturing Site to Syngene International,"GAITHERSBURG, Md., March 19, 2025 (GLOBE NEWSWIRE) -- Emergent BioSolutions Inc. (NYSE:EBS) today announced that it has completed the sale of its Baltimore-Bayview drug substance manufacturing facility to Syngene International. Emergent received approximately…",2025-03-19 20:30:00+00:00,GlobeNewswire,https://www.globenewswire.com/news-release/2025/03/19/3045818/33240/en/Emergent-BioSolutions-Finalizes-Sale-of-Baltimore-Bayview-Manufacturing-Site-to-Syngene-International.html,"Emergent BioSolutions Finalizes Sale of Baltimore-Bayview Manufacturing Site to Syngene International GAITHERSBURG, Md., March 19, 2025 (GLOBE NEWSWIRE) -- Emergent BioSolutions Inc. (NYSE:EBS) today announced that it has completed the sale of its Baltimore-Bayview drug substance manufacturing facility to Syngene International. Emergent received approximately…",emergent biosolutions finalizes sale baltimorebayview manufacturing site syngene international gaithersburg march globe newswire emergent biosolutions nyseebs today announced completed sale baltimorebayview drug substance manufacturing facility syngene international emergent received approximately,2025-03-19 20:30:00+00:00,-1
Apple Inc,"EU finds Apple, Google breached DMA antitrust rules","The European Union has determined that Apple Inc. and Google LLC are in breach of the bloc’s DMA antitrust regulation. The European Commission, the EU’s executive arm, published its decision today. Officials have ordered Apple to change a number of iOS featur…",2025-03-19 20:16:47+00:00,SiliconANGLE News,https://siliconangle.com/2025/03/19/eu-finds-apple-google-breached-dma-antitrust-rules/,"EU finds Apple, Google breached DMA antitrust rules The European Union has determined that Apple Inc. and Google LLC are in breach of the bloc’s DMA antitrust regulation. The European Commission, the EU’s executive arm, published its decision today. Officials have ordered Apple to change a number of iOS featur…",finds apple google breached dma antitrust rules european union determined apple google llc breach blocs dma antitrust regulation european commission eus executive arm published decision today officials ordered apple change number ios featur,2025-03-19 20:16:47+00:00,6
Apple Inc,Reconsidering The MBA: Is It Still Worth It?,"The skills taught in traditional business programs are increasingly seen as outdated, and employers are shifting their focus to creativity, adaptability and real-world experience.",2025-03-19 18:58:17+00:00,Forbes,https://www.forbes.com/councils/forbesbusinesscouncil/2025/03/19/reconsidering-the-mba-is-it-still-worth-it/,"Reconsidering The MBA: Is It Still Worth It? The skills taught in traditional business programs are increasingly seen as outdated, and employers are shifting their focus to creativity, adaptability and real-world experience.",reconsidering mba worth skills taught traditional business programs increasingly seen outdated employers shifting focus creativity adaptability realworld experience,2025-03-19 18:58:17+00:00,-1
Apple Inc,Skidattl wants to make augmented reality overlays ubiquitous with QR codes,"Augmented reality integration startup Skidattl says it’s looking to bridge the gap between the digital and physical worlds with today’s launch of its easily accessible augmented reality technology, which promises to transform how users interact with any physi…",2025-03-19 15:00:11+00:00,SiliconANGLE News,https://siliconangle.com/2025/03/19/skidattl-wants-make-augmented-reality-overlays-ubiquitous-qr-codes/,"Skidattl wants to make augmented reality overlays ubiquitous with QR codes Augmented reality integration startup Skidattl says it’s looking to bridge the gap between the digital and physical worlds with today’s launch of its easily accessible augmented reality technology, which promises to transform how users interact with any physi…",skidattl wants make augmented reality overlays ubiquitous codes augmented reality integration startup skidattl says looking bridge gap digital physical worlds todays launch easily accessible augmented reality technology promises transform users interact physi,2025-03-19 15:00:11+00:00,0
Apple Inc,"California Cryobank, the largest US sperm bank, disclosed a data breach","California Cryobank, the largest US sperm bank, suffered a data breach exposing customer information. California Cryobank (CCB) is the largest sperm bank in the U.S., providing frozen donor sperm and reproductive services, including egg and embryo storage. It…",2025-03-19 14:46:09+00:00,Securityaffairs.com,https://securityaffairs.com/175602/breaking-news/california-cryobank-the-largest-us-sperm-bank-disclosed-a-data-breach.html,"California Cryobank, the largest US sperm bank, disclosed a data breach California Cryobank, the largest US sperm bank, suffered a data breach exposing customer information. California Cryobank (CCB) is the largest sperm bank in the U.S., providing frozen donor sperm and reproductive services, including egg and embryo storage. It…",california cryobank largest sperm bank disclosed data breach california cryobank largest sperm bank suffered data breach exposing customer information california cryobank ccb largest sperm bank providing frozen donor sperm reproductive services including egg embryo storage,2025-03-19 14:46:09+00:00,2
Apple Inc,Generative Artificial Intelligence in Music Strategic Business Report 2024-2030: Market to Grow by $2.375 Billion - GAI Opens Doors to Experimental Music Genres and Algorithmic Soundscapes,"Understand the significant growth trajectory of the Generative AI Software segment, which is expected to reach US$1.9 Billion by 2030 with a CAGR of a 28.4%. The Generative AI Services segment is also set to grow at 31.5% CAGR over the analysis period.Regiona…",2025-03-19 14:27:00+00:00,GlobeNewswire,https://www.globenewswire.com/news-release/2025/03/19/3045581/28124/en/Generative-Artificial-Intelligence-in-Music-Strategic-Business-Report-2024-2030-Market-to-Grow-by-2-375-Billion-GAI-Opens-Doors-to-Experimental-Music-Genres-and-Algorithmic-Soundsc.html,"Generative Artificial Intelligence in Music Strategic Business Report 2024-2030: Market to Grow by $2.375 Billion - GAI Opens Doors to Experimental Music Genres and Algorithmic Soundscapes Understand the significant growth trajectory of the Generative AI Software segment, which is expected to reach US$1.9 Billion by 2030 with a CAGR of a 28.4%. The Generative AI Services segment is also set to grow at 31.5% CAGR over the analysis period.Regiona…",generative artificial intelligence music strategic business report market grow billion gai opens doors experimental music genres algorithmic soundscapes understand significant growth trajectory generative software segment expected reach billion cagr generative services segment set grow cagr analysis periodregiona,2025-03-19 14:27:00+00:00,-1
Apple Inc,Elon Musk And Tim Walz Exchange Barbs As Walz Celebrates Tesla Stock Slide,"The former vice presidential candidate Walz said he checks Tesla’s share price to give him a “little boost during the day,” nodding to Musk’s company’s more than 40% year-to-date loss.",2025-03-19 13:42:41+00:00,Forbes,https://www.forbes.com/sites/dereksaul/2025/03/19/elon-musk-and-tim-walz-exchange-barbs-as-walz-celebrates-tesla-stock-slide/,"Elon Musk And Tim Walz Exchange Barbs As Walz Celebrates Tesla Stock Slide The former vice presidential candidate Walz said he checks Tesla’s share price to give him a “little boost during the day,” nodding to Musk’s company’s more than 40% year-to-date loss.",elon musk tim walz exchange barbs walz celebrates tesla stock slide vice presidential candidate walz said checks teslas share price little boost day nodding musks companys yeartodate loss,2025-03-19 13:42:41+00:00,17
Apple Inc,Apple Passwords bug left users vulnerable for three months,"Macworld







It emerged Tuesday that a serious HTTP bug in Apple’s Passwords app left users vulnerable to phishing attacks for an astonishing three months after its debut last year.




A fix for the vulnerability was included in the iOS 18.2 software up…",2025-03-19 13:06:35+00:00,Macworld,https://www.macworld.com/article/2642228/apple-passwords-bug-left-users-vulnerable-for-three-months.html,"Apple Passwords bug left users vulnerable for three months Macworld







It emerged Tuesday that a serious HTTP bug in Apple’s Passwords app left users vulnerable to phishing attacks for an astonishing three months after its debut last year.




A fix for the vulnerability was included in the iOS 18.2 software up…",apple passwords bug left users vulnerable months macworld emerged tuesday http bug apples passwords app left users vulnerable phishing attacks astonishing months debut year fix vulnerability included ios software,2025-03-19 13:06:35+00:00,8
Apple Inc,My internet has been pretty bad lately...,"Page 1 of 2 - My internet has been pretty bad lately... - posted in Networking: Im not sure whats been going on but for the last week or so my internet has been bad. When I play games online, I get lag, when I watch YouTube videos, they are constantly bufferi…",2025-03-19 12:08:20+00:00,BleepingComputer,https://www.bleepingcomputer.com/forums/t/802040/my-internet-has-been-pretty-bad-lately/,"My internet has been pretty bad lately... Page 1 of 2 - My internet has been pretty bad lately... - posted in Networking: Im not sure whats been going on but for the last week or so my internet has been bad. When I play games online, I get lag, when I watch YouTube videos, they are constantly bufferi…",internet pretty bad lately page internet pretty bad lately posted networking sure whats going week internet bad play games online lag watch youtube videos constantly bufferi,2025-03-19 12:08:20+00:00,-1
Apple Inc,United Arab Emirates Watch Market Forecasts Report 2025-2033: Dubai and Abu Dhabi Emerge as Global Hubs for Luxury Timepieces,"Dublin, March 19, 2025 (GLOBE NEWSWIRE) -- The ""United Arab Emirates Watch Market Size and Share Analysis - Growth Trends and Forecast Report 2025-2033"" report has been added to ResearchAndMarkets.com's offering.The UAE watch market is expected to grow at a h…",2025-03-19 12:02:00+00:00,GlobeNewswire,https://www.globenewswire.com/news-release/2025/03/19/3045346/28124/en/United-Arab-Emirates-Watch-Market-Forecasts-Report-2025-2033-Dubai-and-Abu-Dhabi-Emerge-as-Global-Hubs-for-Luxury-Timepieces.html,"United Arab Emirates Watch Market Forecasts Report 2025-2033: Dubai and Abu Dhabi Emerge as Global Hubs for Luxury Timepieces Dublin, March 19, 2025 (GLOBE NEWSWIRE) -- The ""United Arab Emirates Watch Market Size and Share Analysis - Growth Trends and Forecast Report 2025-2033"" report has been added to ResearchAndMarkets.com's offering.The UAE watch market is expected to grow at a h…",united arab emirates watch market forecasts report dubai abu dhabi emerge global hubs luxury timepieces dublin march globe newswire united arab emirates watch market size share analysis growth trends forecast report report added researchandmarketscoms offeringthe uae watch market expected grow,2025-03-19 12:02:00+00:00,2
Apple Inc,"Computer Graphics - A $372.42 Billion Market Opportunity by 2030, Led by Apple, Microsoft Corp., NVIDIA Corp., Intel Corp., and Google (Alphabet)",Top Companies are Transforming the Computer Graphics Sector with AI and Real-Time Rendering Technologies Top Companies are Transforming the Computer Graphics Sector with AI and Real-Time Rendering Technologies,2025-03-19 11:32:00+00:00,GlobeNewswire,https://www.globenewswire.com/news-release/2025/03/19/3045281/28124/en/Computer-Graphics-A-372-42-Billion-Market-Opportunity-by-2030-Led-by-Apple-Microsoft-Corp-NVIDIA-Corp-Intel-Corp-and-Google-Alphabet.html,"Computer Graphics - A $372.42 Billion Market Opportunity by 2030, Led by Apple, Microsoft Corp., NVIDIA Corp., Intel Corp., and Google (Alphabet) Top Companies are Transforming the Computer Graphics Sector with AI and Real-Time Rendering Technologies Top Companies are Transforming the Computer Graphics Sector with AI and Real-Time Rendering Technologies",computer graphics billion market opportunity led apple microsoft corp nvidia corp intel corp google alphabet companies transforming computer graphics sector realtime rendering technologies companies transforming computer graphics sector realtime rendering technologies,2025-03-19 11:32:00+00:00,2
Apple Inc,Rules File Backdoor: AI Code Editors exploited for silent supply chain attacks,"The Rules File Backdoor attack targets AI code editors like GitHub Copilot and Cursor, making them inject malicious code via a supply chain vulnerability. Pillar Security researchers uncovered a dangerous new supply chain attack vector called ‘Rules File Back…",2025-03-19 10:42:07+00:00,Securityaffairs.com,https://securityaffairs.com/175593/hacking/rules-file-backdoor-ai-code-editors-silent-supply-chain-attacks.html,"Rules File Backdoor: AI Code Editors exploited for silent supply chain attacks The Rules File Backdoor attack targets AI code editors like GitHub Copilot and Cursor, making them inject malicious code via a supply chain vulnerability. Pillar Security researchers uncovered a dangerous new supply chain attack vector called ‘Rules File Back…",rules file backdoor code editors exploited silent supply chain attacks rules file backdoor attack targets code editors like github copilot cursor making inject malicious code supply chain vulnerability pillar security researchers uncovered dangerous new supply chain attack vector called rules file,2025-03-19 10:42:07+00:00,8
Apple Inc,Apple Inc. (NASDAQ:AAPL) Position Lessened by KFG Wealth Management LLC,"KFG Wealth Management LLC trimmed its position in shares of Apple Inc. (NASDAQ:AAPL – Free Report) by 19.8% in the 4th quarter, Holdings Channel.com reports. The fund owned 17,598 shares of the iPhone maker’s stock after selling 4,334 shares during the quarte…",2025-03-19 08:26:57+00:00,ETF Daily News,https://www.etfdailynews.com/2025/03/19/apple-inc-nasdaqaapl-position-lessened-by-kfg-wealth-management-llc/,"Apple Inc. (NASDAQ:AAPL) Position Lessened by KFG Wealth Management LLC KFG Wealth Management LLC trimmed its position in shares of Apple Inc. (NASDAQ:AAPL – Free Report) by 19.8% in the 4th quarter, Holdings Channel.com reports. The fund owned 17,598 shares of the iPhone maker’s stock after selling 4,334 shares during the quarte…",apple nasdaqaapl position lessened kfg wealth management llc kfg wealth management llc trimmed position shares apple nasdaqaapl free report quarter holdings channelcom reports fund owned shares iphone makers stock selling shares quarte,2025-03-19 08:26:57+00:00,3
Apple Inc,Apple Inc. (NASDAQ:AAPL) Shares Sold by 1834 Investment Advisors Co.,"1834 Investment Advisors Co. reduced its position in Apple Inc. (NASDAQ:AAPL – Free Report) by 6.3% in the 4th quarter, according to its most recent disclosure with the Securities and Exchange Commission. The firm owned 110,286 shares of the iPhone maker’s st…",2025-03-19 08:26:52+00:00,ETF Daily News,https://www.etfdailynews.com/2025/03/19/apple-inc-nasdaqaapl-shares-sold-by-1834-investment-advisors-co/,"Apple Inc. (NASDAQ:AAPL) Shares Sold by 1834 Investment Advisors Co. 1834 Investment Advisors Co. reduced its position in Apple Inc. (NASDAQ:AAPL – Free Report) by 6.3% in the 4th quarter, according to its most recent disclosure with the Securities and Exchange Commission. The firm owned 110,286 shares of the iPhone maker’s st…",apple nasdaqaapl shares sold investment advisors investment advisors reduced position apple nasdaqaapl free report quarter according recent disclosure securities exchange commission firm owned shares iphone makers,2025-03-19 08:26:52+00:00,3
Apple Inc,Apple Inc. (NASDAQ:AAPL) Stake Lifted by M3 Advisory Group LLC,"M3 Advisory Group LLC boosted its holdings in shares of Apple Inc. (NASDAQ:AAPL – Free Report) by 1.7% during the 4th quarter, according to its most recent 13F filing with the SEC. The fund owned 17,525 shares of the iPhone maker’s stock after purchasing an a…",2025-03-19 08:26:48+00:00,ETF Daily News,https://www.etfdailynews.com/2025/03/19/apple-inc-nasdaqaapl-stake-lifted-by-m3-advisory-group-llc/,"Apple Inc. (NASDAQ:AAPL) Stake Lifted by M3 Advisory Group LLC M3 Advisory Group LLC boosted its holdings in shares of Apple Inc. (NASDAQ:AAPL – Free Report) by 1.7% during the 4th quarter, according to its most recent 13F filing with the SEC. The fund owned 17,525 shares of the iPhone maker’s stock after purchasing an a…",apple nasdaqaapl stake lifted advisory group llc advisory group llc boosted holdings shares apple nasdaqaapl free report quarter according recent filing sec fund owned shares iphone makers stock purchasing,2025-03-19 08:26:48+00:00,3
Apple Inc,"Tootsie Roll Industries, Inc. (NYSE:TR) Holdings Reduced by AlphaQuest LLC","AlphaQuest LLC decreased its position in Tootsie Roll Industries, Inc. (NYSE:TR – Free Report) by 75.6% in the 4th quarter, Holdings Channel.com reports. The firm owned 3,128 shares of the company’s stock after selling 9,686 shares during the period. AlphaQue…",2025-03-19 08:10:47+00:00,ETF Daily News,https://www.etfdailynews.com/2025/03/19/tootsie-roll-industries-inc-nysetr-holdings-reduced-by-alphaquest-llc/,"Tootsie Roll Industries, Inc. (NYSE:TR) Holdings Reduced by AlphaQuest LLC AlphaQuest LLC decreased its position in Tootsie Roll Industries, Inc. (NYSE:TR – Free Report) by 75.6% in the 4th quarter, Holdings Channel.com reports. The firm owned 3,128 shares of the company’s stock after selling 9,686 shares during the period. AlphaQue…",tootsie roll industries nysetr holdings reduced alphaquest llc alphaquest llc decreased position tootsie roll industries nysetr free report quarter holdings channelcom reports firm owned shares companys stock selling shares period alphaque,2025-03-19 08:10:47+00:00,3
Apple Inc,Jamf (NASDAQ:JAMF) Coverage Initiated by Analysts at Morgan Stanley,"Morgan Stanley started coverage on shares of Jamf (NASDAQ:JAMF – Free Report) in a research report released on Tuesday, MarketBeat reports. The brokerage issued an equal weight rating and a $16.00 price objective on the stock. Other equities research analysts…",2025-03-19 08:04:45+00:00,ETF Daily News,https://www.etfdailynews.com/2025/03/19/jamf-nasdaqjamf-coverage-initiated-by-analysts-at-morgan-stanley/,"Jamf (NASDAQ:JAMF) Coverage Initiated by Analysts at Morgan Stanley Morgan Stanley started coverage on shares of Jamf (NASDAQ:JAMF – Free Report) in a research report released on Tuesday, MarketBeat reports. The brokerage issued an equal weight rating and a $16.00 price objective on the stock. Other equities research analysts…",jamf nasdaqjamf coverage initiated analysts morgan stanley morgan stanley started coverage shares jamf nasdaqjamf free report research report released tuesday marketbeat reports brokerage issued equal weight rating price objective stock equities research analysts,2025-03-19 08:04:45+00:00,3
Apple Inc,The best 3D modelling apps for iPad,Our experts selects the best 3D modelling apps for iPad to sculpt on the move.,2025-03-19 08:00:00+00:00,Creative Bloq,https://www.creativebloq.com/3d/3d-software/the-best-3d-modelling-apps-for-ipad,The best 3D modelling apps for iPad Our experts selects the best 3D modelling apps for iPad to sculpt on the move.,best modelling apps ipad experts selects best modelling apps ipad sculpt,2025-03-19 08:00:00+00:00,5
Apple Inc,Bank of New York Mellon Corp Cuts Stock Holdings in Jamf Holding Corp. (NASDAQ:JAMF),"Bank of New York Mellon Corp cut its position in shares of Jamf Holding Corp. (NASDAQ:JAMF – Free Report) by 52.1% during the fourth quarter, HoldingsChannel.com reports. The institutional investor owned 262,611 shares of the company’s stock after selling 286…",2025-03-19 07:08:44+00:00,ETF Daily News,https://www.etfdailynews.com/2025/03/19/bank-of-new-york-mellon-corp-cuts-stock-holdings-in-jamf-holding-corp-nasdaqjamf/,"Bank of New York Mellon Corp Cuts Stock Holdings in Jamf Holding Corp. (NASDAQ:JAMF) Bank of New York Mellon Corp cut its position in shares of Jamf Holding Corp. (NASDAQ:JAMF – Free Report) by 52.1% during the fourth quarter, HoldingsChannel.com reports. The institutional investor owned 262,611 shares of the company’s stock after selling 286…",bank new york mellon corp cuts stock holdings jamf holding corp nasdaqjamf bank new york mellon corp cut position shares jamf holding corp nasdaqjamf free report fourth quarter holdingschannelcom reports institutional investor owned shares companys stock selling,2025-03-19 07:08:44+00:00,3
Apple Inc,Blue Square Asset Management LLC Acquires 325 Shares of Apple Inc. (NASDAQ:AAPL),"Blue Square Asset Management LLC boosted its holdings in Apple Inc. (NASDAQ:AAPL – Free Report) by 1.4% in the fourth quarter, Holdings Channel reports. The firm owned 22,983 shares of the iPhone maker’s stock after purchasing an additional 325 shares during …",2025-03-19 07:04:51+00:00,ETF Daily News,https://www.etfdailynews.com/2025/03/19/blue-square-asset-management-llc-acquires-325-shares-of-apple-inc-nasdaqaapl/,"Blue Square Asset Management LLC Acquires 325 Shares of Apple Inc. (NASDAQ:AAPL) Blue Square Asset Management LLC boosted its holdings in Apple Inc. (NASDAQ:AAPL – Free Report) by 1.4% in the fourth quarter, Holdings Channel reports. The firm owned 22,983 shares of the iPhone maker’s stock after purchasing an additional 325 shares during …",blue square asset management llc acquires shares apple nasdaqaapl blue square asset management llc boosted holdings apple nasdaqaapl free report fourth quarter holdings channel reports firm owned shares iphone makers stock purchasing additional shares,2025-03-19 07:04:51+00:00,3
Apple Inc,"Clarendon Private LLC Purchases Shares of 24,300 Apple Inc. (NASDAQ:AAPL)","Clarendon Private LLC purchased a new stake in Apple Inc. (NASDAQ:AAPL – Free Report) during the fourth quarter, Holdings Channel reports. The firm purchased 24,300 shares of the iPhone maker’s stock, valued at approximately $6,085,000. Apple comprises 6.4% o…",2025-03-19 07:04:51+00:00,ETF Daily News,https://www.etfdailynews.com/2025/03/19/clarendon-private-llc-purchases-shares-of-24300-apple-inc-nasdaqaapl/,"Clarendon Private LLC Purchases Shares of 24,300 Apple Inc. (NASDAQ:AAPL) Clarendon Private LLC purchased a new stake in Apple Inc. (NASDAQ:AAPL – Free Report) during the fourth quarter, Holdings Channel reports. The firm purchased 24,300 shares of the iPhone maker’s stock, valued at approximately $6,085,000. Apple comprises 6.4% o…",clarendon private llc purchases shares apple nasdaqaapl clarendon private llc purchased new stake apple nasdaqaapl free report fourth quarter holdings channel reports firm purchased shares iphone makers stock valued approximately apple comprises,2025-03-19 07:04:51+00:00,3
Apple Inc,Crescent Grove Advisors LLC Buys 309 Shares of Apple Inc. (NASDAQ:AAPL),"Crescent Grove Advisors LLC lifted its stake in Apple Inc. (NASDAQ:AAPL – Free Report) by 0.4% during the fourth quarter, HoldingsChannel reports. The firm owned 80,667 shares of the iPhone maker’s stock after purchasing an additional 309 shares during the pe…",2025-03-19 07:04:51+00:00,ETF Daily News,https://www.etfdailynews.com/2025/03/19/crescent-grove-advisors-llc-buys-309-shares-of-apple-inc-nasdaqaapl/,"Crescent Grove Advisors LLC Buys 309 Shares of Apple Inc. (NASDAQ:AAPL) Crescent Grove Advisors LLC lifted its stake in Apple Inc. (NASDAQ:AAPL – Free Report) by 0.4% during the fourth quarter, HoldingsChannel reports. The firm owned 80,667 shares of the iPhone maker’s stock after purchasing an additional 309 shares during the pe…",crescent grove advisors llc buys shares apple nasdaqaapl crescent grove advisors llc lifted stake apple nasdaqaapl free report fourth quarter holdingschannel reports firm owned shares iphone makers stock purchasing additional shares,2025-03-19 07:04:51+00:00,3
Apple Inc,Avaii Wealth Management LLC Has $4.11 Million Stock Position in Apple Inc. (NASDAQ:AAPL),"Avaii Wealth Management LLC lowered its stake in Apple Inc. (NASDAQ:AAPL – Free Report) by 0.9% during the fourth quarter, according to the company in its most recent Form 13F filing with the SEC. The fund owned 16,413 shares of the iPhone maker’s stock after…",2025-03-19 07:04:50+00:00,ETF Daily News,https://www.etfdailynews.com/2025/03/19/avaii-wealth-management-llc-has-4-11-million-stock-position-in-apple-inc-nasdaqaapl/,"Avaii Wealth Management LLC Has $4.11 Million Stock Position in Apple Inc. (NASDAQ:AAPL) Avaii Wealth Management LLC lowered its stake in Apple Inc. (NASDAQ:AAPL – Free Report) by 0.9% during the fourth quarter, according to the company in its most recent Form 13F filing with the SEC. The fund owned 16,413 shares of the iPhone maker’s stock after…",avaii wealth management llc million stock position apple nasdaqaapl avaii wealth management llc lowered stake apple nasdaqaapl free report fourth quarter according company recent form filing sec fund owned shares iphone makers stock,2025-03-19 07:04:50+00:00,3
Apple Inc,Park Edge Advisors LLC Grows Stock Position in Apple Inc. (NASDAQ:AAPL),"Park Edge Advisors LLC grew its holdings in shares of Apple Inc. (NASDAQ:AAPL – Free Report) by 13.9% in the 4th quarter, Holdings Channel.com reports. The firm owned 11,287 shares of the iPhone maker’s stock after purchasing an additional 1,380 shares during…",2025-03-19 07:04:49+00:00,ETF Daily News,https://www.etfdailynews.com/2025/03/19/park-edge-advisors-llc-grows-stock-position-in-apple-inc-nasdaqaapl/,"Park Edge Advisors LLC Grows Stock Position in Apple Inc. (NASDAQ:AAPL) Park Edge Advisors LLC grew its holdings in shares of Apple Inc. (NASDAQ:AAPL – Free Report) by 13.9% in the 4th quarter, Holdings Channel.com reports. The firm owned 11,287 shares of the iPhone maker’s stock after purchasing an additional 1,380 shares during…",park edge advisors llc grows stock position apple nasdaqaapl park edge advisors llc grew holdings shares apple nasdaqaapl free report quarter holdings channelcom reports firm owned shares iphone makers stock purchasing additional shares,2025-03-19 07:04:49+00:00,3
Apple Inc,First Citizens Bank & Trust Co. Raises Stake in Apple Inc. (NASDAQ:AAPL),"First Citizens Bank & Trust Co. raised its stake in shares of Apple Inc. (NASDAQ:AAPL – Free Report) by 17.3% during the 4th quarter, Holdings Channel.com reports. The fund owned 603,176 shares of the iPhone maker’s stock after acquiring an additional 88,792 …",2025-03-19 07:04:49+00:00,ETF Daily News,https://www.etfdailynews.com/2025/03/19/first-citizens-bank-trust-co-raises-stake-in-apple-inc-nasdaqaapl/,"First Citizens Bank & Trust Co. Raises Stake in Apple Inc. (NASDAQ:AAPL) First Citizens Bank & Trust Co. raised its stake in shares of Apple Inc. (NASDAQ:AAPL – Free Report) by 17.3% during the 4th quarter, Holdings Channel.com reports. The fund owned 603,176 shares of the iPhone maker’s stock after acquiring an additional 88,792 …",citizens bank trust raises stake apple nasdaqaapl citizens bank trust raised stake shares apple nasdaqaapl free report quarter holdings channelcom reports fund owned shares iphone makers stock acquiring additional,2025-03-19 07:04:49+00:00,3
Apple Inc,Duncan Williams Asset Management LLC Grows Position in Apple Inc. (NASDAQ:AAPL),"Duncan Williams Asset Management LLC raised its holdings in Apple Inc. (NASDAQ:AAPL – Free Report) by 73.6% during the 4th quarter, Holdings Channel.com reports. The institutional investor owned 57,902 shares of the iPhone maker’s stock after purchasing an ad…",2025-03-19 07:04:49+00:00,ETF Daily News,https://www.etfdailynews.com/2025/03/19/duncan-williams-asset-management-llc-grows-position-in-apple-inc-nasdaqaapl/,"Duncan Williams Asset Management LLC Grows Position in Apple Inc. (NASDAQ:AAPL) Duncan Williams Asset Management LLC raised its holdings in Apple Inc. (NASDAQ:AAPL – Free Report) by 73.6% during the 4th quarter, Holdings Channel.com reports. The institutional investor owned 57,902 shares of the iPhone maker’s stock after purchasing an ad…",duncan williams asset management llc grows position apple nasdaqaapl duncan williams asset management llc raised holdings apple nasdaqaapl free report quarter holdings channelcom reports institutional investor owned shares iphone makers stock purchasing,2025-03-19 07:04:49+00:00,3
Apple Inc,U.S. CISA adds Fortinet FortiOS/FortiProxy and GitHub Action flaws to its Known Exploited Vulnerabilities catalog,U.S. Cybersecurity and Infrastructure Security Agency (CISA) adds Fortinet FortiOS/FortiProxy and GitHub Action flaws to its Known Exploited Vulnerabilities catalog. The U.S. Cybersecurity and Infrastructure Security Agency (CISA) added the following vulnerab…,2025-03-19 06:15:47+00:00,Securityaffairs.com,https://securityaffairs.com/175583/security/u-s-cisa-adds-fortinet-fortios-fortiproxy-and-github-action-flaws-to-its-known-exploited-vulnerabilities-catalog.html,U.S. CISA adds Fortinet FortiOS/FortiProxy and GitHub Action flaws to its Known Exploited Vulnerabilities catalog U.S. Cybersecurity and Infrastructure Security Agency (CISA) adds Fortinet FortiOS/FortiProxy and GitHub Action flaws to its Known Exploited Vulnerabilities catalog. The U.S. Cybersecurity and Infrastructure Security Agency (CISA) added the following vulnerab…,cisa adds fortinet fortiosfortiproxy github action flaws known exploited vulnerabilities catalog cybersecurity infrastructure security agency cisa adds fortinet fortiosfortiproxy github action flaws known exploited vulnerabilities catalog cybersecurity infrastructure security agency cisa added following vulnerab,2025-03-19 06:15:47+00:00,8
Apple Inc,Apple's New Passwords App Left Users Exposed To Phishing Attacks For Months Due To Serious HTTP Flaw,"Security researchers found that the Passwords app introduced with Apple Inc.'s (NASDAQ:AAPL) iOS 18 was using unencrypted HTTP connections, exposing users to potential phishing attacks until a quiet fix was issued.
What Happened: Apple's standalone Passwords …",2025-03-19 04:47:36+00:00,Biztoc.com,https://biztoc.com/x/257dd0a34ee8f6de,"Apple's New Passwords App Left Users Exposed To Phishing Attacks For Months Due To Serious HTTP Flaw Security researchers found that the Passwords app introduced with Apple Inc.'s (NASDAQ:AAPL) iOS 18 was using unencrypted HTTP connections, exposing users to potential phishing attacks until a quiet fix was issued.
What Happened: Apple's standalone Passwords …",apples new passwords app left users exposed phishing attacks months http flaw security researchers passwords app introduced apple incs nasdaqaapl ios using unencrypted http connections exposing users potential phishing attacks quiet fix issued happened apples standalone passwords,2025-03-19 04:47:36+00:00,8
Apple Inc,Tariff Threats Spur TSMC’s Taiwan Peers to Seek US Expansion,"In March, President Donald Trump and Taiwan Semiconductor Manufacturing Co.’s C. C. Wei walked into the Roosevelt Room to unveil one of the largest foreign investments in US history: a $100 billion bet that high-end chips can be made, once again, in the US. F…",2025-03-19 04:19:34+00:00,Financial Post,https://financialpost.com/pmn/business-pmn/tariff-threats-spur-tsmcs-taiwan-peers-to-seek-us-expansion,"Tariff Threats Spur TSMC’s Taiwan Peers to Seek US Expansion In March, President Donald Trump and Taiwan Semiconductor Manufacturing Co.’s C. C. Wei walked into the Roosevelt Room to unveil one of the largest foreign investments in US history: a $100 billion bet that high-end chips can be made, once again, in the US. F…",tariff threats spur tsmcs taiwan peers seek expansion march president donald trump taiwan semiconductor manufacturing cos wei walked roosevelt room unveil largest foreign investments history billion bet highend chips,2025-03-19 04:19:34+00:00,2
Apple Inc,Edenred Debuts Virtual Card Solution for Insurance Payouts,"Edenred Payment Solutions has unveiled a tool to speed insurance claim payouts. The U.K. company’s virtual card number (VCN) product, announced Wednesday (March 19), is designed to let customers access funds instantly rather than waiting weeks for reimburseme…",2025-03-19 00:01:52+00:00,pymnts.com,https://www.pymnts.com/disbursements/2025/edenred-debuts-virtual-card-solution-for-insurance-payouts/,"Edenred Debuts Virtual Card Solution for Insurance Payouts Edenred Payment Solutions has unveiled a tool to speed insurance claim payouts. The U.K. company’s virtual card number (VCN) product, announced Wednesday (March 19), is designed to let customers access funds instantly rather than waiting weeks for reimburseme…",edenred debuts virtual card solution insurance payouts edenred payment solutions unveiled tool speed insurance claim payouts companys virtual card number vcn product announced wednesday march designed let customers access funds instantly waiting weeks reimburseme,2025-03-19 00:01:52+00:00,0
Apple Inc,Purpose Investments Inc. Announces March 2025 Distributions,"TORONTO, March 18, 2025 (GLOBE NEWSWIRE) — Purpose Investments Inc. (“Purpose”) is pleased to announce distributions for the month of March 2025 for its open-end exchange-traded funds and closed-end funds (“the Funds”). The ex-distribution date for all Open-E…",2025-03-18 23:19:17+00:00,Financial Post,https://financialpost.com/globe-newswire/purpose-investments-inc-announces-march-2025-distributions,"Purpose Investments Inc. Announces March 2025 Distributions TORONTO, March 18, 2025 (GLOBE NEWSWIRE) — Purpose Investments Inc. (“Purpose”) is pleased to announce distributions for the month of March 2025 for its open-end exchange-traded funds and closed-end funds (“the Funds”). The ex-distribution date for all Open-E…",purpose investments announces march distributions toronto march globe newswire purpose investments purpose pleased announce distributions month march openend exchangetraded funds closedend funds funds exdistribution date opene,2025-03-18 23:19:17+00:00,-1
Apple Inc,Purpose Investments Inc. Announces March 2025 Distributions,"TORONTO, March 18, 2025 (GLOBE NEWSWIRE) -- Purpose Investments Inc. (“Purpose”) is pleased to announce distributions for the month of March 2025 for its open-end exchange-traded funds and closed-end funds (“the Funds”).",2025-03-18 23:15:00+00:00,GlobeNewswire,https://www.globenewswire.com/news-release/2025/03/18/3045068/0/en/Purpose-Investments-Inc-Announces-March-2025-Distributions.html,"Purpose Investments Inc. Announces March 2025 Distributions TORONTO, March 18, 2025 (GLOBE NEWSWIRE) -- Purpose Investments Inc. (“Purpose”) is pleased to announce distributions for the month of March 2025 for its open-end exchange-traded funds and closed-end funds (“the Funds”).",purpose investments announces march distributions toronto march globe newswire purpose investments purpose pleased announce distributions month march openend exchangetraded funds closedend funds funds,2025-03-18 23:15:00+00:00,-1
Apple Inc,Nation-state actors and cybercrime gangs abuse malicious .lnk files for espionage and data theft,"11 state-sponsored APTs exploit malicious .lnk files for espionage and data theft, with ZDI uncovering 1,000 such files used in attacks. At least 11 state-sponsored threat groups have been abusing Windows shortcut files for espionage and data theft, according…",2025-03-18 19:20:50+00:00,Securityaffairs.com,https://securityaffairs.com/175569/apt/nation-state-actors-and-cybercrime-gangs-abuse-malicious-lnk-files-for-espionage-and-data-theft.html,"Nation-state actors and cybercrime gangs abuse malicious .lnk files for espionage and data theft 11 state-sponsored APTs exploit malicious .lnk files for espionage and data theft, with ZDI uncovering 1,000 such files used in attacks. At least 11 state-sponsored threat groups have been abusing Windows shortcut files for espionage and data theft, according…",nationstate actors cybercrime gangs abuse malicious lnk files espionage data theft statesponsored apts exploit malicious lnk files espionage data theft zdi uncovering files used attacks statesponsored threat groups abusing windows shortcut files espionage data theft according,2025-03-18 19:20:50+00:00,8
Apple Inc,"Princeton Precision Health: An interdisciplinary, AI-driven approach to tackling big questions about health and disease",PPH researchers apply cutting-edge AI and computational models to massive datasets to develop a deep understanding of the factors that shape health and illness.,2025-03-18 18:48:48+00:00,Princeton University,https://www.princeton.edu/news/2025/03/18/princeton-precision-health-interdisciplinary-ai-driven-approach-tackling-big,"Princeton Precision Health: An interdisciplinary, AI-driven approach to tackling big questions about health and disease PPH researchers apply cutting-edge AI and computational models to massive datasets to develop a deep understanding of the factors that shape health and illness.",princeton precision health interdisciplinary aidriven approach tackling big questions health disease pph researchers apply cuttingedge computational models massive datasets develop deep understanding factors shape health illness,2025-03-18 18:48:48+00:00,-1
Apple Inc,"France Watch Market Forecast Report and Company Analysis 2025-2033 Featuring Fossil, Casio, Timex, Rolex, Compagnie Financiere Richemont, Google, Citizen, and Seiko","Dublin, March 18, 2025 (GLOBE NEWSWIRE) -- The ""France Watch Market Size and Share Analysis - Growth Trends and Forecast Report 2025-2033"" report has been added to ResearchAndMarkets.com's offering.The France Watch Market is expected to reach US$ 4.38 billion…",2025-03-18 15:25:00+00:00,GlobeNewswire,https://www.globenewswire.com/news-release/2025/03/18/3044757/28124/en/France-Watch-Market-Forecast-Report-and-Company-Analysis-2025-2033-Featuring-Fossil-Casio-Timex-Rolex-Compagnie-Financiere-Richemont-Google-Citizen-and-Seiko.html,"France Watch Market Forecast Report and Company Analysis 2025-2033 Featuring Fossil, Casio, Timex, Rolex, Compagnie Financiere Richemont, Google, Citizen, and Seiko Dublin, March 18, 2025 (GLOBE NEWSWIRE) -- The ""France Watch Market Size and Share Analysis - Growth Trends and Forecast Report 2025-2033"" report has been added to ResearchAndMarkets.com's offering.The France Watch Market is expected to reach US$ 4.38 billion…",france watch market forecast report company analysis featuring fossil casio timex rolex compagnie financiere richemont google citizen seiko dublin march globe newswire france watch market size share analysis growth trends forecast report report added researchandmarketscoms offeringthe france watch market expected reach billion,2025-03-18 15:25:00+00:00,2
Apple Inc,ChatGPT SSRF bug quickly becomes a favorite attack vector,"Threat actors exploit a server-side request forgery (SSRF) flaw, tracked as CVE-2024-27564, in ChatGPT, to target US financial and government organizations. Cybersecurity firm Veriti reports that threat actors are exploiting a server-side request forgery (SSR…",2025-03-18 15:17:09+00:00,Securityaffairs.com,https://securityaffairs.com/175560/hacking/chatgpt-ssrf-bug-quickly-becomes-a-favorite-attack-vector.html,"ChatGPT SSRF bug quickly becomes a favorite attack vector Threat actors exploit a server-side request forgery (SSRF) flaw, tracked as CVE-2024-27564, in ChatGPT, to target US financial and government organizations. Cybersecurity firm Veriti reports that threat actors are exploiting a server-side request forgery (SSR…",chatgpt ssrf bug quickly favorite attack vector threat actors exploit serverside request forgery ssrf flaw tracked cve chatgpt target financial government organizations cybersecurity firm veriti reports threat actors exploiting serverside request forgery ssr,2025-03-18 15:17:09+00:00,8
Apple Inc,Apple Has Worst Week Since 2022,"Last week, Apple Inc. (NASDAQ: AAPL) shares had their worst week since 2022. They fell 11%, which was the most since November 2022. The stock is down 16% this year, while the S&P 500 is off by 6%.
 
 
24/7 Wall St. Key Points:
 
 
 
Apple Inc. (NASDAQ: AAPL) …",2025-03-18 14:08:06+00:00,Biztoc.com,https://biztoc.com/x/f27e519d37b92e7b,"Apple Has Worst Week Since 2022 Last week, Apple Inc. (NASDAQ: AAPL) shares had their worst week since 2022. They fell 11%, which was the most since November 2022. The stock is down 16% this year, while the S&P 500 is off by 6%.
 
 
24/7 Wall St. Key Points:
 
 
 
Apple Inc. (NASDAQ: AAPL) …",apple worst week week apple nasdaq aapl shares worst week fell november stock year wall key points apple nasdaq aapl,2025-03-18 14:08:06+00:00,3
Apple Inc,Earn 5X at Amazon and Streaming Services! (Register Now!),"You can easily earn up to 7,500 bonus points for purchases you probably already make — thanks to a new promotion for Amazon and streaming service purchases.  The no-annual-fee ‘s and legacy Chase Freedom card’s bonus 5% cashback (5X ) categories for April thr…",2025-03-18 11:07:03+00:00,Eyeoftheflyer.com,https://eyeoftheflyer.com/2025/03/18/earn-5x-at-amazon-and-streaming-services-register-now/,"Earn 5X at Amazon and Streaming Services! (Register Now!) You can easily earn up to 7,500 bonus points for purchases you probably already make — thanks to a new promotion for Amazon and streaming service purchases.  The no-annual-fee ‘s and legacy Chase Freedom card’s bonus 5% cashback (5X ) categories for April thr…",earn amazon streaming services register easily earn bonus points purchases probably make thanks new promotion amazon streaming service purchases noannualfee legacy chase freedom cards bonus cashback categories april thr,2025-03-18 11:07:03+00:00,-1
Apple Inc,"Online Gaming Market Forecast Report and Company Analysis 2025-2033 Featuring Activision Blizzard, Apple, Capcom, Electronic Arts, Microsoft, Nintendo, Sony, and Tencent","Dublin, March 18, 2025 (GLOBE NEWSWIRE) -- The ""Online Gaming Market Size and Share Analysis - Growth Trends and Forecast Report 2025-2033"" report has been added to ResearchAndMarkets.com's offering.Online Gaming market is expected to reach US$ 388.10 billion…",2025-03-18 11:00:00+00:00,GlobeNewswire,https://www.globenewswire.com/news-release/2025/03/18/3044351/28124/en/Online-Gaming-Market-Forecast-Report-and-Company-Analysis-2025-2033-Featuring-Activision-Blizzard-Apple-Capcom-Electronic-Arts-Microsoft-Nintendo-Sony-and-Tencent.html,"Online Gaming Market Forecast Report and Company Analysis 2025-2033 Featuring Activision Blizzard, Apple, Capcom, Electronic Arts, Microsoft, Nintendo, Sony, and Tencent Dublin, March 18, 2025 (GLOBE NEWSWIRE) -- The ""Online Gaming Market Size and Share Analysis - Growth Trends and Forecast Report 2025-2033"" report has been added to ResearchAndMarkets.com's offering.Online Gaming market is expected to reach US$ 388.10 billion…",online gaming market forecast report company analysis featuring activision blizzard apple capcom electronic arts microsoft nintendo sony tencent dublin march globe newswire online gaming market size share analysis growth trends forecast report report added researchandmarketscoms offeringonline gaming market expected reach billion,2025-03-18 11:00:00+00:00,2
Apple Inc,GitHub Action tj-actions/changed-files was compromised in supply chain attack,"The GitHub Action tj-actions/changed-files was compromised, enabling attackers to extract secrets from repositories using the CI/CD workflow. Researchers reported that threat actors compromised the GitHub Action tj-actions/changed-files, allowing the leak of …",2025-03-18 10:17:27+00:00,Securityaffairs.com,https://securityaffairs.com/175547/hacking/github-action-tj-actions-changed-files-was-compromised.html,"GitHub Action tj-actions/changed-files was compromised in supply chain attack The GitHub Action tj-actions/changed-files was compromised, enabling attackers to extract secrets from repositories using the CI/CD workflow. Researchers reported that threat actors compromised the GitHub Action tj-actions/changed-files, allowing the leak of …",github action tjactionschangedfiles compromised supply chain attack github action tjactionschangedfiles compromised enabling attackers extract secrets repositories using cicd workflow researchers reported threat actors compromised github action tjactionschangedfiles allowing leak,2025-03-18 10:17:27+00:00,8
Apple Inc,Derek Thompson and Ezra Klein on Abundance,A new book blames liberals for scarcity.,2025-03-18 10:00:00+00:00,The Atlantic,https://www.theatlantic.com/podcasts/archive/2025/03/derek-thompson-and-ezra-klein-abundance/682077/,Derek Thompson and Ezra Klein on Abundance A new book blames liberals for scarcity.,derek thompson ezra klein abundance new book blames liberals scarcity,2025-03-18 10:00:00+00:00,2
Apple Inc,緊急発売！　『バイオハザード RE:3』がiPhone/iPad/Macへ向けて本日より配信開始！　発売記念セールも開催中！,"[株式会社カプコン]
[画像1: https://prcdn.freetls.fastly.net/release_image/13450/4942/13450-4942-4eef6cd02317ea88a097b3a7e41b470f-3840x2160.png?width=536&quality=85%2C75&format=jpeg&auto=webp&fit=bound...",2025-03-18 07:50:53+00:00,Prtimes.jp,https://prtimes.jp/main/html/rd/p/000004942.000013450.html,"緊急発売！　『バイオハザード RE:3』がiPhone/iPad/Macへ向けて本日より配信開始！　発売記念セールも開催中！ [株式会社カプコン]
[画像1: https://prcdn.freetls.fastly.net/release_image/13450/4942/13450-4942-4eef6cd02317ea88a097b3a7e41b470f-3840x2160.png?width=536&quality=85%2C75&format=jpeg&auto=webp&fit=bound...",reiphoneipadmac,2025-03-18 07:50:53+00:00,-1
Apple Inc,New StilachiRAT uses sophisticated techniques to avoid detection,"Microsoft discovered a new remote access trojan (RAT), dubbed StilachiRAT, that uses sophisticated techniques to avoid detection. In November 2024, Microsoft researchers discovered StilachiRAT, a sophisticated remote access trojan (RAT) designed for stealth, …",2025-03-18 07:41:30+00:00,Securityaffairs.com,https://securityaffairs.com/175530/malware/stilachirat-uses-sophisticated-techniques-to-avoid-detection.html,"New StilachiRAT uses sophisticated techniques to avoid detection Microsoft discovered a new remote access trojan (RAT), dubbed StilachiRAT, that uses sophisticated techniques to avoid detection. In November 2024, Microsoft researchers discovered StilachiRAT, a sophisticated remote access trojan (RAT) designed for stealth, …",new stilachirat uses sophisticated techniques avoid detection microsoft discovered new remote access trojan rat dubbed stilachirat uses sophisticated techniques avoid detection november microsoft researchers discovered stilachirat sophisticated remote access trojan rat designed stealth,2025-03-18 07:41:30+00:00,8
Apple Inc,"Bank of New York Mellon Corp Trims Position in Tootsie Roll Industries, Inc. (NYSE:TR)","Bank of New York Mellon Corp trimmed its position in Tootsie Roll Industries, Inc. (NYSE:TR – Free Report) by 13.0% during the 4th quarter, according to its most recent Form 13F filing with the SEC. The fund owned 140,207 shares of the company’s stock after s…",2025-03-18 07:10:51+00:00,ETF Daily News,https://www.etfdailynews.com/2025/03/18/bank-of-new-york-mellon-corp-trims-position-in-tootsie-roll-industries-inc-nysetr/,"Bank of New York Mellon Corp Trims Position in Tootsie Roll Industries, Inc. (NYSE:TR) Bank of New York Mellon Corp trimmed its position in Tootsie Roll Industries, Inc. (NYSE:TR – Free Report) by 13.0% during the 4th quarter, according to its most recent Form 13F filing with the SEC. The fund owned 140,207 shares of the company’s stock after s…",bank new york mellon corp trims position tootsie roll industries nysetr bank new york mellon corp trimmed position tootsie roll industries nysetr free report quarter according recent form filing sec fund owned shares companys stock,2025-03-18 07:10:51+00:00,3
Apple Inc,Alpha Financial Advisors LLC Cuts Stake in Apple Inc. (NASDAQ:AAPL),"Alpha Financial Advisors LLC decreased its position in Apple Inc. (NASDAQ:AAPL – Free Report) by 6.7% during the fourth quarter, HoldingsChannel.com reports. The firm owned 2,638 shares of the iPhone maker’s stock after selling 189 shares during the quarter. …",2025-03-18 07:04:54+00:00,ETF Daily News,https://www.etfdailynews.com/2025/03/18/alpha-financial-advisors-llc-cuts-stake-in-apple-inc-nasdaqaapl/,"Alpha Financial Advisors LLC Cuts Stake in Apple Inc. (NASDAQ:AAPL) Alpha Financial Advisors LLC decreased its position in Apple Inc. (NASDAQ:AAPL – Free Report) by 6.7% during the fourth quarter, HoldingsChannel.com reports. The firm owned 2,638 shares of the iPhone maker’s stock after selling 189 shares during the quarter. …",alpha financial advisors llc cuts stake apple nasdaqaapl alpha financial advisors llc decreased position apple nasdaqaapl free report fourth quarter holdingschannelcom reports firm owned shares iphone makers stock selling shares quarter,2025-03-18 07:04:54+00:00,3
Apple Inc,Apple Inc. (NASDAQ:AAPL) is First Bancorp Inc ME’s 4th Largest Position,"First Bancorp Inc ME reduced its holdings in shares of Apple Inc. (NASDAQ:AAPL – Free Report) by 4.0% in the 4th quarter, Holdings Channel.com reports. The institutional investor owned 28,492 shares of the iPhone maker’s stock after selling 1,181 shares durin…",2025-03-18 07:04:53+00:00,ETF Daily News,https://www.etfdailynews.com/2025/03/18/apple-inc-nasdaqaapl-is-first-bancorp-inc-mes-4th-largest-position/,"Apple Inc. (NASDAQ:AAPL) is First Bancorp Inc ME’s 4th Largest Position First Bancorp Inc ME reduced its holdings in shares of Apple Inc. (NASDAQ:AAPL – Free Report) by 4.0% in the 4th quarter, Holdings Channel.com reports. The institutional investor owned 28,492 shares of the iPhone maker’s stock after selling 1,181 shares durin…",apple nasdaqaapl bancorp mes largest position bancorp reduced holdings shares apple nasdaqaapl free report quarter holdings channelcom reports institutional investor owned shares iphone makers stock selling shares durin,2025-03-18 07:04:53+00:00,3
Apple Inc,Monte Financial Group LLC Sells 232 Shares of Apple Inc. (NASDAQ:AAPL),"Monte Financial Group LLC trimmed its holdings in Apple Inc. (NASDAQ:AAPL – Free Report) by 2.1% in the 4th quarter, Holdings Channel reports. The fund owned 10,847 shares of the iPhone maker’s stock after selling 232 shares during the quarter. Monte Financia…",2025-03-18 07:04:52+00:00,ETF Daily News,https://www.etfdailynews.com/2025/03/18/monte-financial-group-llc-sells-232-shares-of-apple-inc-nasdaqaapl/,"Monte Financial Group LLC Sells 232 Shares of Apple Inc. (NASDAQ:AAPL) Monte Financial Group LLC trimmed its holdings in Apple Inc. (NASDAQ:AAPL – Free Report) by 2.1% in the 4th quarter, Holdings Channel reports. The fund owned 10,847 shares of the iPhone maker’s stock after selling 232 shares during the quarter. Monte Financia…",monte financial group llc sells shares apple nasdaqaapl monte financial group llc trimmed holdings apple nasdaqaapl free report quarter holdings channel reports fund owned shares iphone makers stock selling shares quarter monte financia,2025-03-18 07:04:52+00:00,3
Apple Inc,Jacksonville Wealth Management LLC Makes New Investment in Apple Inc. (NASDAQ:AAPL),"Jacksonville Wealth Management LLC purchased a new stake in Apple Inc. (NASDAQ:AAPL – Free Report) during the fourth quarter, HoldingsChannel reports. The institutional investor purchased 18,348 shares of the iPhone maker’s stock, valued at approximately $4,5…",2025-03-18 07:04:52+00:00,ETF Daily News,https://www.etfdailynews.com/2025/03/18/jacksonville-wealth-management-llc-makes-new-investment-in-apple-inc-nasdaqaapl/,"Jacksonville Wealth Management LLC Makes New Investment in Apple Inc. (NASDAQ:AAPL) Jacksonville Wealth Management LLC purchased a new stake in Apple Inc. (NASDAQ:AAPL – Free Report) during the fourth quarter, HoldingsChannel reports. The institutional investor purchased 18,348 shares of the iPhone maker’s stock, valued at approximately $4,5…",jacksonville wealth management llc makes new investment apple nasdaqaapl jacksonville wealth management llc purchased new stake apple nasdaqaapl free report fourth quarter holdingschannel reports institutional investor purchased shares iphone makers stock valued approximately,2025-03-18 07:04:52+00:00,3
Apple Inc,Apple Inc. (NASDAQ:AAPL) Stock Position Trimmed by Moody Lynn & Lieberson LLC,"Moody Lynn & Lieberson LLC cut its stake in shares of Apple Inc. (NASDAQ:AAPL – Free Report) by 0.1% in the 4th quarter, according to the company in its most recent disclosure with the Securities and Exchange Commission (SEC). The fund owned 305,264 shares of…",2025-03-18 07:04:52+00:00,ETF Daily News,https://www.etfdailynews.com/2025/03/18/apple-inc-nasdaqaapl-stock-position-trimmed-by-moody-lynn-lieberson-llc/,"Apple Inc. (NASDAQ:AAPL) Stock Position Trimmed by Moody Lynn & Lieberson LLC Moody Lynn & Lieberson LLC cut its stake in shares of Apple Inc. (NASDAQ:AAPL – Free Report) by 0.1% in the 4th quarter, according to the company in its most recent disclosure with the Securities and Exchange Commission (SEC). The fund owned 305,264 shares of…",apple nasdaqaapl stock position trimmed moody lynn lieberson llc moody lynn lieberson llc cut stake shares apple nasdaqaapl free report quarter according company recent disclosure securities exchange commission sec fund owned shares,2025-03-18 07:04:52+00:00,3
Apple Inc,Smith Chas P & Associates PA Cpas Decreases Position in Apple Inc. (NASDAQ:AAPL),"Smith Chas P & Associates PA Cpas cut its stake in shares of Apple Inc. (NASDAQ:AAPL – Free Report) by 1.6% in the 4th quarter, according to the company in its most recent disclosure with the Securities and Exchange Commission (SEC). The fund owned 498,964 sh…",2025-03-18 07:04:52+00:00,ETF Daily News,https://www.etfdailynews.com/2025/03/18/smith-chas-p-associates-pa-cpas-decreases-position-in-apple-inc-nasdaqaapl/,"Smith Chas P & Associates PA Cpas Decreases Position in Apple Inc. (NASDAQ:AAPL) Smith Chas P & Associates PA Cpas cut its stake in shares of Apple Inc. (NASDAQ:AAPL – Free Report) by 1.6% in the 4th quarter, according to the company in its most recent disclosure with the Securities and Exchange Commission (SEC). The fund owned 498,964 sh…",smith chas associates cpas decreases position apple nasdaqaapl smith chas associates cpas cut stake shares apple nasdaqaapl free report quarter according company recent disclosure securities exchange commission sec fund owned,2025-03-18 07:04:52+00:00,3
Apple Inc,Apple Inc. (NASDAQ:AAPL) Shares Sold by SJS Investment Consulting Inc.,"SJS Investment Consulting Inc. reduced its holdings in shares of Apple Inc. (NASDAQ:AAPL – Free Report) by 1.2% in the 4th quarter, according to its most recent filing with the Securities & Exchange Commission. The institutional investor owned 58,671 shares o…",2025-03-18 07:04:52+00:00,ETF Daily News,https://www.etfdailynews.com/2025/03/18/apple-inc-nasdaqaapl-shares-sold-by-sjs-investment-consulting-inc/,"Apple Inc. (NASDAQ:AAPL) Shares Sold by SJS Investment Consulting Inc. SJS Investment Consulting Inc. reduced its holdings in shares of Apple Inc. (NASDAQ:AAPL – Free Report) by 1.2% in the 4th quarter, according to its most recent filing with the Securities & Exchange Commission. The institutional investor owned 58,671 shares o…",apple nasdaqaapl shares sold sjs investment consulting sjs investment consulting reduced holdings shares apple nasdaqaapl free report quarter according recent filing securities exchange commission institutional investor owned shares,2025-03-18 07:04:52+00:00,3
Apple Inc,Grange Capital LLC Invests $2.17 Million in Apple Inc. (NASDAQ:AAPL),"Grange Capital LLC bought a new stake in shares of Apple Inc. (NASDAQ:AAPL – Free Report) during the 4th quarter, according to its most recent filing with the Securities and Exchange Commission (SEC). The fund bought 8,669 shares of the iPhone maker’s stock, …",2025-03-18 07:04:51+00:00,ETF Daily News,https://www.etfdailynews.com/2025/03/18/grange-capital-llc-invests-2-17-million-in-apple-inc-nasdaqaapl/,"Grange Capital LLC Invests $2.17 Million in Apple Inc. (NASDAQ:AAPL) Grange Capital LLC bought a new stake in shares of Apple Inc. (NASDAQ:AAPL – Free Report) during the 4th quarter, according to its most recent filing with the Securities and Exchange Commission (SEC). The fund bought 8,669 shares of the iPhone maker’s stock, …",grange capital llc invests million apple nasdaqaapl grange capital llc bought new stake shares apple nasdaqaapl free report quarter according recent filing securities exchange commission sec fund bought shares iphone makers stock,2025-03-18 07:04:51+00:00,3
Apple Inc,Stewardship Advisors LLC Grows Stock Holdings in Apple Inc. (NASDAQ:AAPL),"Stewardship Advisors LLC lifted its position in Apple Inc. (NASDAQ:AAPL – Free Report) by 4.9% during the 4th quarter, Holdings Channel.com reports. The institutional investor owned 9,221 shares of the iPhone maker’s stock after buying an additional 432 share…",2025-03-18 07:04:50+00:00,ETF Daily News,https://www.etfdailynews.com/2025/03/18/stewardship-advisors-llc-grows-stock-holdings-in-apple-inc-nasdaqaapl/,"Stewardship Advisors LLC Grows Stock Holdings in Apple Inc. (NASDAQ:AAPL) Stewardship Advisors LLC lifted its position in Apple Inc. (NASDAQ:AAPL – Free Report) by 4.9% during the 4th quarter, Holdings Channel.com reports. The institutional investor owned 9,221 shares of the iPhone maker’s stock after buying an additional 432 share…",stewardship advisors llc grows stock holdings apple nasdaqaapl stewardship advisors llc lifted position apple nasdaqaapl free report quarter holdings channelcom reports institutional investor owned shares iphone makers stock buying additional share,2025-03-18 07:04:50+00:00,3
Apple Inc,Olstein Capital Management L.P. Has $2.88 Million Stock Holdings in Apple Inc. (NASDAQ:AAPL),"Olstein Capital Management L.P. trimmed its position in Apple Inc. (NASDAQ:AAPL – Free Report) by 11.5% in the fourth quarter, Holdings Channel.com reports. The institutional investor owned 11,500 shares of the iPhone maker’s stock after selling 1,500 shares …",2025-03-18 07:04:50+00:00,ETF Daily News,https://www.etfdailynews.com/2025/03/18/olstein-capital-management-l-p-has-2-88-million-stock-holdings-in-apple-inc-nasdaqaapl/,"Olstein Capital Management L.P. Has $2.88 Million Stock Holdings in Apple Inc. (NASDAQ:AAPL) Olstein Capital Management L.P. trimmed its position in Apple Inc. (NASDAQ:AAPL – Free Report) by 11.5% in the fourth quarter, Holdings Channel.com reports. The institutional investor owned 11,500 shares of the iPhone maker’s stock after selling 1,500 shares …",olstein capital management million stock holdings apple nasdaqaapl olstein capital management trimmed position apple nasdaqaapl free report fourth quarter holdings channelcom reports institutional investor owned shares iphone makers stock selling shares,2025-03-18 07:04:50+00:00,3
Apple Inc,Tributary Capital Management LLC Has $4.30 Million Position in Apple Inc. (NASDAQ:AAPL),"Tributary Capital Management LLC cut its position in shares of Apple Inc. (NASDAQ:AAPL – Free Report) by 4.5% during the fourth quarter, according to the company in its most recent disclosure with the Securities & Exchange Commission. The institutional invest…",2025-03-18 07:04:50+00:00,ETF Daily News,https://www.etfdailynews.com/2025/03/18/tributary-capital-management-llc-has-4-30-million-position-in-apple-inc-nasdaqaapl/,"Tributary Capital Management LLC Has $4.30 Million Position in Apple Inc. (NASDAQ:AAPL) Tributary Capital Management LLC cut its position in shares of Apple Inc. (NASDAQ:AAPL – Free Report) by 4.5% during the fourth quarter, according to the company in its most recent disclosure with the Securities & Exchange Commission. The institutional invest…",tributary capital management llc million position apple nasdaqaapl tributary capital management llc cut position shares apple nasdaqaapl free report fourth quarter according company recent disclosure securities exchange commission institutional invest,2025-03-18 07:04:50+00:00,3
Apple Inc,Best Retail Stocks To Keep An Eye On – March 16th,"Tesla, Apple, Microsoft, Amazon.com, and Walmart are the five Retail stocks to watch today, according to MarketBeat’s stock screener tool. Retail stocks are shares of companies that sell goods or services directly to consumers. These companies operate through…",2025-03-18 06:38:52+00:00,ETF Daily News,https://www.etfdailynews.com/2025/03/18/best-retail-stocks-to-keep-an-eye-on-march-16th/,"Best Retail Stocks To Keep An Eye On – March 16th Tesla, Apple, Microsoft, Amazon.com, and Walmart are the five Retail stocks to watch today, according to MarketBeat’s stock screener tool. Retail stocks are shares of companies that sell goods or services directly to consumers. These companies operate through…",best retail stocks eye march tesla apple microsoft amazoncom walmart retail stocks watch today according marketbeats stock screener tool retail stocks shares companies sell goods services directly consumers companies operate,2025-03-18 06:38:52+00:00,2
Apple Inc,Best Leisure Stocks To Research – March 16th,"Apollo Global Management, VICI Properties, Hyatt Hotels, MGM Resorts International, and Trip.com Group are the five Leisure stocks to watch today, according to MarketBeat’s stock screener tool. Leisure stocks are shares of companies primarily involved in recr…",2025-03-18 06:06:59+00:00,ETF Daily News,https://www.etfdailynews.com/2025/03/18/best-leisure-stocks-to-research-march-16th/,"Best Leisure Stocks To Research – March 16th Apollo Global Management, VICI Properties, Hyatt Hotels, MGM Resorts International, and Trip.com Group are the five Leisure stocks to watch today, according to MarketBeat’s stock screener tool. Leisure stocks are shares of companies primarily involved in recr…",best leisure stocks research march apollo global management vici properties hyatt hotels mgm resorts international tripcom group leisure stocks watch today according marketbeats stock screener tool leisure stocks shares companies primarily involved recr,2025-03-18 06:06:59+00:00,3
Apple Inc,"Old/New Testament Reading for Tuesday March 18, 2025 (NIV)",,2025-03-18 04:08:34+00:00,Biblegateway.com,https://www.biblegateway.com/reading-plans/old-new-testament/2025/03/18/,"Old/New Testament Reading for Tuesday March 18, 2025 (NIV) ",oldnew testament reading tuesday march niv,2025-03-18 04:08:34+00:00,14
Apple Inc,Turkey plans new big tech regulations that risk clash with U.S,"Turkey is planning new rules to rein in the dominance of major tech firms, imitating the European Union’s regulatory approach at the risk of provoking U.S. retaliation.
The bill, set to be submitted to parliament soon, would prevent technology companies such …",2025-03-17 23:54:40+00:00,Biztoc.com,https://biztoc.com/x/d5de25ce82a12335,"Turkey plans new big tech regulations that risk clash with U.S Turkey is planning new rules to rein in the dominance of major tech firms, imitating the European Union’s regulatory approach at the risk of provoking U.S. retaliation.
The bill, set to be submitted to parliament soon, would prevent technology companies such …",turkey plans new big tech regulations risk clash turkey planning new rules rein dominance major tech firms imitating european unions regulatory approach risk provoking retaliation set submitted parliament soon prevent technology companies,2025-03-17 23:54:40+00:00,6
Apple Inc,「iOS 18.4」「iPadOS 18.4」「macOS 15.4」「tvOS 18.4」「visionOS 2.4」「watchOS 11.4」のベータ4公開,Apple Inc.が、「iOS 18.4 beta 4」（ビルド22E5232a）、「iPadOS 18.4 beta 4」（ビルド22E5232a）、「macOS Sequoia 15.4 beta 4」（ビルド24 … 続きを読む 「iOS 18.4」「iPadOS 18.4」「macOS 15.4」「tvOS 18.4」「visionOS 2.4」「watchOS 11.4」のベータ4公開 →,2025-03-17 22:13:52+00:00,Applelinkage.com,https://www.applelinkage.com/2025/03/18/ios-18-4-ipados-18-4-macos-15-4-tvos-18-4-visionos-2-4-watchos-11-4-beta-4/,「iOS 18.4」「iPadOS 18.4」「macOS 15.4」「tvOS 18.4」「visionOS 2.4」「watchOS 11.4」のベータ4公開 Apple Inc.が、「iOS 18.4 beta 4」（ビルド22E5232a）、「iPadOS 18.4 beta 4」（ビルド22E5232a）、「macOS Sequoia 15.4 beta 4」（ビルド24 … 続きを読む 「iOS 18.4」「iPadOS 18.4」「macOS 15.4」「tvOS 18.4」「visionOS 2.4」「watchOS 11.4」のベータ4公開 →,ios ipados macos tvos visionos watchos apple incios beta eaipados beta eamacos sequoia beta ios ipados macos tvos visionos watchos,2025-03-17 22:13:52+00:00,0
Apple Inc,Luminar Shares Soar After Viral Test-Drive Video Featuring Lidar Technology,(Bloomberg) -- Luminar Technologies Inc. shares surged on Monday after former NASA scientist Mark Rober test-drove a car equipped with the company’s lidar...,2025-03-17 20:24:53+00:00,Yahoo Entertainment,https://finance.yahoo.com/news/luminar-shares-soar-viral-test-192138119.html,Luminar Shares Soar After Viral Test-Drive Video Featuring Lidar Technology (Bloomberg) -- Luminar Technologies Inc. shares surged on Monday after former NASA scientist Mark Rober test-drove a car equipped with the company’s lidar...,luminar shares soar viral testdrive video featuring lidar technology bloomberg luminar technologies shares surged monday nasa scientist mark rober testdrove car equipped companys lidar,2025-03-17 20:24:53+00:00,-1
Apple Inc,Threat actors rapidly exploit new Apache Tomcat flaw following PoC release,"Threat actors began exploiting a recently disclosed Apache Tomcat vulnerability immediately after the release of a PoC exploit code. A newly disclosed Apache Tomcat vulnerability, tracked as CVE-2025-24813, is being actively exploited just 30 hours after a pu…",2025-03-17 19:58:42+00:00,Securityaffairs.com,https://securityaffairs.com/175522/security/threat-actors-rapidly-exploit-new-apache-tomcat-flaw-following-poc-release.html,"Threat actors rapidly exploit new Apache Tomcat flaw following PoC release Threat actors began exploiting a recently disclosed Apache Tomcat vulnerability immediately after the release of a PoC exploit code. A newly disclosed Apache Tomcat vulnerability, tracked as CVE-2025-24813, is being actively exploited just 30 hours after a pu…",threat actors rapidly exploit new apache tomcat flaw following poc release threat actors began exploiting recently disclosed apache tomcat vulnerability immediately release poc exploit code newly disclosed apache tomcat vulnerability tracked cve actively exploited just hours,2025-03-17 19:58:42+00:00,8
Apple Inc,Supercharged 2006 Porsche 911 Carrera 4 Coupe 6-Speed,"This 2006 Porsche 911 Carrera 4 coupe was registered with one owner in New Jersey until it was acquired by the seller in 2012, and it now has 55k miles. The seller notes that the car was repainted under current ownership in the factory shade of Atlas Grey Met…",2025-03-17 19:45:15+00:00,Bringatrailer.com,https://bringatrailer.com/listing/2006-porsche-911-carrera-4-coupe-13/,"Supercharged 2006 Porsche 911 Carrera 4 Coupe 6-Speed This 2006 Porsche 911 Carrera 4 coupe was registered with one owner in New Jersey until it was acquired by the seller in 2012, and it now has 55k miles. The seller notes that the car was repainted under current ownership in the factory shade of Atlas Grey Met…",supercharged porsche carrera coupe speed porsche carrera coupe registered owner new jersey acquired seller miles seller notes car repainted current ownership factory shade atlas grey met,2025-03-17 19:45:15+00:00,-1
Apple Inc,Is Innodata Inc. (INOD) the Best Small Cap Tech Stock to Buy Now?,"We recently published a list of 13 Best Small Cap Tech Stocks to Buy Now. In this article, we are going to take a look at where Innodata Inc. (NASDAQ:INOD...",2025-03-17 18:52:25+00:00,Yahoo Entertainment,https://finance.yahoo.com/news/innodata-inc-inod-best-small-185225122.html,"Is Innodata Inc. (INOD) the Best Small Cap Tech Stock to Buy Now? We recently published a list of 13 Best Small Cap Tech Stocks to Buy Now. In this article, we are going to take a look at where Innodata Inc. (NASDAQ:INOD...",innodata inod best small cap tech stock buy recently published list best small cap tech stocks buy article going look innodata nasdaqinod,2025-03-17 18:52:25+00:00,3
Apple Inc,Gray Stations Add Local News Live to Daily Programming Lineup,"ATLANTA, March 17, 2025 (GLOBE NEWSWIRE) -- Local News Live’s signature afternoon newscast joins the programming lineup on 37 of Gray Media’s local television stations starting today. The one-hour newscast featuring top stories from local journalists in Gray …",2025-03-17 18:00:00+00:00,GlobeNewswire,https://www.globenewswire.com/news-release/2025/03/17/3043985/0/en/Gray-Stations-Add-Local-News-Live-to-Daily-Programming-Lineup.html,"Gray Stations Add Local News Live to Daily Programming Lineup ATLANTA, March 17, 2025 (GLOBE NEWSWIRE) -- Local News Live’s signature afternoon newscast joins the programming lineup on 37 of Gray Media’s local television stations starting today. The one-hour newscast featuring top stories from local journalists in Gray …",gray stations add local news live daily programming lineup atlanta march globe newswire local news lives signature afternoon newscast joins programming lineup gray medias local television stations starting today onehour newscast featuring stories local journalists gray,2025-03-17 18:00:00+00:00,-1
Apple Inc,The Original ‘Something’s Rotten in Cupertino’ — Brent Schlender’s 1997 Story for Fortune,,2025-03-17 16:22:58+00:00,CNN,https://money.cnn.com/magazines/fortune/fortune_archive/1997/03/03/222710/,The Original ‘Something’s Rotten in Cupertino’ — Brent Schlender’s 1997 Story for Fortune ,original somethings rotten cupertino brent schlenders story fortune,2025-03-17 16:22:58+00:00,7
Apple Inc,"Deadline Alert: Skyworks Solutions, Inc. (SWKS) Investors Who Lost Money Urged To Contact Glancy Prongay & Murray LLP About Securities Fraud Lawsuit","LOS ANGELES, March 17, 2025 (GLOBE NEWSWIRE) -- Glancy Prongay & Murray LLP reminds investors of the upcoming May 5, 2025 deadline to file a lead plaintiff motion in the class action filed on behalf of investors who purchased or otherwise acquired Skyworks So…",2025-03-17 16:00:00+00:00,GlobeNewswire,https://www.globenewswire.com/news-release/2025/03/17/3043915/34548/en/Deadline-Alert-Skyworks-Solutions-Inc-SWKS-Investors-Who-Lost-Money-Urged-To-Contact-Glancy-Prongay-Murray-LLP-About-Securities-Fraud-Lawsuit.html,"Deadline Alert: Skyworks Solutions, Inc. (SWKS) Investors Who Lost Money Urged To Contact Glancy Prongay & Murray LLP About Securities Fraud Lawsuit LOS ANGELES, March 17, 2025 (GLOBE NEWSWIRE) -- Glancy Prongay & Murray LLP reminds investors of the upcoming May 5, 2025 deadline to file a lead plaintiff motion in the class action filed on behalf of investors who purchased or otherwise acquired Skyworks So…",deadline alert skyworks solutions swks investors lost money urged contact glancy prongay murray llp securities fraud lawsuit los angeles march globe newswire glancy prongay murray llp reminds investors upcoming deadline file lead plaintiff motion class action filed behalf investors purchased acquired skyworks,2025-03-17 16:00:00+00:00,-1
Apple Inc,Aniplex & Crunchyroll Launch Partnership to Produce New Original Anime,"Crunchyroll
Crunchyroll is on a mission to bring viewers even more original anime, as the streaming giant just announced a new partnership with Aniplex to develop more shows. While streamers like Netflix, Prime Video, and Apple TV+ all vie for the top spot wh…",2025-03-17 16:00:00+00:00,ComicBook.com,http://comicbook.com/anime/news/aniplex-crunchyroll-partnership-original-anime/,"Aniplex & Crunchyroll Launch Partnership to Produce New Original Anime Crunchyroll
Crunchyroll is on a mission to bring viewers even more original anime, as the streaming giant just announced a new partnership with Aniplex to develop more shows. While streamers like Netflix, Prime Video, and Apple TV+ all vie for the top spot wh…",aniplex crunchyroll launch partnership produce new original anime crunchyroll crunchyroll mission bring viewers original anime streaming giant just announced new partnership aniplex develop shows streamers like netflix prime video apple vie spot,2025-03-17 16:00:00+00:00,7
Apple Inc,"WHP Offers to Take Guess Private, Valuing the Company at $751.5 Million","WHP Global proposes a deal to take Guess private, valuing the company at $751.5 million. Two co-founders and CEO to retain their stakes.",2025-03-17 15:55:33+00:00,WWD,http://wwd.com/business-news/financial/whp-global-guess-private-751-million-deal-1237049339/,"WHP Offers to Take Guess Private, Valuing the Company at $751.5 Million WHP Global proposes a deal to take Guess private, valuing the company at $751.5 million. Two co-founders and CEO to retain their stakes.",whp offers guess private valuing company million whp global proposes deal guess private valuing company million cofounders ceo retain stakes,2025-03-17 15:55:33+00:00,2
Apple Inc,Attackers use CSS to create evasive phishing messages,"Threat actors exploit Cascading Style Sheets (CSS) to bypass spam filters and detection engines, and track users’ actions and preferences.  Cisco Talos observed threat actors abusing Cascading Style Sheets (CSS) to evade detection and track user behavior, rai…",2025-03-17 15:19:16+00:00,Securityaffairs.com,https://securityaffairs.com/175512/security/attackers-use-css-to-create-evasive-phishing-messages.html,"Attackers use CSS to create evasive phishing messages Threat actors exploit Cascading Style Sheets (CSS) to bypass spam filters and detection engines, and track users’ actions and preferences.  Cisco Talos observed threat actors abusing Cascading Style Sheets (CSS) to evade detection and track user behavior, rai…",attackers use css create evasive phishing messages threat actors exploit cascading style sheets css bypass spam filters detection engines track users actions preferences cisco talos observed threat actors abusing cascading style sheets css evade detection track user behavior rai,2025-03-17 15:19:16+00:00,8
Apple Inc,"Beleaguered Democrats Eye 2028 With Podcasts, Red-State Rallies",Gavin Newsom is talking to MAGA darlings. Wes Moore is helping fired federal workers find new jobs. Gretchen Whitmer is meeting with the president to talk about tariffs.,2025-03-17 15:01:01+00:00,Financial Post,https://financialpost.com/pmn/business-pmn/beleaguered-democrats-eye-2028-with-podcasts-red-state-rallies,"Beleaguered Democrats Eye 2028 With Podcasts, Red-State Rallies Gavin Newsom is talking to MAGA darlings. Wes Moore is helping fired federal workers find new jobs. Gretchen Whitmer is meeting with the president to talk about tariffs.",beleaguered democrats eye podcasts redstate rallies gavin newsom talking maga darlings wes moore helping fired federal workers new jobs gretchen whitmer meeting president talk tariffs,2025-03-17 15:01:01+00:00,-1
Apple Inc,"On Nasdaq, I Prefer The Less-Famous Stocks",Nasdaq is home to most big technology stocks and many small stocks. My favorites among Nasdaq stocks this year are some of the less-famous names.,2025-03-17 12:30:00+00:00,Forbes,https://www.forbes.com/sites/johndorfman/2025/03/17/on-nasdaq-i-prefer-the-less-famous-stocks/,"On Nasdaq, I Prefer The Less-Famous Stocks Nasdaq is home to most big technology stocks and many small stocks. My favorites among Nasdaq stocks this year are some of the less-famous names.",nasdaq prefer lessfamous stocks nasdaq home big technology stocks small stocks favorites nasdaq stocks year lessfamous names,2025-03-17 12:30:00+00:00,3
Apple Inc,"Vulnerability Summary for the Week of March 10, 2025","High Vulnerabilities

<table>

<tr>
<th>PrimaryVendor -- Product</th>
<th>Description</th>
<th>Published</th>
<th>CVSS Score</th>
<th>Source Info</th>
</tr>



<tr>
<td>1E--1E Client </td>
<td>Improper link resolution before file access in the Nomad module …",2025-03-17 12:24:44+00:00,Cisa.gov,https://www.cisa.gov/news-events/bulletins/sb25-076,"Vulnerability Summary for the Week of March 10, 2025 High Vulnerabilities

<table>

<tr>
<th>PrimaryVendor -- Product</th>
<th>Description</th>
<th>Published</th>
<th>CVSS Score</th>
<th>Source Info</th>
</tr>



<tr>
<td>1E--1E Client </td>
<td>Improper link resolution before file access in the Nomad module …",vulnerability summary week march high vulnerabilities table thprimaryvendor productth thdescriptionth thpublishedth thcvss scoreth thsource infoth tdee client tdimproper link resolution file access nomad module,2025-03-17 12:24:44+00:00,8
Apple Inc,Iberdrola to Supply Air Liquide with Renewable Power,Iberdrola signed a long-term deal to supply Air Liquide with clean electricity for the French company's operations in Spain and Portugal.,2025-03-17 12:11:27+00:00,Rigzone,https://www.rigzone.com/news/iberdrola_to_supply_air_liquide_with_renewable_power-17-mar-2025-179943-article/,Iberdrola to Supply Air Liquide with Renewable Power Iberdrola signed a long-term deal to supply Air Liquide with clean electricity for the French company's operations in Spain and Portugal.,iberdrola supply air liquide renewable power iberdrola signed longterm deal supply air liquide clean electricity french companys operations spain portugal,2025-03-17 12:11:27+00:00,12
Apple Inc,Leveraging Storytelling for Innovation,GUEST POST from Greg Satell Some years back I was invited to visit the Institute for Advanced Study in Princeton. Over the years many of the world’s greatest minds have taken up residence there. It was where Einstein worked till his death in 1955. It is a pla…,2025-03-17 12:00:00+00:00,Bradenkelley.com,https://bradenkelley.com/2025/03/leveraging-storytelling-for-innovation/,Leveraging Storytelling for Innovation GUEST POST from Greg Satell Some years back I was invited to visit the Institute for Advanced Study in Princeton. Over the years many of the world’s greatest minds have taken up residence there. It was where Einstein worked till his death in 1955. It is a pla…,leveraging storytelling innovation guest post greg satell years invited visit institute advanced study princeton years worlds greatest minds taken residence einstein worked till death pla,2025-03-17 12:00:00+00:00,-1
Apple Inc,New 6-In-1 Power Bank With Fast Wireless And Laptop Charging From Alogic,"Alogic's new Roam 21,000mAh 6-in-1 Power Bank is launched today and includes USB-C, wireless and battery charging capabilities making it well-suited for travel purposes.",2025-03-17 11:00:00+00:00,Forbes,https://www.forbes.com/sites/marksparrow/2025/03/17/new-6-in-1-power-bank-with-fast-wireless-and-laptop-charging-from-alogic/,"New 6-In-1 Power Bank With Fast Wireless And Laptop Charging From Alogic Alogic's new Roam 21,000mAh 6-in-1 Power Bank is launched today and includes USB-C, wireless and battery charging capabilities making it well-suited for travel purposes.",new power bank fast wireless laptop charging alogic alogics new roam mah power bank launched today includes usbc wireless battery charging capabilities making wellsuited travel purposes,2025-03-17 11:00:00+00:00,12
Apple Inc,Amazon Plans to Introduce Premium Tier of AI-Powered Alexa Gadgets,"Amazon is stepping up its AI game with the next line of Alexa gadgets. The introduction of tonier hardware, which will coexist with lower- and mid-priced products, is a bid to give consumers more choice while generating new excitement for an Alexa franchise t…",2025-03-17 10:04:21+00:00,Gadgets360.com,https://www.gadgets360.com/smart-home/news/amazon-plan-reshape-ai-alexa-device-business-premium-tier-7942863,"Amazon Plans to Introduce Premium Tier of AI-Powered Alexa Gadgets Amazon is stepping up its AI game with the next line of Alexa gadgets. The introduction of tonier hardware, which will coexist with lower- and mid-priced products, is a bid to give consumers more choice while generating new excitement for an Alexa franchise t…",amazon plans introduce premium tier aipowered alexa gadgets amazon stepping game line alexa gadgets introduction tonier hardware coexist lower midpriced products bid consumers choice generating new excitement alexa franchise,2025-03-17 10:04:21+00:00,14
Apple Inc,M-Commerce Global Strategic Business Report 2025: Global Market to Reach $2.4 Trillion by 2030 from $678.2 Billion in 2024 - Cloud-Based Solutions Meet Growing Demand for Scalability and Security,"Dublin, March 17, 2025 (GLOBE NEWSWIRE) -- The ""M-Commerce - Global Strategic Business Report"" report has been added to ResearchAndMarkets.com's offering.The global market for M-Commerce was valued at US$678.2 Billion in 2024 and is projected to reach US$2.4 …",2025-03-17 09:22:00+00:00,GlobeNewswire,https://www.globenewswire.com/news-release/2025/03/17/3043468/28124/en/M-Commerce-Global-Strategic-Business-Report-2025-Global-Market-to-Reach-2-4-Trillion-by-2030-from-678-2-Billion-in-2024-Cloud-Based-Solutions-Meet-Growing-Demand-for-Scalability-an.html,"M-Commerce Global Strategic Business Report 2025: Global Market to Reach $2.4 Trillion by 2030 from $678.2 Billion in 2024 - Cloud-Based Solutions Meet Growing Demand for Scalability and Security Dublin, March 17, 2025 (GLOBE NEWSWIRE) -- The ""M-Commerce - Global Strategic Business Report"" report has been added to ResearchAndMarkets.com's offering.The global market for M-Commerce was valued at US$678.2 Billion in 2024 and is projected to reach US$2.4 …",mcommerce global strategic business report global market reach trillion billion cloudbased solutions meet growing demand scalability security dublin march globe newswire mcommerce global strategic business report report added researchandmarketscoms offeringthe global market mcommerce valued billion projected reach,2025-03-17 09:22:00+00:00,2
Apple Inc,Researcher releases free GPU-Based decryptor for Linux Akira ransomware,"A researcher released a free decryptor for Linux Akira ransomware, using GPU power to recover keys through brute force. Security researcher Yohanes Nugroho created a free decryptor for Linux Akira ransomware, using GPUs to brute force the decryption keys. Ini…",2025-03-17 09:03:24+00:00,Securityaffairs.com,https://securityaffairs.com/175494/malware/free-decryptor-linux-akira-ransomware-brute-force.html,"Researcher releases free GPU-Based decryptor for Linux Akira ransomware A researcher released a free decryptor for Linux Akira ransomware, using GPU power to recover keys through brute force. Security researcher Yohanes Nugroho created a free decryptor for Linux Akira ransomware, using GPUs to brute force the decryption keys. Ini…",researcher releases free gpubased decryptor linux akira ransomware researcher released free decryptor linux akira ransomware using gpu power recover keys brute force security researcher yohanes nugroho created free decryptor linux akira ransomware using gpus brute force decryption keys ini,2025-03-17 09:03:24+00:00,8
Apple Inc,Researcher releases free GPU-Based decryptor for Linux Akira ransomware,"A researcher released a free decryptor for Linux Akira ransomware, using GPU power to recover keys through brute force. Security researcher Yohanes Nugroho created a free decryptor for Linux Akira ransomware, using GPUs to brute force the decryption keys. Ini…",2025-03-17 09:03:24+00:00,Securityaffairs.com,https://securityaffairs.com/175494/cyber-crime/free-decryptor-linux-akira-ransomware-brute-force.html,"Researcher releases free GPU-Based decryptor for Linux Akira ransomware A researcher released a free decryptor for Linux Akira ransomware, using GPU power to recover keys through brute force. Security researcher Yohanes Nugroho created a free decryptor for Linux Akira ransomware, using GPUs to brute force the decryption keys. Ini…",researcher releases free gpubased decryptor linux akira ransomware researcher released free decryptor linux akira ransomware using gpu power recover keys brute force security researcher yohanes nugroho created free decryptor linux akira ransomware using gpus brute force decryption keys ini,2025-03-17 09:03:24+00:00,8
Apple Inc,Apple Inc. (NASDAQ:AAPL) is Sachetta LLC’s 5th Largest Position,"Sachetta LLC decreased its position in Apple Inc. (NASDAQ:AAPL – Free Report) by 5.1% in the fourth quarter, Holdings Channel reports. The institutional investor owned 31,565 shares of the iPhone maker’s stock after selling 1,703 shares during the period. App…",2025-03-17 07:50:56+00:00,ETF Daily News,https://www.etfdailynews.com/2025/03/17/apple-inc-nasdaqaapl-is-sachetta-llcs-5th-largest-position/,"Apple Inc. (NASDAQ:AAPL) is Sachetta LLC’s 5th Largest Position Sachetta LLC decreased its position in Apple Inc. (NASDAQ:AAPL – Free Report) by 5.1% in the fourth quarter, Holdings Channel reports. The institutional investor owned 31,565 shares of the iPhone maker’s stock after selling 1,703 shares during the period. App…",apple nasdaqaapl sachetta llcs largest position sachetta llc decreased position apple nasdaqaapl free report fourth quarter holdings channel reports institutional investor owned shares iphone makers stock selling shares period app,2025-03-17 07:50:56+00:00,3
Apple Inc,"Midwest Financial Group LLC Sells 1,151 Shares of Apple Inc. (NASDAQ:AAPL)","Midwest Financial Group LLC trimmed its holdings in shares of Apple Inc. (NASDAQ:AAPL – Free Report) by 3.0% during the fourth quarter, HoldingsChannel reports. The institutional investor owned 36,966 shares of the iPhone maker’s stock after selling 1,151 sha…",2025-03-17 07:50:55+00:00,ETF Daily News,https://www.etfdailynews.com/2025/03/17/midwest-financial-group-llc-sells-1151-shares-of-apple-inc-nasdaqaapl/,"Midwest Financial Group LLC Sells 1,151 Shares of Apple Inc. (NASDAQ:AAPL) Midwest Financial Group LLC trimmed its holdings in shares of Apple Inc. (NASDAQ:AAPL – Free Report) by 3.0% during the fourth quarter, HoldingsChannel reports. The institutional investor owned 36,966 shares of the iPhone maker’s stock after selling 1,151 sha…",midwest financial group llc sells shares apple nasdaqaapl midwest financial group llc trimmed holdings shares apple nasdaqaapl free report fourth quarter holdingschannel reports institutional investor owned shares iphone makers stock selling sha,2025-03-17 07:50:55+00:00,3
Apple Inc,Apple Inc. (NASDAQ:AAPL) is apricus wealth LLC’s 8th Largest Position,"apricus wealth LLC lowered its position in shares of Apple Inc. (NASDAQ:AAPL – Free Report) by 7.4% in the fourth quarter, according to the company in its most recent 13F filing with the SEC. The fund owned 15,277 shares of the iPhone maker’s stock after sell…",2025-03-17 07:50:54+00:00,ETF Daily News,https://www.etfdailynews.com/2025/03/17/apple-inc-nasdaqaapl-is-apricus-wealth-llcs-8th-largest-position/,"Apple Inc. (NASDAQ:AAPL) is apricus wealth LLC’s 8th Largest Position apricus wealth LLC lowered its position in shares of Apple Inc. (NASDAQ:AAPL – Free Report) by 7.4% in the fourth quarter, according to the company in its most recent 13F filing with the SEC. The fund owned 15,277 shares of the iPhone maker’s stock after sell…",apple nasdaqaapl apricus wealth llcs largest position apricus wealth llc lowered position shares apple nasdaqaapl free report fourth quarter according company recent filing sec fund owned shares iphone makers stock sell,2025-03-17 07:50:54+00:00,3
Apple Inc,Apple Inc. (NASDAQ:AAPL) is Bennett Selby Investments LP’s Largest Position,"Bennett Selby Investments LP lessened its stake in Apple Inc. (NASDAQ:AAPL – Free Report) by 0.4% in the 4th quarter, Holdings Channel.com reports. The fund owned 149,194 shares of the iPhone maker’s stock after selling 672 shares during the quarter. Apple co…",2025-03-17 07:50:54+00:00,ETF Daily News,https://www.etfdailynews.com/2025/03/17/apple-inc-nasdaqaapl-is-bennett-selby-investments-lps-largest-position/,"Apple Inc. (NASDAQ:AAPL) is Bennett Selby Investments LP’s Largest Position Bennett Selby Investments LP lessened its stake in Apple Inc. (NASDAQ:AAPL – Free Report) by 0.4% in the 4th quarter, Holdings Channel.com reports. The fund owned 149,194 shares of the iPhone maker’s stock after selling 672 shares during the quarter. Apple co…",apple nasdaqaapl bennett selby investments lps largest position bennett selby investments lessened stake apple nasdaqaapl free report quarter holdings channelcom reports fund owned shares iphone makers stock selling shares quarter apple,2025-03-17 07:50:54+00:00,3
Apple Inc,Apple Inc. (NASDAQ:AAPL) Shares Purchased by Accel Wealth Management,"Accel Wealth Management raised its stake in shares of Apple Inc. (NASDAQ:AAPL – Free Report) by 0.7% in the 4th quarter, according to its most recent Form 13F filing with the SEC. The fund owned 29,945 shares of the iPhone maker’s stock after purchasing an ad…",2025-03-17 07:50:53+00:00,ETF Daily News,https://www.etfdailynews.com/2025/03/17/apple-inc-nasdaqaapl-shares-purchased-by-accel-wealth-management/,"Apple Inc. (NASDAQ:AAPL) Shares Purchased by Accel Wealth Management Accel Wealth Management raised its stake in shares of Apple Inc. (NASDAQ:AAPL – Free Report) by 0.7% in the 4th quarter, according to its most recent Form 13F filing with the SEC. The fund owned 29,945 shares of the iPhone maker’s stock after purchasing an ad…",apple nasdaqaapl shares purchased accel wealth management accel wealth management raised stake shares apple nasdaqaapl free report quarter according recent form filing sec fund owned shares iphone makers stock purchasing,2025-03-17 07:50:53+00:00,3
Apple Inc,"CX Institutional Buys 18,481 Shares of Apple Inc. (NASDAQ:AAPL)","CX Institutional boosted its holdings in Apple Inc. (NASDAQ:AAPL – Free Report) by 11.7% during the fourth quarter, Holdings Channel.com reports. The firm owned 176,965 shares of the iPhone maker’s stock after acquiring an additional 18,481 shares during the …",2025-03-17 07:50:52+00:00,ETF Daily News,https://www.etfdailynews.com/2025/03/17/cx-institutional-buys-18481-shares-of-apple-inc-nasdaqaapl/,"CX Institutional Buys 18,481 Shares of Apple Inc. (NASDAQ:AAPL) CX Institutional boosted its holdings in Apple Inc. (NASDAQ:AAPL – Free Report) by 11.7% during the fourth quarter, Holdings Channel.com reports. The firm owned 176,965 shares of the iPhone maker’s stock after acquiring an additional 18,481 shares during the …",institutional buys shares apple nasdaqaapl institutional boosted holdings apple nasdaqaapl free report fourth quarter holdings channelcom reports firm owned shares iphone makers stock acquiring additional shares,2025-03-17 07:50:52+00:00,3
Apple Inc,"Zurcher Kantonalbank Zurich Cantonalbank Grows Holdings in Apple Hospitality REIT, Inc. (NYSE:APLE)","Zurcher Kantonalbank Zurich Cantonalbank grew its holdings in shares of Apple Hospitality REIT, Inc. (NYSE:APLE – Free Report) by 27.7% in the 4th quarter, according to the company in its most recent 13F filing with the Securities and Exchange Commission. The…",2025-03-17 07:44:57+00:00,ETF Daily News,https://www.etfdailynews.com/2025/03/17/zurcher-kantonalbank-zurich-cantonalbank-grows-holdings-in-apple-hospitality-reit-inc-nyseaple/,"Zurcher Kantonalbank Zurich Cantonalbank Grows Holdings in Apple Hospitality REIT, Inc. (NYSE:APLE) Zurcher Kantonalbank Zurich Cantonalbank grew its holdings in shares of Apple Hospitality REIT, Inc. (NYSE:APLE – Free Report) by 27.7% in the 4th quarter, according to the company in its most recent 13F filing with the Securities and Exchange Commission. The…",zurcher kantonalbank zurich cantonalbank grows holdings apple hospitality reit nyseaple zurcher kantonalbank zurich cantonalbank grew holdings shares apple hospitality reit nyseaple free report quarter according company recent filing securities exchange commission,2025-03-17 07:44:57+00:00,3
Apple Inc,Apple's AI Crisis Reaches Boiling Point Ahead Of Top 100 Executive Retreat — Tim Cook And Key Execs Called Out Over Siri Failure By Top Analyst,"Apple Inc. (NASDAQ:AAPL) is reportedly entering its annual Top 100 executive retreat this week. This comes amid mounting criticism over the company's stalled artificial intelligence efforts.
What Happened: Since the era of Steve Jobs, this annual March gather…",2025-03-17 07:41:14+00:00,Biztoc.com,https://biztoc.com/x/3ffa8175c82e83c2,"Apple's AI Crisis Reaches Boiling Point Ahead Of Top 100 Executive Retreat — Tim Cook And Key Execs Called Out Over Siri Failure By Top Analyst Apple Inc. (NASDAQ:AAPL) is reportedly entering its annual Top 100 executive retreat this week. This comes amid mounting criticism over the company's stalled artificial intelligence efforts.
What Happened: Since the era of Steve Jobs, this annual March gather…",apples crisis reaches boiling point ahead executive retreat tim cook key execs called siri failure analyst apple nasdaqaapl reportedly entering annual executive retreat week comes amid mounting criticism companys stalled artificial intelligence efforts happened era steve jobs annual march gather,2025-03-17 07:41:14+00:00,4
Apple Inc,Travel startups and indulgent Indians: A match made over dream destinations and luxury escapades,"Fancy destinations, bespoke experiences, 5-star hotels and business class seats—Indian travellers are redefining the business models of domestic travel startups.",2025-03-17 07:39:55+00:00,Livemint,https://www.livemint.com/companies/start-ups/travel-startups-indian-travellers-luxury-holidays-premium-vacations-11742193779517.html,"Travel startups and indulgent Indians: A match made over dream destinations and luxury escapades Fancy destinations, bespoke experiences, 5-star hotels and business class seats—Indian travellers are redefining the business models of domestic travel startups.",travel startups indulgent indians match dream destinations luxury escapades fancy destinations bespoke experiences star hotels business class seatsindian travellers redefining business models domestic travel startups,2025-03-17 07:39:55+00:00,-1
Apple Inc,Gradient Investments LLC Has $96.56 Million Holdings in Apple Inc. (NASDAQ:AAPL),"Gradient Investments LLC lowered its stake in Apple Inc. (NASDAQ:AAPL – Free Report) by 2.3% in the fourth quarter, according to its most recent disclosure with the Securities and Exchange Commission (SEC). The fund owned 385,597 shares of the iPhone maker’s …",2025-03-17 07:06:55+00:00,ETF Daily News,https://www.etfdailynews.com/2025/03/17/gradient-investments-llc-has-96-56-million-holdings-in-apple-inc-nasdaqaapl/,"Gradient Investments LLC Has $96.56 Million Holdings in Apple Inc. (NASDAQ:AAPL) Gradient Investments LLC lowered its stake in Apple Inc. (NASDAQ:AAPL – Free Report) by 2.3% in the fourth quarter, according to its most recent disclosure with the Securities and Exchange Commission (SEC). The fund owned 385,597 shares of the iPhone maker’s …",gradient investments llc million holdings apple nasdaqaapl gradient investments llc lowered stake apple nasdaqaapl free report fourth quarter according recent disclosure securities exchange commission sec fund owned shares iphone makers,2025-03-17 07:06:55+00:00,3
Apple Inc,Petredis Investment Advisors LLC Decreases Stock Position in Apple Inc. (NASDAQ:AAPL),"Petredis Investment Advisors LLC reduced its stake in shares of Apple Inc. (NASDAQ:AAPL – Free Report) by 1.9% in the fourth quarter, HoldingsChannel reports. The institutional investor owned 207,369 shares of the iPhone maker’s stock after selling 3,918 shar…",2025-03-17 07:06:54+00:00,ETF Daily News,https://www.etfdailynews.com/2025/03/17/petredis-investment-advisors-llc-decreases-stock-position-in-apple-inc-nasdaqaapl/,"Petredis Investment Advisors LLC Decreases Stock Position in Apple Inc. (NASDAQ:AAPL) Petredis Investment Advisors LLC reduced its stake in shares of Apple Inc. (NASDAQ:AAPL – Free Report) by 1.9% in the fourth quarter, HoldingsChannel reports. The institutional investor owned 207,369 shares of the iPhone maker’s stock after selling 3,918 shar…",petredis investment advisors llc decreases stock position apple nasdaqaapl petredis investment advisors llc reduced stake shares apple nasdaqaapl free report fourth quarter holdingschannel reports institutional investor owned shares iphone makers stock selling shar,2025-03-17 07:06:54+00:00,3
Apple Inc,Apple Inc. (NASDAQ:AAPL) Holdings Cut by AM Investment Strategies LLC,"AM Investment Strategies LLC trimmed its holdings in Apple Inc. (NASDAQ:AAPL – Free Report) by 5.9% in the fourth quarter, according to its most recent disclosure with the Securities & Exchange Commission. The fund owned 337,142 shares of the iPhone maker’s s…",2025-03-17 07:06:53+00:00,ETF Daily News,https://www.etfdailynews.com/2025/03/17/apple-inc-nasdaqaapl-holdings-cut-by-am-investment-strategies-llc/,"Apple Inc. (NASDAQ:AAPL) Holdings Cut by AM Investment Strategies LLC AM Investment Strategies LLC trimmed its holdings in Apple Inc. (NASDAQ:AAPL – Free Report) by 5.9% in the fourth quarter, according to its most recent disclosure with the Securities & Exchange Commission. The fund owned 337,142 shares of the iPhone maker’s s…",apple nasdaqaapl holdings cut investment strategies llc investment strategies llc trimmed holdings apple nasdaqaapl free report fourth quarter according recent disclosure securities exchange commission fund owned shares iphone makers,2025-03-17 07:06:53+00:00,3
Apple Inc,Geneos Wealth Management Inc. Trims Position in Apple Inc. (NASDAQ:AAPL),"Geneos Wealth Management Inc. cut its holdings in shares of Apple Inc. (NASDAQ:AAPL – Free Report) by 12.1% during the 4th quarter, HoldingsChannel reports. The institutional investor owned 161,066 shares of the iPhone maker’s stock after selling 22,188 share…",2025-03-17 07:06:50+00:00,ETF Daily News,https://www.etfdailynews.com/2025/03/17/geneos-wealth-management-inc-trims-position-in-apple-inc-nasdaqaapl/,"Geneos Wealth Management Inc. Trims Position in Apple Inc. (NASDAQ:AAPL) Geneos Wealth Management Inc. cut its holdings in shares of Apple Inc. (NASDAQ:AAPL – Free Report) by 12.1% during the 4th quarter, HoldingsChannel reports. The institutional investor owned 161,066 shares of the iPhone maker’s stock after selling 22,188 share…",geneos wealth management trims position apple nasdaqaapl geneos wealth management cut holdings shares apple nasdaqaapl free report quarter holdingschannel reports institutional investor owned shares iphone makers stock selling share,2025-03-17 07:06:50+00:00,3
Apple Inc,Retail Stocks To Watch Now – March 15th,"Tesla, Apple, Microsoft, Amazon.com, and Walmart are the five Retail stocks to watch today, according to MarketBeat’s stock screener tool. Retail stocks refer to shares of companies that sell goods or services directly to consumers, either in physical locatio…",2025-03-17 06:40:45+00:00,ETF Daily News,https://www.etfdailynews.com/2025/03/17/retail-stocks-to-watch-now-march-15th/,"Retail Stocks To Watch Now – March 15th Tesla, Apple, Microsoft, Amazon.com, and Walmart are the five Retail stocks to watch today, according to MarketBeat’s stock screener tool. Retail stocks refer to shares of companies that sell goods or services directly to consumers, either in physical locatio…",retail stocks watch march tesla apple microsoft amazoncom walmart retail stocks watch today according marketbeats stock screener tool retail stocks refer shares companies sell goods services directly consumers physical locatio,2025-03-17 06:40:45+00:00,2
Apple stock,Warren Buffett Warns That Trump's Tariffs Is An 'Act of War' As Markets Face A Major Correction,"While Buffett reassured investors of his preference for equities over cash earlier this year, he expressed concerns last week about the impact of Trump's tariffs on corporate earnings and the broader economy.",2025-03-20 03:47:20+00:00,International Business Times,https://www.ibtimes.com/warren-buffett-warns-that-trumps-tariffs-act-war-markets-face-major-correction-3766996,"Warren Buffett Warns That Trump's Tariffs Is An 'Act of War' As Markets Face A Major Correction While Buffett reassured investors of his preference for equities over cash earlier this year, he expressed concerns last week about the impact of Trump's tariffs on corporate earnings and the broader economy.",warren buffett warns trumps tariffs act war markets face major correction buffett reassured investors preference equities cash earlier year expressed concerns week impact trumps tariffs corporate earnings broader economy,2025-03-20 03:47:20+00:00,2
Apple stock,"CNBC Daily Open: For nervous investors, Fed’s dot plot comes as a relief","The U.S. Federal Reserve kept interest rates steady, as widely expected, and kept its projection of two rate cuts this year. Markets rallied in relief.",2025-03-20 00:38:04+00:00,CNBC,https://www.cnbc.com/2025/03/20/cnbc-daily-open-for-nervous-investors-feds-dot-plot-is-a-relief-.html,"CNBC Daily Open: For nervous investors, Fed’s dot plot comes as a relief The U.S. Federal Reserve kept interest rates steady, as widely expected, and kept its projection of two rate cuts this year. Markets rallied in relief.",cnbc daily open nervous investors feds dot plot comes relief federal reserve kept rates steady widely expected kept projection rate cuts year markets rallied relief,2025-03-20 00:38:04+00:00,2
Apple stock,Is the Trump trade over?,"Has the excitement over the US President’s policies died out?
The post Is the Trump trade over? appeared first on The Motley Fool Australia.",2025-03-19 22:40:34+00:00,Motley Fool Australia,https://www.fool.com.au/2025/03/20/is-the-trump-trade-over/,"Is the Trump trade over? Has the excitement over the US President’s policies died out?
The post Is the Trump trade over? appeared first on The Motley Fool Australia.",trump trade excitement presidents policies died post trump trade appeared motley fool australia,2025-03-19 22:40:34+00:00,2
Apple stock,Buffett Indicator Sounds the Alarm on Stocks,"This post Buffett Indicator Sounds the Alarm on Stocks appeared first on Daily Reckoning.
Warren Buffett’s favorite valuation tool is a screaming warning to investors…
The post Buffett Indicator Sounds the Alarm on Stocks appeared first on Daily Reckoning.",2025-03-19 22:00:32+00:00,Dailyreckoning.com,https://dailyreckoning.com/buffett-indicator-sounds-the-alarm-on-stocks/,"Buffett Indicator Sounds the Alarm on Stocks This post Buffett Indicator Sounds the Alarm on Stocks appeared first on Daily Reckoning.
Warren Buffett’s favorite valuation tool is a screaming warning to investors…
The post Buffett Indicator Sounds the Alarm on Stocks appeared first on Daily Reckoning.",buffett indicator sounds alarm stocks post buffett indicator sounds alarm stocks appeared daily reckoning warren buffetts favorite valuation tool screaming warning investors post buffett indicator sounds alarm stocks appeared daily reckoning,2025-03-19 22:00:32+00:00,2
Apple stock,It’s Time to Take Action—Even Though It Feels Dangerous,"“Action is the antidote to despair.""
I find this statement by the legendary activist/songwriter, Joan Baez, to be particularly relevant and inspiring in this time when it’s so easy to fall into despair. When I am engaged in activism—the purposeful resistance …",2025-03-19 21:24:09+00:00,Ms. Magazine,https://msmagazine.com/2025/03/19/its-time-to-take-action-even-though-it-feels-dangerous/,"It’s Time to Take Action—Even Though It Feels Dangerous “Action is the antidote to despair.""
I find this statement by the legendary activist/songwriter, Joan Baez, to be particularly relevant and inspiring in this time when it’s so easy to fall into despair. When I am engaged in activism—the purposeful resistance …",time actioneven feels dangerous action antidote despair statement legendary activistsongwriter joan baez particularly relevant inspiring time easy fall despair engaged activismthe purposeful resistance,2025-03-19 21:24:09+00:00,7
Apple stock,Trump Wants Credit for That Too,The president is boasting about initiatives from before he took office.,2025-03-19 21:01:00+00:00,The Atlantic,https://www.theatlantic.com/newsletters/archive/2025/03/trump-biden-ceasefire-astronauts-insulin/682099/,Trump Wants Credit for That Too The president is boasting about initiatives from before he took office.,trump wants credit president boasting initiatives took office,2025-03-19 21:01:00+00:00,2
Apple stock,Ignore the ‘AI Gloom’ and Keep Buying Apple Stock,"UNLIMITED Watchlists, Portfolios, Screeners, and other Barchart tools with Barchart Premier.
FREE 30 Day Trial
- Market Pulse
- VolatilityVolume & Open InterestHorizontal StrategiesButterfly Strategies
-
- ResourcesEuropean FuturesEuropean Groupings
- Forex M…",2025-03-19 19:27:26+00:00,Biztoc.com,https://biztoc.com/x/beef34c8e1bee85f,"Ignore the ‘AI Gloom’ and Keep Buying Apple Stock UNLIMITED Watchlists, Portfolios, Screeners, and other Barchart tools with Barchart Premier.
FREE 30 Day Trial
- Market Pulse
- VolatilityVolume & Open InterestHorizontal StrategiesButterfly Strategies
-
- ResourcesEuropean FuturesEuropean Groupings
- Forex M…",ignore gloom buying apple stock unlimited watchlists portfolios screeners barchart tools barchart premier free day trial market pulse volatilityvolume open interesthorizontal strategiesbutterfly strategies resourceseuropean futureseuropean groupings forex,2025-03-19 19:27:26+00:00,2
Apple stock,"YouTube, FOIA.gov, Careless People, More: Wednesday Afternoon ResearchBuzz, March 19, 2025","EVENTS Tubefilter: YouTube is celebrating its 20th birthday with nearly 40 “Creator Collectives” in major U.S. cities. “YouTube is celebrating its 20th birthday in 2025, and the platform’s creator experience team is […]",2025-03-19 19:07:18+00:00,Researchbuzz.me,https://researchbuzz.me/2025/03/19/youtube-foia-gov-careless-people-more-wednesday-afternoon-researchbuzz-march-19-2025/,"YouTube, FOIA.gov, Careless People, More: Wednesday Afternoon ResearchBuzz, March 19, 2025 EVENTS Tubefilter: YouTube is celebrating its 20th birthday with nearly 40 “Creator Collectives” in major U.S. cities. “YouTube is celebrating its 20th birthday in 2025, and the platform’s creator experience team is […]",youtube foiagov careless people wednesday afternoon researchbuzz march events tubefilter youtube celebrating birthday nearly creator collectives major cities youtube celebrating birthday platforms creator experience team,2025-03-19 19:07:18+00:00,-1
Apple stock,"Lectric March Madness e-bike bundles and price cuts from $999, Segway Spring Sale takes 50% off e-scooters, Aventon clearance, more","Today’s Green Deals has plenty of EV options to upgrade your commute and keep things running, starting with Lectric’s Nothin’ But Net Sale with up to $762 in free gear accompanying e-bikes, a new price cut on the XPeak 2.0 models, and exclusive March Madness-…",2025-03-19 18:00:00+00:00,Electrek,http://electrek.co/2025/03/19/lectric-e-bike-bundles-from-999-segway-spring-sale-aventon-more/,"Lectric March Madness e-bike bundles and price cuts from $999, Segway Spring Sale takes 50% off e-scooters, Aventon clearance, more Today’s Green Deals has plenty of EV options to upgrade your commute and keep things running, starting with Lectric’s Nothin’ But Net Sale with up to $762 in free gear accompanying e-bikes, a new price cut on the XPeak 2.0 models, and exclusive March Madness-…",lectric march madness ebike bundles price cuts segway spring sale takes escooters aventon clearance todays green deals plenty options upgrade commute things running starting lectrics nothin net sale free gear accompanying ebikes new price cut xpeak models exclusive march madness,2025-03-19 18:00:00+00:00,-1
Apple stock,"Exclusive—Peter Narvarro: China Is the World’s Biggest Cheater, But the EU and Vietnam Run Close Seconds","Peter Navarro, President Donald Trump's senior counselor for trade and manufacturing, told ""The Alex Marlow Show"" that although China is notorious for ripping America off on trade, many other countries are just as guilty.
The post Exclusive—Peter Narvarro: Ch…",2025-03-19 17:56:27+00:00,Breitbart News,https://www.breitbart.com/politics/2025/03/19/exclusive-peter-narvarro-china-is-the-worlds-biggest-cheater-but-the-eu-and-vietnam-run-close-seconds/,"Exclusive—Peter Narvarro: China Is the World’s Biggest Cheater, But the EU and Vietnam Run Close Seconds Peter Navarro, President Donald Trump's senior counselor for trade and manufacturing, told ""The Alex Marlow Show"" that although China is notorious for ripping America off on trade, many other countries are just as guilty.
The post Exclusive—Peter Narvarro: Ch…",exclusivepeter narvarro china worlds biggest cheater vietnam run close seconds peter navarro president donald trumps senior counselor trade manufacturing told alex marlow china notorious ripping america trade countries just guilty post exclusivepeter narvarro,2025-03-19 17:56:27+00:00,2
Apple stock,How to fix Camera Control not working on your iPhone 16,Learn how to fix the Camera Control button not working on iPhone 16 and failing to open the camera or invoke visual intelligence.,2025-03-19 17:30:32+00:00,Idownloadblog.com,https://www.idownloadblog.com/2025/03/19/fix-camera-control-not-working-on-iphone/,How to fix Camera Control not working on your iPhone 16 Learn how to fix the Camera Control button not working on iPhone 16 and failing to open the camera or invoke visual intelligence.,fix camera control working iphone learn fix camera control button working iphone failing open camera invoke visual intelligence,2025-03-19 17:30:32+00:00,0
Apple stock,‘I almost paid $800 to get it installed.’ – New Car Owner Learned A Valuable Lesson About Taking The Time To Read The Owner’s Manual To Learn About The Vehicle’s Features,"""I just had to plug my phone into the car's charging port.""",2025-03-19 16:55:52+00:00,Twistedsifter.com,http://twistedsifter.com/2025/03/i-almost-paid-800-to-get-it-installed-new-car-owner-learned-a-valuable-lesson-about-taking-the-time-to-read-the-owners-manual-to-learn-about-the-vehicles-features/,"‘I almost paid $800 to get it installed.’ – New Car Owner Learned A Valuable Lesson About Taking The Time To Read The Owner’s Manual To Learn About The Vehicle’s Features ""I just had to plug my phone into the car's charging port.""",paid installed new car owner learned valuable lesson taking time read owners manual learn vehicles features just plug phone cars charging port,2025-03-19 16:55:52+00:00,-1
Apple stock,This RTX-powered Acer gaming laptop is only $600 right now,"In the PCWorld office chat, I call the Acer Nitro V gaming laptop “Old Faithful” because it reliably goes on sale every few weeks. Today, we’re seeing its typical big discount from an unusual source: MicroCenter. You can usually only get this store’s best sal…",2025-03-19 16:34:51+00:00,PCWorld,https://www.pcworld.com/article/2642750/this-rtx-powered-acer-gaming-laptop-is-just-600.html,"This RTX-powered Acer gaming laptop is only $600 right now In the PCWorld office chat, I call the Acer Nitro V gaming laptop “Old Faithful” because it reliably goes on sale every few weeks. Today, we’re seeing its typical big discount from an unusual source: MicroCenter. You can usually only get this store’s best sal…",rtxpowered acer gaming laptop right pcworld office chat acer nitro gaming laptop old faithful reliably goes sale weeks today seeing typical big discount unusual source microcenter usually stores best sal,2025-03-19 16:34:51+00:00,1
Apple stock,"I've Found A Bunch Of Apple Deals For Today: Discounted Air Pods 2, Beats, Apple Pencils, AirTags And More","As of March 19, you can save big on AirPods Pro 2, Beats earbuds, Apple Pencils, AirTags, and more. Here’s where to find the best Apple deals today.",2025-03-19 16:30:00+00:00,IGN,https://www.ign.com/articles/best-deals-for-march-19-2025,"I've Found A Bunch Of Apple Deals For Today: Discounted Air Pods 2, Beats, Apple Pencils, AirTags And More As of March 19, you can save big on AirPods Pro 2, Beats earbuds, Apple Pencils, AirTags, and more. Here’s where to find the best Apple deals today.",ive bunch apple deals today discounted air pods beats apple pencils airtags march save big airpods pro beats earbuds apple pencils airtags heres best apple deals today,2025-03-19 16:30:00+00:00,13
Apple stock,"X Bounces Back to $44 Billion in Value, the Same Price Musk Paid for It","The social app, formerly known as Twitter, is benefiting from major advertisers like Apple returning and cost-cutting measures imposed by Musk
The post X Bounces Back to $44 Billion in Value, the Same Price Musk Paid for It appeared first on TheWrap.",2025-03-19 16:24:32+00:00,TheWrap,https://www.thewrap.com/x-bounces-back-44-billion-valuation-twitter-elon-musk/,"X Bounces Back to $44 Billion in Value, the Same Price Musk Paid for It The social app, formerly known as Twitter, is benefiting from major advertisers like Apple returning and cost-cutting measures imposed by Musk
The post X Bounces Back to $44 Billion in Value, the Same Price Musk Paid for It appeared first on TheWrap.",bounces billion value price musk paid social app known twitter benefiting major advertisers like apple returning costcutting measures imposed musk post bounces billion value price musk paid appeared thewrap,2025-03-19 16:24:32+00:00,-1
Apple stock,"Deals: M4 Max MacBook Pro up to $774 off, 24GB M3 MacBook Air $600 off orig. price, Apple Watch bands 47% off, more","Now sitting alongside yesterday’s deal on Apple Pencil Pro and Apple’s upgraded 24GB 14-inch M4 Pro MacBook Pro at $270 off, today we are kicking things off with a massive price drop on the super-powerful M4 Max MacBook Pro. You can now score an open-box 36GB…",2025-03-19 15:45:56+00:00,9to5Mac,https://9to5mac.com/2025/03/19/deals-m4-max-macbook-pro-m3-macbook-air-watch-bands/,"Deals: M4 Max MacBook Pro up to $774 off, 24GB M3 MacBook Air $600 off orig. price, Apple Watch bands 47% off, more Now sitting alongside yesterday’s deal on Apple Pencil Pro and Apple’s upgraded 24GB 14-inch M4 Pro MacBook Pro at $270 off, today we are kicking things off with a massive price drop on the super-powerful M4 Max MacBook Pro. You can now score an open-box 36GB…",deals max macbook pro macbook air orig price apple watch bands sitting alongside yesterdays deal apple pencil pro apples upgraded inch pro macbook pro today kicking things massive price drop superpowerful max macbook pro score openbox,2025-03-19 15:45:56+00:00,-1
Apple stock,Apple considers radical change for next iPhone,"stock just experienced its worst trading week since 2022 and is still showing no signs of a turnaround. The big tech leader has spent the past month mostly trending downward amid difficult market conditions and high economic uncertainty.
With U.S. President D…",2025-03-19 15:20:29+00:00,Biztoc.com,https://biztoc.com/x/8c26e7eb0526da90,"Apple considers radical change for next iPhone stock just experienced its worst trading week since 2022 and is still showing no signs of a turnaround. The big tech leader has spent the past month mostly trending downward amid difficult market conditions and high economic uncertainty.
With U.S. President D…",apple considers radical change iphone stock just experienced worst trading week showing signs turnaround big tech leader spent past month trending downward amid difficult market conditions high economic uncertainty president,2025-03-19 15:20:29+00:00,0
Apple stock,Political poker? Tariff hunger games? Trump creates havoc for PC industry,"Tech channel increases stockpiling amid 'volatile trade policies.' CIOs to get fewer devices for same money Comment  US President Donald Trump's ""volatile trade policies"" are creating uncertainty among suppliers of computers and among biz customers looking to…",2025-03-19 15:15:11+00:00,Theregister.com,https://www.theregister.com/2025/03/19/tariffs_tech_channel_uncertainty/,"Political poker? Tariff hunger games? Trump creates havoc for PC industry Tech channel increases stockpiling amid 'volatile trade policies.' CIOs to get fewer devices for same money Comment  US President Donald Trump's ""volatile trade policies"" are creating uncertainty among suppliers of computers and among biz customers looking to…",political poker tariff hunger games trump creates havoc industry tech channel increases stockpiling amid volatile trade policies cios fewer devices money comment president donald trumps volatile trade policies creating uncertainty suppliers computers biz customers looking,2025-03-19 15:15:11+00:00,2
Apple stock,"Netflix’s Ted Sarandos Isn’t Done Disrupting Hollywood: On Winning the Streaming Wars, a Marvel ‘Fistfight’ and Defending Meghan Markle","In a few weeks, Ted Sarandos will make his acting debut — playing Ted Sarandos. The co-CEO of Netflix is lampooning himself in an episode of the Apple TV+ series “The Studio,” Seth Rogen’s answer to “Entourage” by way of “Curb Your Enthusiasm.” And given Sara…",2025-03-19 15:00:00+00:00,Variety,https://variety.com/2025/film/news/ted-sarandos-stranging-things-ending-marvel-fight-1236339714/,"Netflix’s Ted Sarandos Isn’t Done Disrupting Hollywood: On Winning the Streaming Wars, a Marvel ‘Fistfight’ and Defending Meghan Markle In a few weeks, Ted Sarandos will make his acting debut — playing Ted Sarandos. The co-CEO of Netflix is lampooning himself in an episode of the Apple TV+ series “The Studio,” Seth Rogen’s answer to “Entourage” by way of “Curb Your Enthusiasm.” And given Sara…",netflixs ted sarandos isnt disrupting hollywood winning streaming wars marvel fistfight defending meghan markle weeks ted sarandos make acting debut playing ted sarandos coceo netflix lampooning episode apple series studio seth rogens answer entourage way curb enthusiasm given sara,2025-03-19 15:00:00+00:00,7
Apple stock,"LiveOne (LVO) Adds Emmy-Winning Series ""Before The Fame"" to Slate of Original IP","LOS ANGELES, March 19, 2025 (GLOBE NEWSWIRE) -- LiveOne (Nasdaq: LVO), an award-winning, creator-first, music, entertainment, and technology platform, announced today the addition of “Before the Fame”.",2025-03-19 14:57:00+00:00,GlobeNewswire,https://www.globenewswire.com/news-release/2025/03/19/3045613/0/en/LiveOne-LVO-Adds-Emmy-Winning-Series-Before-The-Fame-to-Slate-of-Original-IP.html,"LiveOne (LVO) Adds Emmy-Winning Series ""Before The Fame"" to Slate of Original IP LOS ANGELES, March 19, 2025 (GLOBE NEWSWIRE) -- LiveOne (Nasdaq: LVO), an award-winning, creator-first, music, entertainment, and technology platform, announced today the addition of “Before the Fame”.",liveone lvo adds emmywinning series fame slate original los angeles march globe newswire liveone nasdaq lvo awardwinning creatorfirst music entertainment technology platform announced today addition fame,2025-03-19 14:57:00+00:00,-1
Apple stock,Capital One’s Muse Wins “Point of Sale Innovation Award” in 9th Annual FinTech Breakthrough Awards Program,Prestigious Annual Awards Program Recognizes Outstanding Financial Technology Products And Companies Around the World Prestigious Annual Awards Program Recognizes Outstanding Financial Technology Products And Companies Around the World,2025-03-19 14:00:00+00:00,GlobeNewswire,https://www.globenewswire.com/news-release/2025/03/19/3045543/0/en/Capital-One-s-Muse-Wins-Point-of-Sale-Innovation-Award-in-9th-Annual-FinTech-Breakthrough-Awards-Program.html,Capital One’s Muse Wins “Point of Sale Innovation Award” in 9th Annual FinTech Breakthrough Awards Program Prestigious Annual Awards Program Recognizes Outstanding Financial Technology Products And Companies Around the World Prestigious Annual Awards Program Recognizes Outstanding Financial Technology Products And Companies Around the World,capital ones muse wins point sale innovation award annual fintech breakthrough awards program prestigious annual awards program recognizes outstanding financial technology products companies world prestigious annual awards program recognizes outstanding financial technology products companies world,2025-03-19 14:00:00+00:00,-1
Apple stock,Easily add wireless CarPlay for just $65 with this 10-inch touchscreen,"Essgoo's 10-inch, telescopic mount, wireless CarPlay screen makes it easy to add a full-HD touchscreen to any car in secondes.
(via Cult of Mac - Apple news, rumors, reviews and how-tos)",2025-03-19 13:30:14+00:00,Cult of Mac,https://www.cultofmac.com/deals/essgoo-10-inch-touchscreen-wireless-carplay-screen-deal,"Easily add wireless CarPlay for just $65 with this 10-inch touchscreen Essgoo's 10-inch, telescopic mount, wireless CarPlay screen makes it easy to add a full-HD touchscreen to any car in secondes.
(via Cult of Mac - Apple news, rumors, reviews and how-tos)",easily add wireless carplay just inch touchscreen essgoos inch telescopic mount wireless carplay screen makes easy add fullhd touchscreen car secondes cult mac apple news rumors reviews howtos,2025-03-19 13:30:14+00:00,0
Apple stock,"Amazon Is Selling Off Its AirTag Stock, Not Quite Free, But Close","Save 29% on a 4-pack of Apple's ultra-accurate little trackers, or save 17% and get just one for $24.",2025-03-19 13:10:51+00:00,Gizmodo.com,https://gizmodo.com/amazon-is-selling-off-its-airtag-stock-not-quite-free-but-close-2000577889,"Amazon Is Selling Off Its AirTag Stock, Not Quite Free, But Close Save 29% on a 4-pack of Apple's ultra-accurate little trackers, or save 17% and get just one for $24.",amazon selling airtag stock quite free close save pack apples ultraaccurate little trackers save just,2025-03-19 13:10:51+00:00,14
Apple stock,Nvidia stock: Here's the next potential catalyst,"In This Article:
Listen and subscribe to Opening Bid on Apple Podcasts, Spotify, Amazon Music, YouTube, or wherever you find your favorite podcasts.
The normal AI wonders and promises that powered Nvidia stock (NVDA) to record highs may not do the trick in ge…",2025-03-19 13:07:08+00:00,Biztoc.com,https://biztoc.com/x/f1692d0bb561ef91,"Nvidia stock: Here's the next potential catalyst In This Article:
Listen and subscribe to Opening Bid on Apple Podcasts, Spotify, Amazon Music, YouTube, or wherever you find your favorite podcasts.
The normal AI wonders and promises that powered Nvidia stock (NVDA) to record highs may not do the trick in ge…",nvidia stock heres potential catalyst article listen subscribe opening bid apple podcasts spotify amazon music youtube favorite podcasts normal wonders promises powered nvidia stock nvda record highs trick,2025-03-19 13:07:08+00:00,2
Apple stock,"Amazon’s giant $400 price drop on the upgraded 24GB M3 MacBook Air is back at $1,099 ($600 off the orig. price)","Update 3/19: Amazon’s stock on the heavily discounted 13-inch M3 MacBook Air with 24GTB of RAM and the 512GB SSD is now live again down at $1,099 (Reg. $1,499, Orig. $1,699). Details below in the original post. 



<ul>
<li>13-inch M3 MacBook Air 24GB/512GB $…",2025-03-19 12:45:32+00:00,9to5Toys,http://9to5toys.com/2025/03/19/amazon-upgraded-24gb-m3-macbook-air/,"Amazon’s giant $400 price drop on the upgraded 24GB M3 MacBook Air is back at $1,099 ($600 off the orig. price) Update 3/19: Amazon’s stock on the heavily discounted 13-inch M3 MacBook Air with 24GTB of RAM and the 512GB SSD is now live again down at $1,099 (Reg. $1,499, Orig. $1,699). Details below in the original post. 



<ul>
<li>13-inch M3 MacBook Air 24GB/512GB $…",amazons giant price drop upgraded macbook air orig price update amazons stock heavily discounted inch macbook air gtb ram ssd live reg orig details original post liinch macbook air gbgb,2025-03-19 12:45:32+00:00,1
Apple stock,"Save a massive $774 on Apple’s latest 36GB M4 Max MacBook Pro (open-box, 1-yr. warranty), or $350 off brand new","While we are still tracking a series of 2025 Amazon lows on various M4 MacBook Pro configurations (you’ll find those below), those looking for some serious power can now score a sweet deal on the M4 Max setup. Firstly, Apple’s most affordable stock M4 Max con…",2025-03-19 12:22:19+00:00,9to5Toys,http://9to5toys.com/2025/03/19/apple-latset-36gb-m4-max-macbook-pro/,"Save a massive $774 on Apple’s latest 36GB M4 Max MacBook Pro (open-box, 1-yr. warranty), or $350 off brand new While we are still tracking a series of 2025 Amazon lows on various M4 MacBook Pro configurations (you’ll find those below), those looking for some serious power can now score a sweet deal on the M4 Max setup. Firstly, Apple’s most affordable stock M4 Max con…",save massive apples latest max macbook pro openbox warranty brand new tracking series amazon lows various macbook pro configurations youll looking power score sweet deal max setup firstly apples affordable stock max,2025-03-19 12:22:19+00:00,1
Apple stock,Innovation thoughts,"THE GOD DEVICE GOD MONEY Goals? Financial Goals? A reason to live? 10% perpetual dividend Macro view . Genius with simple names! Free, free markets, let it ride! 2.4% of all Bitcoin in existence . Lever, leverage Bitcoin personal capital . Free, freedom ,,, l…",2025-03-19 12:03:44+00:00,Erickimphotography.com,https://erickimphotography.com/blog/2025/03/19/innovation-thoughts-4/,"Innovation thoughts THE GOD DEVICE GOD MONEY Goals? Financial Goals? A reason to live? 10% perpetual dividend Macro view . Genius with simple names! Free, free markets, let it ride! 2.4% of all Bitcoin in existence . Lever, leverage Bitcoin personal capital . Free, freedom ,,, l…",innovation thoughts god device god money goals financial goals reason live perpetual dividend macro view genius simple names free free markets let ride bitcoin existence lever leverage bitcoin personal capital free freedom,2025-03-19 12:03:44+00:00,2
Apple stock,Apple is having a rough 2025 so far. But it’s not all doom and gloom | CNN Business,"When Apple unveiled its revamped Siri last June, the company called it “the start of a new era” for the 13-year-old digital helper. It demonstrated how the virtual assistant would be able to cross-reference a user’s emails, texts and real-time flight data to …",2025-03-19 11:39:16+00:00,CNN,https://www.cnn.com/2025/03/19/tech/apple-iphone-siri-delay/index.html,"Apple is having a rough 2025 so far. But it’s not all doom and gloom | CNN Business When Apple unveiled its revamped Siri last June, the company called it “the start of a new era” for the 13-year-old digital helper. It demonstrated how the virtual assistant would be able to cross-reference a user’s emails, texts and real-time flight data to …",apple having rough far doom gloom cnn business apple unveiled revamped siri june company called start new era yearold digital helper demonstrated virtual assistant able crossreference users emails texts realtime flight data,2025-03-19 11:39:16+00:00,4
Apple stock,The Rise Of Brooklyn: A Real Estate Supercycle In The Making,"Real estate nationwide could enter a supercycle soon, and nowhere more than in Brooklyn will it be felt.",2025-03-19 11:15:00+00:00,Forbes,https://www.forbes.com/councils/forbesfinancecouncil/2025/03/19/the-rise-of-brooklyn-a-real-estate-supercycle-in-the-making/,"The Rise Of Brooklyn: A Real Estate Supercycle In The Making Real estate nationwide could enter a supercycle soon, and nowhere more than in Brooklyn will it be felt.",rise brooklyn real estate supercycle making real estate nationwide enter supercycle soon brooklyn felt,2025-03-19 11:15:00+00:00,-1
Apple stock,Nvidia's GTC keynote inevitably went all in on AI but I'm definitely here for the Isaac GR00T robots,"AI for your job, your storage, your factories, and your little robot too.",2025-03-19 10:25:44+00:00,PC Gamer,https://www.pcgamer.com/hardware/nvidias-gtc-keynote-inevitably-went-all-in-on-ai-but-im-definitely-here-for-the-isaac-gr00t-robots/,"Nvidia's GTC keynote inevitably went all in on AI but I'm definitely here for the Isaac GR00T robots AI for your job, your storage, your factories, and your little robot too.",nvidias gtc keynote inevitably went definitely isaac grt robots job storage factories little robot,2025-03-19 10:25:44+00:00,2
Apple stock,Could ‘play credits’ be a step forward for music streaming?,"The big music services may be trying new ‘artist-centric’ ways of calculating their payouts, but there’s no change for the way things work for listeners: you pay your monthly subscription and get unlimited access to their entire catalogues. But could that sys…",2025-03-19 10:14:08+00:00,Music Ally,http://musically.com/2025/03/19/could-play-credits-be-a-step-forward-for-music-streaming/,"Could ‘play credits’ be a step forward for music streaming? The big music services may be trying new ‘artist-centric’ ways of calculating their payouts, but there’s no change for the way things work for listeners: you pay your monthly subscription and get unlimited access to their entire catalogues. But could that sys…",play credits step forward music streaming big music services trying new artistcentric ways calculating payouts theres change way things work listeners pay monthly subscription unlimited access entire catalogues sys,2025-03-19 10:14:08+00:00,-1
Apple stock,‘Don’t get sidetracked by the headlines’: Betterment CEO Sarah Levy offers her investing advice,"In volatile times, Levy says staying the course—and eating your spinach—might be the smartest move.

Recent market swings are causing whiplash for everyday investors. Sarah Levy, CEO of the digital investment platform Betterment, offers her advice during this…",2025-03-19 09:04:00+00:00,Fast Company,https://www.fastcompany.com/91301214/dont-get-sidetracked-by-the-headlines-betterment-ceo-sarah-levy-offers-her-investing-advice,"‘Don’t get sidetracked by the headlines’: Betterment CEO Sarah Levy offers her investing advice In volatile times, Levy says staying the course—and eating your spinach—might be the smartest move.

Recent market swings are causing whiplash for everyday investors. Sarah Levy, CEO of the digital investment platform Betterment, offers her advice during this…",dont sidetracked headlines betterment ceo sarah levy offers investing advice volatile times levy says staying courseand eating spinachmight smartest recent market swings causing whiplash everyday investors sarah levy ceo digital investment platform betterment offers advice,2025-03-19 09:04:00+00:00,2
Apple stock,Apple is becoming a utility. That's hard for fanboys to take.,"Apple's utility-like evolution keeps iPhone sales steady, driving massive market value growth, even as AI delays leave fanboys disappointed.",2025-03-19 09:00:01+00:00,Business Insider,https://www.businessinsider.com/apple-becoming-utility-iphone-fanboys-2025-3,"Apple is becoming a utility. That's hard for fanboys to take. Apple's utility-like evolution keeps iPhone sales steady, driving massive market value growth, even as AI delays leave fanboys disappointed.",apple utility thats hard fanboys apples utilitylike evolution keeps iphone sales steady driving massive market value growth delays leave fanboys disappointed,2025-03-19 09:00:01+00:00,0
Apple stock,"I'm a Tesla investor and I've got millions in the company. I think Elon Musk is key to Tesla's success, but it can endure without him.",Tesla stocks make up about a fifth of Christopher Tsai's $137 million portfolio.,2025-03-19 08:35:49+00:00,Business Insider,https://www.businessinsider.com/tesla-investor-says-tesla-can-endure-without-elon-musk-2025-3,"I'm a Tesla investor and I've got millions in the company. I think Elon Musk is key to Tesla's success, but it can endure without him. Tesla stocks make up about a fifth of Christopher Tsai's $137 million portfolio.",tesla investor ive got millions company think elon musk key teslas success endure tesla stocks make fifth christopher tsais million portfolio,2025-03-19 08:35:49+00:00,17
Apple stock,Elon Musk is MIA as a CEO. He's not alone.,CEOs throughout the country are neglecting their jobs. America is paying the price.,2025-03-19 08:05:01+00:00,Business Insider,https://www.businessinsider.com/elon-musk-tesla-stock-absentee-ceos-silent-epidemic-2025-3,Elon Musk is MIA as a CEO. He's not alone. CEOs throughout the country are neglecting their jobs. America is paying the price.,elon musk mia ceo hes ceos country neglecting jobs america paying price,2025-03-19 08:05:01+00:00,17
Apple stock,China markets are set to outperform Wall Street as U.S. 'exceptionalism' comes to a pause,"Chinese markets' rally has been gaining steam, and market watchers are expecting it to outperform its American counterparts as U.S. exceptionalism sputters.",2025-03-19 07:07:57+00:00,CNBC,https://www.cnbc.com/2025/03/19/china-markets-to-outperform-wall-street-as-american-exceptionalism-pauses.html,"China markets are set to outperform Wall Street as U.S. 'exceptionalism' comes to a pause Chinese markets' rally has been gaining steam, and market watchers are expecting it to outperform its American counterparts as U.S. exceptionalism sputters.",china markets set outperform wall street exceptionalism comes pause chinese markets rally gaining steam market watchers expecting outperform american counterparts exceptionalism sputters,2025-03-19 07:07:57+00:00,2
Apple stock,The Meaning Of Privacy,"Structures of surveillance have their roots within the infrastructure of our commercial sector and government. This is not new, but the government’s audacity has grown monstrous with the recent example of Mahmoud Khalil and the blatant disregard for the most …",2025-03-19 05:55:32+00:00,CounterPunch,https://www.counterpunch.org/2025/03/19/the-meaning-of-privacy/,"The Meaning Of Privacy Structures of surveillance have their roots within the infrastructure of our commercial sector and government. This is not new, but the government’s audacity has grown monstrous with the recent example of Mahmoud Khalil and the blatant disregard for the most …",meaning privacy structures surveillance roots infrastructure commercial sector government new governments audacity grown monstrous recent example mahmoud khalil blatant disregard,2025-03-19 05:55:32+00:00,-1
Apple stock,Samsung CEO says company considering deals as it struggles for growth,"Samsung Electronics aims to drive growth amid tough questions from shareholders over its recent performance. Challenges include lagging rivals in advanced memory chips and manufacturing, causing weak earnings and share prices. The company plans meaningful mer…",2025-03-19 01:28:11+00:00,The Times of India,https://economictimes.indiatimes.com/news/international/business/samsung-ceo-says-company-considering-deals-as-it-struggles-for-growth/articleshow/119185083.cms,"Samsung CEO says company considering deals as it struggles for growth Samsung Electronics aims to drive growth amid tough questions from shareholders over its recent performance. Challenges include lagging rivals in advanced memory chips and manufacturing, causing weak earnings and share prices. The company plans meaningful mer…",samsung ceo says company considering deals struggles growth samsung electronics aims drive growth amid tough questions shareholders recent performance challenges include lagging rivals advanced memory chips manufacturing causing weak earnings share prices company plans meaningful mer,2025-03-19 01:28:11+00:00,-1
Apple stock,Samsung CEO says company considering deals as it struggles for growth,SEOUL :Samsung Electronics said on Wednesday it is looking to drive growth as it faced tough questions from shareholders after its failure to ride an artificial intelligence boom made it one of the worst-performing tech stocks last year.The South Korean firm …,2025-03-19 00:47:08+00:00,CNA,https://www.channelnewsasia.com/business/samsung-ceo-says-company-will-pursue-deals-it-struggles-growth-5009556,Samsung CEO says company considering deals as it struggles for growth SEOUL :Samsung Electronics said on Wednesday it is looking to drive growth as it faced tough questions from shareholders after its failure to ride an artificial intelligence boom made it one of the worst-performing tech stocks last year.The South Korean firm …,samsung ceo says company considering deals struggles growth seoul samsung electronics said wednesday looking drive growth faced tough questions shareholders failure ride artificial intelligence boom worstperforming tech stocks yearthe south korean firm,2025-03-19 00:47:08+00:00,-1
Apple stock,Samsung CEO says company will pursue deals as it struggles for growth,"SUWON, South Korea (Reuters) -Samsung Electronics said on Wednesday it is looking at major deals to drive growth as it faced tough questions from...",2025-03-19 00:45:39+00:00,Yahoo Entertainment,https://finance.yahoo.com/news/samsung-electronics-ceo-says-pursue-004539043.html,"Samsung CEO says company will pursue deals as it struggles for growth SUWON, South Korea (Reuters) -Samsung Electronics said on Wednesday it is looking at major deals to drive growth as it faced tough questions from...",samsung ceo says company pursue deals struggles growth suwon south korea reuters samsung electronics said wednesday looking major deals drive growth faced tough questions,2025-03-19 00:45:39+00:00,-1
Apple stock,Battle of the dirt-cheap tablets: Amazon Fire HD 8 vs. Walmart Onn 8,"Apple’s iPads get all the headlines, and with good reason: They’ve long been considered the best tablets for most people. But none of them come cheap. For folks on a tighter budget, I’ve spent the last few weeks testing a couple of 8-inch slates on the dirt-c…",2025-03-18 23:13:35+00:00,Slashdot.org,https://slashdot.org/firehose.pl?op=view&amp;id=176766023,"Battle of the dirt-cheap tablets: Amazon Fire HD 8 vs. Walmart Onn 8 Apple’s iPads get all the headlines, and with good reason: They’ve long been considered the best tablets for most people. But none of them come cheap. For folks on a tighter budget, I’ve spent the last few weeks testing a couple of 8-inch slates on the dirt-c…",battle dirtcheap tablets amazon walmart onn apples ipads headlines good reason theyve long considered best tablets people come cheap folks tighter budget ive spent weeks testing couple inch slates dirtc,2025-03-18 23:13:35+00:00,5
Apple stock,Here's How Much You Would Have Made Owning Apple Stock In The Last 10 Years,"Apple (NASDAQ:AAPL) has outperformed the market over the past 10 years by 10.59% on an annualized basis producing an average annual return of 20.98%. Currently, Apple has a market capitalization of $3.19 trillion. 
Buying $100 In AAPL: If an ...
Full story av…",2025-03-18 22:53:17+00:00,Biztoc.com,https://biztoc.com/x/af973d96f075449f,"Here's How Much You Would Have Made Owning Apple Stock In The Last 10 Years Apple (NASDAQ:AAPL) has outperformed the market over the past 10 years by 10.59% on an annualized basis producing an average annual return of 20.98%. Currently, Apple has a market capitalization of $3.19 trillion. 
Buying $100 In AAPL: If an ...
Full story av…",heres owning apple stock years apple nasdaqaapl outperformed market past years annualized basis producing average annual return currently apple market capitalization trillion buying aapl story,2025-03-18 22:53:17+00:00,3
Apple stock,4-Pack 60W Sylvania Wi-Fi LED Smart Light Bulbs (Full Color A19) $11.35,"https://www.amazon.com/dp/B088G2B48D 
 
Appears to be their lowest price ever. 
 
*SYLVANIA Wifi LED Smart Light Bulb, 60W Equivalent Full Color and Tunable White A19, Dimmable, Compatible with Alexa...",2025-03-18 22:50:41+00:00,Slickdeals.net,https://slickdeals.net/f/18185893-4-pack-60w-sylvania-wi-fi-led-smart-light-bulbs-full-color-a19-11-35?utm_source=rss&utm_content=fp&utm_medium=RSS2,"4-Pack 60W Sylvania Wi-Fi LED Smart Light Bulbs (Full Color A19) $11.35 https://www.amazon.com/dp/B088G2B48D 
 
Appears to be their lowest price ever. 
 
*SYLVANIA Wifi LED Smart Light Bulb, 60W Equivalent Full Color and Tunable White A19, Dimmable, Compatible with Alexa...",pack sylvania wifi led smart light bulbs color appears lowest price sylvania wifi led smart light bulb equivalent color tunable white dimmable compatible alexa,2025-03-18 22:50:41+00:00,-1
Apple stock,"‘Tesla tax’ costing NYC drivers up to $1,000 extra to park their cars each month: sources","""So if a parking garage is paying additional insurance because it regularly houses a car worth $500k, the threshold for insurance is greater than it is if insuring a $50k car.""",2025-03-18 21:47:05+00:00,New York Post,https://nypost.com/2025/03/18/us-news/tesla-tax-costing-nyc-drivers-up-to-1000-extra-per-month-sources/,"‘Tesla tax’ costing NYC drivers up to $1,000 extra to park their cars each month: sources ""So if a parking garage is paying additional insurance because it regularly houses a car worth $500k, the threshold for insurance is greater than it is if insuring a $50k car.""",tesla tax costing nyc drivers extra park cars month sources parking garage paying additional insurance regularly houses car worth threshold insurance greater insuring car,2025-03-18 21:47:05+00:00,17
Apple stock,"Lectric celebrates March Madness with free $643 tailgate-ready bundles on its XP 3.0 e-bikes from $999, more","With it officially being the start of March Madness, Lectric is launching its Nothin’ But Net Sale with continued offers from its spring savings events on top of increasing bundles once again and offering some new price cuts (XPeak 2.0). Following the trend w…",2025-03-18 20:22:13+00:00,9to5Toys,http://9to5toys.com/2025/03/18/lectric-free-643-bundles-on-xp-3-0-e-bikes-from-999/,"Lectric celebrates March Madness with free $643 tailgate-ready bundles on its XP 3.0 e-bikes from $999, more With it officially being the start of March Madness, Lectric is launching its Nothin’ But Net Sale with continued offers from its spring savings events on top of increasing bundles once again and offering some new price cuts (XPeak 2.0). Following the trend w…",lectric celebrates march madness free tailgateready bundles ebikes officially start march madness lectric launching nothin net sale continued offers spring savings events increasing bundles offering new price cuts xpeak following trend,2025-03-18 20:22:13+00:00,-1
Apple stock,"Telus, Nvidia announce plans to develop ’sovereign AI factory’ in Quebec",VANCOUVER — Canadian telecommunications giant Telus Corp. and United States artificial intelligence tech heavyweight Nvidia Corp. have announced plans to build what they call a “sovereign AI factory” in eastern Quebec. The companies say they will provide Cana…,2025-03-18 20:02:12+00:00,Financial Post,https://financialpost.com/pmn/telus-nvidia-develop-sovereign-ai-factory-quebec,"Telus, Nvidia announce plans to develop ’sovereign AI factory’ in Quebec VANCOUVER — Canadian telecommunications giant Telus Corp. and United States artificial intelligence tech heavyweight Nvidia Corp. have announced plans to build what they call a “sovereign AI factory” in eastern Quebec. The companies say they will provide Cana…",telus nvidia announce plans develop sovereign factory quebec vancouver canadian telecommunications giant telus corp united states artificial intelligence tech heavyweight nvidia corp announced plans build sovereign factory eastern quebec companies say provide cana,2025-03-18 20:02:12+00:00,2
Apple stock,"Telus, Nvidia announce plans to develop ’sovereign AI factory’ in Quebec","Telus Corp. and Nvidia Corp. announced plans to build what they call a ""sovereign AI factory"" in eastern Quebec. Find out more.",2025-03-18 20:02:12+00:00,Financial Post,https://financialpost.com/technology/telus-nvidia-develop-sovereign-ai-factory-quebec,"Telus, Nvidia announce plans to develop ’sovereign AI factory’ in Quebec Telus Corp. and Nvidia Corp. announced plans to build what they call a ""sovereign AI factory"" in eastern Quebec. Find out more.",telus nvidia announce plans develop sovereign factory quebec telus corp nvidia corp announced plans build sovereign factory eastern quebec,2025-03-18 20:02:12+00:00,2
Apple stock,"Telus, Nvidia announce plans to develop ‘sovereign AI factory’ in Quebec",VANCOUVER — Canadian telecommunications giant Telus and U.S. artificial intelligence tech heavyweight Nvidia have announced plans to build what they call a “sovereign AI factory” in eastern Quebec. The companies say they will provide Canadian businesses and r…,2025-03-18 20:02:12+00:00,Financial Post,https://financialpost.com/pmn/telus-nvidia-announce-plans-to-develop-sovereign-ai-factory-in-quebec,"Telus, Nvidia announce plans to develop ‘sovereign AI factory’ in Quebec VANCOUVER — Canadian telecommunications giant Telus and U.S. artificial intelligence tech heavyweight Nvidia have announced plans to build what they call a “sovereign AI factory” in eastern Quebec. The companies say they will provide Canadian businesses and r…",telus nvidia announce plans develop sovereign factory quebec vancouver canadian telecommunications giant telus artificial intelligence tech heavyweight nvidia announced plans build sovereign factory eastern quebec companies say provide canadian businesses,2025-03-18 20:02:12+00:00,2
Apple stock,Elon Musk's Brother Sells $27 Million Worth of Tesla Stock,"While Kimball Musk still owns a substantial amount of stock in the company, he sold nearly $30 million last month.",2025-03-18 19:41:10+00:00,Newsweek,https://www.newsweek.com/elon-musks-brother-sells-27-million-worth-tesla-stock-2046659,"Elon Musk's Brother Sells $27 Million Worth of Tesla Stock While Kimball Musk still owns a substantial amount of stock in the company, he sold nearly $30 million last month.",elon musks brother sells million worth tesla stock kimball musk owns substantial stock company sold nearly million month,2025-03-18 19:41:10+00:00,17
Apple stock,YouTuber Mark Rober’s Tesla Autopilot ‘crash test’ sparks hoax accusations: ‘Should sue the pants off this guy’,"In his recent YouTube video, Mark Rober's Tesla Model Y crashed through a Wile E. Coyote-style wall after its Autopilot feature seemingly failed to detect a roadblock.",2025-03-18 19:39:50+00:00,New York Post,https://nypost.com/2025/03/18/business/youtuber-mark-robers-tesla-crash-test-sparks-hoax-accusations/,"YouTuber Mark Rober’s Tesla Autopilot ‘crash test’ sparks hoax accusations: ‘Should sue the pants off this guy’ In his recent YouTube video, Mark Rober's Tesla Model Y crashed through a Wile E. Coyote-style wall after its Autopilot feature seemingly failed to detect a roadblock.",youtuber mark robers tesla autopilot crash test sparks hoax accusations sue pants guy recent youtube video mark robers tesla model crashed wile coyotestyle wall autopilot feature seemingly failed detect roadblock,2025-03-18 19:39:50+00:00,17
Apple stock,Save $800 on 14″ M3 Pro MacBook Pro 36/512GB at Amazon,"If you have been planning to buy a pro-level Apple laptop, now is your chance! Amazon is offering a massive 31% discount on a 14-inch MacBook Pro M3 Pro with 36GB RAM and 512GB SSD. You can take it home for just $1,799—that's a whopping $800 off right away. I…",2025-03-18 19:33:10+00:00,The Mac Observer,https://www.macobserver.com/deals/save-800-on-14-m3-pro-macbook-pro-36-512gb-at-amazon/,"Save $800 on 14″ M3 Pro MacBook Pro 36/512GB at Amazon If you have been planning to buy a pro-level Apple laptop, now is your chance! Amazon is offering a massive 31% discount on a 14-inch MacBook Pro M3 Pro with 36GB RAM and 512GB SSD. You can take it home for just $1,799—that's a whopping $800 off right away. I…",save pro macbook pro amazon planning buy prolevel apple laptop chance amazon offering massive discount inch macbook pro pro ram ssd home just thats whopping right away,2025-03-18 19:33:10+00:00,1
Apple stock,The 'Magnificent 7' stocks are having their worst quarter in more than 2 years,The Magnificent Seven stocks are having their worst quarter in more than two years — and are dragging down the S&P 500 with them.,2025-03-18 19:03:35+00:00,Yahoo Entertainment,https://finance.yahoo.com/news/the-magnificent-7-stocks-are-having-their-worst-quarter-in-more-than-2-years-190335944.html,The 'Magnificent 7' stocks are having their worst quarter in more than 2 years The Magnificent Seven stocks are having their worst quarter in more than two years — and are dragging down the S&P 500 with them.,magnificent stocks having worst quarter years magnificent seven stocks having worst quarter years dragging,2025-03-18 19:03:35+00:00,2
Apple stock,Kroger Weekly Ad: 3/19-3/25,"Here is a list of the deals from the new Kroger weekly ad that will start on 3/19. Get Kroger cheese for $2.99, ground turkey for $3.49, and more. Weekly Digital Deals Kroger Cheese, 12-16 oz, $2.99 with eCoupon, limit 5 DiGiorno Pizza or Totino's Pizza Rolls…",2025-03-18 19:00:55+00:00,Southernsavers.com,https://www.southernsavers.com/kroger-weekly-ad-319-325/,"Kroger Weekly Ad: 3/19-3/25 Here is a list of the deals from the new Kroger weekly ad that will start on 3/19. Get Kroger cheese for $2.99, ground turkey for $3.49, and more. Weekly Digital Deals Kroger Cheese, 12-16 oz, $2.99 with eCoupon, limit 5 DiGiorno Pizza or Totino's Pizza Rolls…",kroger weekly list deals new kroger weekly start kroger cheese ground turkey weekly digital deals kroger cheese ecoupon limit digiorno pizza totinos pizza rolls,2025-03-18 19:00:55+00:00,14
Apple stock,Apple market cap plummets nearly $700 billion since December 26th,"Apple (AAPL) stock drop has erased over $700 billion from the company’s market capitalization as investors assess the company’s ability to…
The post Apple market cap plummets nearly $700 billion since December 26th appeared first on MacDailyNews.",2025-03-18 18:26:33+00:00,Macdailynews.com,https://macdailynews.com/2025/03/18/apple-market-cap-plummets-nearly-700-billion-since-december-26th/,"Apple market cap plummets nearly $700 billion since December 26th Apple (AAPL) stock drop has erased over $700 billion from the company’s market capitalization as investors assess the company’s ability to…
The post Apple market cap plummets nearly $700 billion since December 26th appeared first on MacDailyNews.",apple market cap plummets nearly billion december apple aapl stock drop erased billion companys market capitalization investors assess companys ability post apple market cap plummets nearly billion december appeared macdailynews,2025-03-18 18:26:33+00:00,3
Apple stock,Both sizes of the latest official blue Apple Watch Trail Loop now at the $79 all-time low,"Many of the models and sizes in the ongoing Amazon Apple Watch band sale are still in-stock, with several of the official Apple 2024 models now sitting down at the best prices to date. That said, we wanted to give the latest official Apple Trail Loop in Blue …",2025-03-18 18:16:58+00:00,9to5Toys,http://9to5toys.com/2025/03/18/latest-official-blue-apple-watch-trail-loop/,"Both sizes of the latest official blue Apple Watch Trail Loop now at the $79 all-time low Many of the models and sizes in the ongoing Amazon Apple Watch band sale are still in-stock, with several of the official Apple 2024 models now sitting down at the best prices to date. That said, we wanted to give the latest official Apple Trail Loop in Blue …",sizes latest official blue apple watch trail loop alltime low models sizes ongoing amazon apple watch band sale instock official apple models sitting best prices date said wanted latest official apple trail loop blue,2025-03-18 18:16:58+00:00,-1
Apple stock,Apple stock rout shaves nearly $700 billion from market cap since record close,"Apple stock has fallen roughly 18% from its record close in December, shedding more than $700 billion off of the iPhone maker’s market cap as investors...",2025-03-18 17:06:17+00:00,Yahoo Entertainment,https://finance.yahoo.com/news/apple-stock-rout-shaves-nearly-700-billion-from-market-cap-since-record-close-170617877.html,"Apple stock rout shaves nearly $700 billion from market cap since record close Apple stock has fallen roughly 18% from its record close in December, shedding more than $700 billion off of the iPhone maker’s market cap as investors...",apple stock rout shaves nearly billion market cap record close apple stock fallen roughly record close december shedding billion iphone makers market cap investors,2025-03-18 17:06:17+00:00,3
Apple stock,Metaplanet buys the dip with 150-BTC purchase,"Metaplanet, a Japanese Bitcoin treasury company, has purchased an additional 150 Bitcoin (BTC), bringing it one step closer to its plan of acquiring 21,000 BTC by 2026. The March 18 purchase cost an aggregate 1.88 billion yen ($12.6 million) or $83,671 per Bi…",2025-03-18 16:29:42+00:00,Cointelegraph,https://cointelegraph.com/news/metaplanet-buys-dip-150-btc-purchase,"Metaplanet buys the dip with 150-BTC purchase Metaplanet, a Japanese Bitcoin treasury company, has purchased an additional 150 Bitcoin (BTC), bringing it one step closer to its plan of acquiring 21,000 BTC by 2026. The March 18 purchase cost an aggregate 1.88 billion yen ($12.6 million) or $83,671 per Bi…",metaplanet buys dip btc purchase metaplanet japanese bitcoin treasury company purchased additional bitcoin btc bringing step closer plan acquiring btc march purchase cost aggregate billion yen million,2025-03-18 16:29:42+00:00,-1
Apple stock,Stop Videos From Looping in the Photos App,"Have you noticed your iPhone videos keep playing on repeat in the Photos app? Since Apple's iOS 18.2 update, the stock Photos app automatically replays videos until you manually pause them – a feature that might be fine at first but can quickly become annoyin…",2025-03-18 15:53:02+00:00,MacRumors,https://www.macrumors.com/how-to/stop-videos-looping-ios-photos-app/,"Stop Videos From Looping in the Photos App Have you noticed your iPhone videos keep playing on repeat in the Photos app? Since Apple's iOS 18.2 update, the stock Photos app automatically replays videos until you manually pause them – a feature that might be fine at first but can quickly become annoyin…",stop videos looping photos app noticed iphone videos playing repeat photos app apples ios update stock photos app automatically replays videos manually pause feature fine quickly annoyin,2025-03-18 15:53:02+00:00,0
Apple stock,iPad mini 7 sale saves you $100,"Save on Apple’s most portable tablet. A new iPad mini deal on the 7th-gen tablet knocks as much as 20% off the cost. 
(via Cult of Mac - Apple news, rumors, reviews and how-tos)",2025-03-18 15:45:58+00:00,Cult of Mac,https://www.cultofmac.com/deals/ipad-mini-deal,"iPad mini 7 sale saves you $100 Save on Apple’s most portable tablet. A new iPad mini deal on the 7th-gen tablet knocks as much as 20% off the cost. 
(via Cult of Mac - Apple news, rumors, reviews and how-tos)",ipad mini sale saves save apples portable tablet new ipad mini deal thgen tablet knocks cost cult mac apple news rumors reviews howtos,2025-03-18 15:45:58+00:00,5
Apple stock,"Deals: 24GB/1TB M4 Pro MacBook Pro $270 off, M3 iPad Air $549 low, Apple Pencil Pro, Find My tumbler, more","Now sitting alongside the ongoing $100 price drops on the latest M4 Mac mini as well as the iPad mini 7, Amazon has dropped the prices again on the most affordable new M3 iPad Air models – you’ll now find straight up cash deals from $549. All of that joins th…",2025-03-18 15:45:46+00:00,9to5Mac,https://9to5mac.com/2025/03/18/deals-m4-pro-macbook-pro-m3-ipad-air-apple-pencil-pro/,"Deals: 24GB/1TB M4 Pro MacBook Pro $270 off, M3 iPad Air $549 low, Apple Pencil Pro, Find My tumbler, more Now sitting alongside the ongoing $100 price drops on the latest M4 Mac mini as well as the iPad mini 7, Amazon has dropped the prices again on the most affordable new M3 iPad Air models – you’ll now find straight up cash deals from $549. All of that joins th…",deals gbtb pro macbook pro ipad air low apple pencil pro tumbler sitting alongside ongoing price drops latest mac mini ipad mini amazon dropped prices affordable new ipad air models youll straight cash deals joins,2025-03-18 15:45:46+00:00,5
Apple stock,Berkshire Hathaway is having a gangbusters year after Warren Buffett stashed cash just in time,Buffett had plenty of cash to weather a volatile time on Wall Street as markets tumbled,2025-03-18 15:40:00+00:00,Quartz India,https://qz.com/berkshire-hathaway-stashes-cash-1851770715,Berkshire Hathaway is having a gangbusters year after Warren Buffett stashed cash just in time Buffett had plenty of cash to weather a volatile time on Wall Street as markets tumbled,berkshire hathaway having gangbusters year warren buffett stashed cash just time buffett plenty cash weather volatile time wall street markets tumbled,2025-03-18 15:40:00+00:00,2
Apple stock,Evercore ups ‘tech staple’ Apple’s target price to $275 from $260,"On Tuesday, Evercore ISI released its fifth annual ""Apple Primer,"" providing an in-depth analysis of Apple and raising its price target…
The post Evercore ups ‘tech staple’ Apple’s target price to $275 from $260 appeared first on MacDailyNews.",2025-03-18 15:02:51+00:00,Macdailynews.com,https://macdailynews.com/2025/03/18/evercore-ups-tech-staple-apples-target-price-to-275-from-260/,"Evercore ups ‘tech staple’ Apple’s target price to $275 from $260 On Tuesday, Evercore ISI released its fifth annual ""Apple Primer,"" providing an in-depth analysis of Apple and raising its price target…
The post Evercore ups ‘tech staple’ Apple’s target price to $275 from $260 appeared first on MacDailyNews.",evercore ups tech staple apples target price tuesday evercore isi released fifth annual apple primer providing indepth analysis apple raising price target post evercore ups tech staple apples target price appeared macdailynews,2025-03-18 15:02:51+00:00,-1
Apple stock,"The best Apple deals ahead of Amazon's Spring Sale: iPhones, Apple Watches, iPads, and more",We found the best deals on Apple gadgets across retailers before Amazon's Big Spring Sale next week. Here are our favorites.,2025-03-18 14:41:00+00:00,ZDNet,https://www.zdnet.com/article/apple-deals-amazon-big-spring-sale/,"The best Apple deals ahead of Amazon's Spring Sale: iPhones, Apple Watches, iPads, and more We found the best deals on Apple gadgets across retailers before Amazon's Big Spring Sale next week. Here are our favorites.",best apple deals ahead amazons spring sale iphones apple watches ipads best deals apple gadgets retailers amazons big spring sale week favorites,2025-03-18 14:41:00+00:00,14
Apple stock,Watch live: Nvidia CEO Jensen Huang introduces new AI chips at the GTC,All eyes will be on Nvidia (NVDA) chief executive Jensen Huang today as he shares more about the chipmaker’s next artificial intelligence chips.Read more...,2025-03-18 14:15:00+00:00,Quartz India,https://qz.com/nvidia-ceo-jensen-huang-gtc-blackwell-rubin-ai-chips-1851770700,Watch live: Nvidia CEO Jensen Huang introduces new AI chips at the GTC All eyes will be on Nvidia (NVDA) chief executive Jensen Huang today as he shares more about the chipmaker’s next artificial intelligence chips.Read more...,watch live nvidia ceo jensen huang introduces new chips gtc eyes nvidia nvda chief executive jensen huang today shares chipmakers artificial intelligence chipsread,2025-03-18 14:15:00+00:00,2
Apple stock,"We Are On The Verge Of Completing An Impressive Trifecta: A Stock Market ‘Correction’, A Global Trade War And A Government Shutdown All At The Same Time","We certainly do live in “interesting” times.  In all my years of writing, I have never seen a stock market correction, a global trade war and a government shutdown all happen at the same time.  If the federal government does indeed shut down on Friday, we wil…",2025-03-18 14:00:00+00:00,Activistpost.com,https://www.activistpost.com/we-are-on-the-verge-of-completing-an-impressive-trifecta-a-stock-market-correction-a-global-trade-war-and-a-government-shutdown-all-at-the-same-time/,"We Are On The Verge Of Completing An Impressive Trifecta: A Stock Market ‘Correction’, A Global Trade War And A Government Shutdown All At The Same Time We certainly do live in “interesting” times.  In all my years of writing, I have never seen a stock market correction, a global trade war and a government shutdown all happen at the same time.  If the federal government does indeed shut down on Friday, we wil…",verge completing impressive trifecta stock market correction global trade war government shutdown time certainly live interesting times years writing seen stock market correction global trade war government shutdown happen time federal government does shut friday wil,2025-03-18 14:00:00+00:00,2
Apple stock,Lowe’s Amex Offer: Spend $200 & get $50 back (buy gift cards in-store),It’s Amex Member Week and as a result they released a slew of new Amex Offers yesterday. One of the most interesting ones is only available on business American Express cards – an offer giving $50 back on $200 spend at Lowe’s. Even if you don’t think you need…,2025-03-18 13:45:55+00:00,Frequentmiler.com,https://frequentmiler.com/lowes-amex-offer-spend-200-get-50-back-buy-gift-cards-in-store/,Lowe’s Amex Offer: Spend $200 & get $50 back (buy gift cards in-store) It’s Amex Member Week and as a result they released a slew of new Amex Offers yesterday. One of the most interesting ones is only available on business American Express cards – an offer giving $50 back on $200 spend at Lowe’s. Even if you don’t think you need…,lowes amex offer spend buy gift cards instore amex member week result released slew new amex offers yesterday interesting ones available business american express cards offer giving spend lowes dont think need,2025-03-18 13:45:55+00:00,14
Apple stock,Amazon announces Big Spring Sale 2025 dates: Shop the best early deals now,"Dates, what to shop and more — revealed.",2025-03-18 13:16:22+00:00,New York Post,https://nypost.com/2025/03/18/shopping/amazon-announces-big-spring-sale-2025-shop-early-deals-now/,"Amazon announces Big Spring Sale 2025 dates: Shop the best early deals now Dates, what to shop and more — revealed.",amazon announces big spring sale dates shop best early deals dates shop revealed,2025-03-18 13:16:22+00:00,14
Apple stock,Jim Cramer's top 10 things to watch in the stock market Tuesday,"Google makes largest acquisition to date, and Nvidia CEO Jensen Huang gives his big keynote at GTC.",2025-03-18 13:06:56+00:00,CNBC,https://www.cnbc.com/2025/03/18/jim-cramers-top-10-things-to-watch-in-the-stock-market-tuesday.html,"Jim Cramer's top 10 things to watch in the stock market Tuesday Google makes largest acquisition to date, and Nvidia CEO Jensen Huang gives his big keynote at GTC.",jim cramers things watch stock market tuesday google makes largest acquisition date nvidia ceo jensen huang gives big keynote gtc,2025-03-18 13:06:56+00:00,2
Apple stock,Why Nvidia stock holds the key to unlocking a rejuvenated market,"In This Article:
Listen and subscribe to Opening Bid on Apple Podcasts, Spotify, Amazon Music, YouTube, or wherever you find your favorite podcasts.
As Nvidia's (NVDA) stock goes, so goes the broader market.
""The near-term future of this market, for lack of a…",2025-03-18 13:01:07+00:00,Biztoc.com,https://biztoc.com/x/3cc1e68e6f342300,"Why Nvidia stock holds the key to unlocking a rejuvenated market In This Article:
Listen and subscribe to Opening Bid on Apple Podcasts, Spotify, Amazon Music, YouTube, or wherever you find your favorite podcasts.
As Nvidia's (NVDA) stock goes, so goes the broader market.
""The near-term future of this market, for lack of a…",nvidia stock holds key unlocking rejuvenated market article listen subscribe opening bid apple podcasts spotify amazon music youtube favorite podcasts nvidias nvda stock goes goes broader market nearterm future market lack,2025-03-18 13:01:07+00:00,2
Apple stock,Google to buy cybersecurity firm Wiz for $32 billion in the biggest deal in company’s history,Google owner Alphabet will buy cybersecurity firm Wiz for $32 billion — in a deal set to boost the tech giant’s in-house cloud computing amid burgeoning artifical intelligence growth.,2025-03-18 12:51:11+00:00,Boston Herald,https://www.bostonherald.com/2025/03/18/google-to-buy-cybersecurity-firm-wiz-for-32-billion-in-the-biggest-deal-in-companys-history/,Google to buy cybersecurity firm Wiz for $32 billion in the biggest deal in company’s history Google owner Alphabet will buy cybersecurity firm Wiz for $32 billion — in a deal set to boost the tech giant’s in-house cloud computing amid burgeoning artifical intelligence growth.,google buy cybersecurity firm wiz billion biggest deal companys history google owner alphabet buy cybersecurity firm wiz billion deal set boost tech giants inhouse cloud computing amid burgeoning artifical intelligence growth,2025-03-18 12:51:11+00:00,2
Apple stock,The Best Apple Watch for 2025,We’ve tested every Apple Watch and rounded up our picks for every need and every budget.,2025-03-18 12:00:00+00:00,CNET,https://www.cnet.com/tech/mobile/best-apple-watch/,The Best Apple Watch for 2025 We’ve tested every Apple Watch and rounded up our picks for every need and every budget.,best apple watch weve tested apple watch rounded picks need budget,2025-03-18 12:00:00+00:00,-1
Apple stock,"How GLP-1 Policy Fits Into Trump’s Greenland Strategy, And Five Other Health Tech Developments","What do pharmaceuticals have to do with Greenland? Perhaps no company is more important to its country than Novo Nordisk, whose market cap is close to Denmark’s GDP",2025-03-18 12:00:00+00:00,Forbes,https://www.forbes.com/sites/sethjoseph/2025/03/18/how-glp-1-policy-fits-into-trumps-greenland-strategy-and-five-other-health-tech-developments/,"How GLP-1 Policy Fits Into Trump’s Greenland Strategy, And Five Other Health Tech Developments What do pharmaceuticals have to do with Greenland? Perhaps no company is more important to its country than Novo Nordisk, whose market cap is close to Denmark’s GDP",glp policy fits trumps greenland strategy health tech developments pharmaceuticals greenland company important country novo nordisk market cap close denmarks gdp,2025-03-18 12:00:00+00:00,2
Apple stock,XPeng Stock Is Down After the EV Maker’s Big Earnings Beat. Here’s Why,,2025-03-18 11:43:12+00:00,Biztoc.com,https://biztoc.com/x/4ebef707b0bfbb12,XPeng Stock Is Down After the EV Maker’s Big Earnings Beat. Here’s Why ,xpeng stock makers big earnings beat heres,2025-03-18 11:43:12+00:00,2
Apple stock,German investor morale rises sharply in March as fiscal policy shift looms,,2025-03-18 11:43:06+00:00,Biztoc.com,https://biztoc.com/x/2066ba86dfb2b8d5,German investor morale rises sharply in March as fiscal policy shift looms ,german investor morale rises sharply march fiscal policy shift looms,2025-03-18 11:43:06+00:00,2
Apple stock,Moody's expects South Africa's coalition government to reach budget compromise,,2025-03-18 11:43:03+00:00,Biztoc.com,https://biztoc.com/x/cb9910fcb83fd714,Moody's expects South Africa's coalition government to reach budget compromise ,moodys expects south africas coalition government reach budget compromise,2025-03-18 11:43:03+00:00,2
Apple stock,"In 'very abnormal' development, longtime sponsors bail on San Francisco Pride",,2025-03-18 11:43:02+00:00,Biztoc.com,https://biztoc.com/x/1807eacb7f31b5b9,"In 'very abnormal' development, longtime sponsors bail on San Francisco Pride ",abnormal development longtime sponsors bail san francisco pride,2025-03-18 11:43:02+00:00,-1
Apple stock,Swiss Lawmakers Back Bank Regulation Changes After Credit Suisse,,2025-03-18 11:42:46+00:00,Biztoc.com,https://biztoc.com/x/8897289ef2a06937,Swiss Lawmakers Back Bank Regulation Changes After Credit Suisse ,swiss lawmakers bank regulation changes credit suisse,2025-03-18 11:42:46+00:00,-1
Apple stock,"S&P 500 Futures Fall in Premarket Trading; Sarepta Therapeutics, Trex Co Lag",,2025-03-18 11:42:36+00:00,Biztoc.com,https://biztoc.com/x/a0a3f9e5b0e747bf,"S&P 500 Futures Fall in Premarket Trading; Sarepta Therapeutics, Trex Co Lag ",futures fall premarket trading sarepta therapeutics trex lag,2025-03-18 11:42:36+00:00,2
Apple stock,"Sri Lanka's economy grew 5% in 2024, rebounding from crisis",,2025-03-18 11:42:35+00:00,Biztoc.com,https://biztoc.com/x/2ea6c0afca958681,"Sri Lanka's economy grew 5% in 2024, rebounding from crisis ",sri lankas economy grew rebounding crisis,2025-03-18 11:42:35+00:00,2
iPhone,iPhone 17 Is Months Away But iPhone 18 Pro Rumors Are Already Out,"Apple's future iPhone 18 Pro models are rumored to include several updates, according to industry analysts. The devices, which are approximately a year and a half from release, are the subject of early reports detailing probable hardware changes.



One proba…",2025-03-20 06:20:09+00:00,The Mac Observer,https://www.macobserver.com/news/iphone-17-is-months-away-but-iphone-18-pro-rumors-are-already-out/,"iPhone 17 Is Months Away But iPhone 18 Pro Rumors Are Already Out Apple's future iPhone 18 Pro models are rumored to include several updates, according to industry analysts. The devices, which are approximately a year and a half from release, are the subject of early reports detailing probable hardware changes.



One proba…",iphone months away iphone pro rumors apples future iphone pro models rumored include updates according industry analysts devices approximately year half release subject early reports detailing probable hardware changes proba,2025-03-20 06:20:09+00:00,0
iPhone,"Siri Can’t Even Tell Users What Month It Is, Things Getting Bad to Worse for Apple","Apple's Siri assistant is facing criticism from iPhone users who report it can't answer basic questions or perform simple tasks effectively. A popular Reddit post has brought attention to Siri's limitations, with one user highlighting a particularly glaring e…",2025-03-20 06:16:29+00:00,The Mac Observer,https://www.macobserver.com/news/siri-cant-even-tell-users-what-month-it-is-things-getting-bad-to-worse-for-apple/,"Siri Can’t Even Tell Users What Month It Is, Things Getting Bad to Worse for Apple Apple's Siri assistant is facing criticism from iPhone users who report it can't answer basic questions or perform simple tasks effectively. A popular Reddit post has brought attention to Siri's limitations, with one user highlighting a particularly glaring e…",siri tell users month things getting bad worse apple apples siri assistant facing criticism iphone users report answer basic questions perform simple tasks effectively popular reddit post brought attention siris limitations user highlighting particularly glaring,2025-03-20 06:16:29+00:00,4
iPhone,"[Android, Epic Games] Free - Super Meat Boy Forever Mobile @ Epic Games","New freebie from Epic games mobile. Available to claim now via Epic’s Android app and from Epic’s IOS app (EU only or if you are on IOS 17.4 or IOS 17.4.1 on iPhone)

Normally $1.60 on Epic, $1.49 on Android and $1.99 on IOS at the time of this post.

Note: T…",2025-03-20 06:16:12+00:00,Ozbargain.com.au,https://www.ozbargain.com.au/node/898487,"[Android, Epic Games] Free - Super Meat Boy Forever Mobile @ Epic Games New freebie from Epic games mobile. Available to claim now via Epic’s Android app and from Epic’s IOS app (EU only or if you are on IOS 17.4 or IOS 17.4.1 on iPhone)

Normally $1.60 on Epic, $1.49 on Android and $1.99 on IOS at the time of this post.

Note: T…",android epic games free super meat boy forever mobile epic games new freebie epic games mobile available claim epics android app epics ios app ios ios iphone normally epic android ios time post note,2025-03-20 06:16:12+00:00,-1
iPhone,"Siri has become an unmitigated disaster, and AI won’t save it","I know, I know. I’m late to the Siri Sucks party. In my defense, Siri’s degree of suck has increased. Siri never used to trip when asked what month it is. Apple’s designers nailed the glow effect though.







It’s not just that Siri has steadily fallen apar…",2025-03-20 06:01:02+00:00,9to5Mac,https://9to5mac.com/2025/03/19/siri-has-become-an-unmitigated-disaster-and-ai-wont-save-it/,"Siri has become an unmitigated disaster, and AI won’t save it I know, I know. I’m late to the Siri Sucks party. In my defense, Siri’s degree of suck has increased. Siri never used to trip when asked what month it is. Apple’s designers nailed the glow effect though.







It’s not just that Siri has steadily fallen apar…",siri unmitigated disaster wont save know know late siri sucks party defense siris degree suck increased siri used trip asked month apples designers nailed glow effect just siri steadily fallen apar,2025-03-20 06:01:02+00:00,4
iPhone,Karl Lagerfeld Brand and Borsalino Team on the Ultimate Summer Cover-up,"Karl Lagerfeld and Borsalino have collaborated on a five-piece capsule collection of summer essentials, including a straw Panama hat.",2025-03-20 06:00:00+00:00,WWD,http://wwd.com/fashion-news/fashion-scoops/karl-lagerfeld-borsalino-collaboration-panama-hat-1237052917/,"Karl Lagerfeld Brand and Borsalino Team on the Ultimate Summer Cover-up Karl Lagerfeld and Borsalino have collaborated on a five-piece capsule collection of summer essentials, including a straw Panama hat.",karl lagerfeld brand borsalino team ultimate summer coverup karl lagerfeld borsalino collaborated fivepiece capsule collection summer essentials including straw panama hat,2025-03-20 06:00:00+00:00,-1
iPhone,"Video: Apple TV+ Debuts Trailer for Daring New French-Language Drama, ""Careme""","""Carême"" will make its global debut on Apple TV+ on April 30 with the first two episodes, followed by one episode weekly every Wednesday through June 11.",2025-03-20 06:00:00+00:00,Thefutoncritic.com,http://www.thefutoncritic.com/video/2025/03/20/video-apple-tvplus-debuts-trailer-for-daring-new-french-language-drama-careme-401210/20250320apple01/,"Video: Apple TV+ Debuts Trailer for Daring New French-Language Drama, ""Careme"" ""Carême"" will make its global debut on Apple TV+ on April 30 with the first two episodes, followed by one episode weekly every Wednesday through June 11.",video apple debuts trailer daring new frenchlanguage drama careme carme make global debut apple april episodes followed episode weekly wednesday june,2025-03-20 06:00:00+00:00,7
iPhone,Network tests show Apple C1 modem in iPhone 16e wins where it matters,"In tests conducted by Ookla, the C1 modem inside iPhone 16e performed better than the iPhone 16 and its Qualcomm modem, especially in challenging network scenarios.",2025-03-20 05:53:16+00:00,Digital Trends,https://www.digitaltrends.com/mobile/apple-iphone-16e-network-test-c1-modem-qualcomm-ookla/,"Network tests show Apple C1 modem in iPhone 16e wins where it matters In tests conducted by Ookla, the C1 modem inside iPhone 16e performed better than the iPhone 16 and its Qualcomm modem, especially in challenging network scenarios.",network tests apple modem iphone wins matters tests conducted ookla modem inside iphone performed better iphone qualcomm modem especially challenging network scenarios,2025-03-20 05:53:16+00:00,6
iPhone,EU wants the iPhone to behave properly with third-party smartwatches,The European Commission has directed Apple to change how third-party smartwatches connect to and access information from an iPhone.,2025-03-20 05:49:16+00:00,Digital Trends,https://www.digitaltrends.com/news/eu-wants-the-iphone-to-behave-properly-with-third-party-smartwatches/,EU wants the iPhone to behave properly with third-party smartwatches The European Commission has directed Apple to change how third-party smartwatches connect to and access information from an iPhone.,wants iphone behave properly thirdparty smartwatches european commission directed apple change thirdparty smartwatches connect access information iphone,2025-03-20 05:49:16+00:00,6
iPhone,Get your new PebbleOS watch,Pre-order your new PebbleOS smartwatch today,2025-03-20 05:47:02+00:00,Repebble.com,https://store.repebble.com/,Get your new PebbleOS watch Pre-order your new PebbleOS smartwatch today,new pebbleos watch preorder new pebbleos smartwatch today,2025-03-20 05:47:02+00:00,10
iPhone,Best Pixel 9 Pro XL Deal – Save $250 Now on Google’s Flagship AI Smartphone!," Upgrade to the Best Pixel Yet – Now at Its Lowest Price! If you’ve been waiting for the best Pixel 9 Pro XL deal, this is it. For a limited time, grab Google’s top-tier flagship for just $949—a huge $250 discount (21% off) from its original price of $1,199…",2025-03-20 05:45:20+00:00,Phandroid - News for Android,https://phandroid.com/2025/03/20/best-pixel-9-pro-xl-deal-save-250-now-on-googles-flagship-ai-smartphone/,"Best Pixel 9 Pro XL Deal – Save $250 Now on Google’s Flagship AI Smartphone!  Upgrade to the Best Pixel Yet – Now at Its Lowest Price! If you’ve been waiting for the best Pixel 9 Pro XL deal, this is it. For a limited time, grab Google’s top-tier flagship for just $949—a huge $250 discount (21% off) from its original price of $1,199…",best pixel pro deal save googles flagship smartphone upgrade best pixel lowest price youve waiting best pixel pro deal limited time grab googles toptier flagship just huge discount original price,2025-03-20 05:45:20+00:00,15
iPhone,"EU Wants Apple To Allow Third Parties Use AirDrop, Watch Notifications, And More",Apple faces new regulatory challenges in the European Union as the European Commission issues guidance under the Digital Markets Act (DMA). The Commission is calling for Apple to take concrete steps to comply with its interoperability obligation under EU comp…,2025-03-20 05:39:14+00:00,The Mac Observer,https://www.macobserver.com/news/eu-wants-apple-to-allow-third-parties-use-airdrop-watch-notifications-and-more/,"EU Wants Apple To Allow Third Parties Use AirDrop, Watch Notifications, And More Apple faces new regulatory challenges in the European Union as the European Commission issues guidance under the Digital Markets Act (DMA). The Commission is calling for Apple to take concrete steps to comply with its interoperability obligation under EU comp…",wants apple allow parties use airdrop watch notifications apple faces new regulatory challenges european union european commission issues guidance digital markets act dma commission calling apple concrete steps comply interoperability obligation comp,2025-03-20 05:39:14+00:00,6
iPhone,"EU Will Not Penalize Apple If It Ever Decides To Launch A ‘Portless’ iPhone, Just As Long As The Device Does Not Encourage ‘Negative Effects On Consumer And The Environment’","The iPhone 17 Air was being explored with a ‘portless’ configuration, suggesting that the only way for Apple’s upcoming sleek flagship to get charged was by using a MagSafe connection or by using a Qi-enabled wireless charger. The company ultimately canned th…",2025-03-20 05:12:45+00:00,Wccftech,https://wccftech.com/eu-would-not-penalize-apple-if-it-did-launched-a-portless-iphone/,"EU Will Not Penalize Apple If It Ever Decides To Launch A ‘Portless’ iPhone, Just As Long As The Device Does Not Encourage ‘Negative Effects On Consumer And The Environment’ The iPhone 17 Air was being explored with a ‘portless’ configuration, suggesting that the only way for Apple’s upcoming sleek flagship to get charged was by using a MagSafe connection or by using a Qi-enabled wireless charger. The company ultimately canned th…",penalize apple decides launch portless iphone just long device does encourage negative effects consumer environment iphone air explored portless configuration suggesting way apples upcoming sleek flagship charged using magsafe connection using qienabled wireless charger company ultimately canned,2025-03-20 05:12:45+00:00,6
iPhone,Retro or rubbish? The trick is in the tech,"It can be hard to know what old devices to dump, and what to hold on to",2025-03-20 05:00:00+00:00,The Irish Times,https://www.irishtimes.com/business/2025/03/20/retro-or-rubbish-the-trick-is-in-the-tech/,"Retro or rubbish? The trick is in the tech It can be hard to know what old devices to dump, and what to hold on to",retro rubbish trick tech hard know old devices dump hold,2025-03-20 05:00:00+00:00,5
iPhone,"HuggingSnap app serves Apple’s best AI tool, with a convenient twist",HuggingSnap is driven by a vision AI model that can understand the world around you and can answer questions based on what you see through the camera lens.,2025-03-20 04:29:17+00:00,Digital Trends,https://www.digitaltrends.com/mobile/huggingsnap-app-iphone-rival-visual-intelligence-works-offline/,"HuggingSnap app serves Apple’s best AI tool, with a convenient twist HuggingSnap is driven by a vision AI model that can understand the world around you and can answer questions based on what you see through the camera lens.",huggingsnap app serves apples best tool convenient twist huggingsnap driven vision model understand world answer questions based camera lens,2025-03-20 04:29:17+00:00,0
iPhone,The UX writer’s guide to Figma,"Tips for writers to wrap their heads around Figma’s fundamental concepts, and take their skills to the next level.",2025-03-20 04:00:00+00:00,Figma.com,https://www.figma.com/best-practices/the-ux-writers-guide-to-figma/,"The UX writer’s guide to Figma Tips for writers to wrap their heads around Figma’s fundamental concepts, and take their skills to the next level.",writers guide figma tips writers wrap heads figmas fundamental concepts skills level,2025-03-20 04:00:00+00:00,-1
iPhone,Amazon - Wireless Charger for iPhone 16-3 in 1 Charging Station for Apple Devices $22.92,"Amazon has this Wireless Charger for iPhone 16-3 in 1 Charging Station for Apple Devices on sale today for $22.92. Use Amazon Prime to qualify for free shipping, otherwise shipping is free with $25.<br /><br /><strong>More Ways to Save at Amazon:</strong><ul>…",2025-03-20 03:53:34+00:00,Dealcatcher.com,https://www.dealcatcher.com/deals/computers-office/printers-ink/wireless-charger-for-iphone-in-charging-station-for-apple-devices-998421073,"Amazon - Wireless Charger for iPhone 16-3 in 1 Charging Station for Apple Devices $22.92 Amazon has this Wireless Charger for iPhone 16-3 in 1 Charging Station for Apple Devices on sale today for $22.92. Use Amazon Prime to qualify for free shipping, otherwise shipping is free with $25.<br /><br /><strong>More Ways to Save at Amazon:</strong><ul>…",amazon wireless charger iphone charging station apple devices amazon wireless charger iphone charging station apple devices sale today use amazon prime qualify free shipping shipping free strongmore ways save amazonstrongul,2025-03-20 03:53:34+00:00,-1
iPhone,"Google Pixel 9A Live Updates: Release Date, Specs, Price - CNET","Google Pixel 9A Live Updates: Release Date, Specs, PriceCNET Pixel 9a: The latest A-series phone with Google AI smarts at an unbeatable valueThe Keyword The Pixel 9A's New Design Might Raise Eyebrows, but the Price Is RightCNET Google Launches $499 Pixel 9a, …",2025-03-20 03:53:23+00:00,Slashdot.org,https://slashdot.org/firehose.pl?op=view&amp;id=176775051,"Google Pixel 9A Live Updates: Release Date, Specs, Price - CNET Google Pixel 9A Live Updates: Release Date, Specs, PriceCNET Pixel 9a: The latest A-series phone with Google AI smarts at an unbeatable valueThe Keyword The Pixel 9A's New Design Might Raise Eyebrows, but the Price Is RightCNET Google Launches $499 Pixel 9a, …",google pixel live updates release date specs price cnet google pixel live updates release date specs pricecnet pixel latest aseries phone google smarts unbeatable valuethe keyword pixel new design raise eyebrows price rightcnet google launches pixel,2025-03-20 03:53:23+00:00,15
iPhone,First look at iPhone 17 Air case shows large camera bar cutout - 9to5Mac,"First look at iPhone 17 Air case shows large camera bar cutout9to5Mac Apple’s iPhone 17 ‘Air’ Is a Step Toward a Slimmer, Port-Free EraBloomberg New iPhone17 photos leak — here’s what’s dramatically different about the latest editionNew York Post Apple iPhone…",2025-03-20 03:53:13+00:00,Slashdot.org,https://slashdot.org/firehose.pl?op=view&amp;id=176775049,"First look at iPhone 17 Air case shows large camera bar cutout - 9to5Mac First look at iPhone 17 Air case shows large camera bar cutout9to5Mac Apple’s iPhone 17 ‘Air’ Is a Step Toward a Slimmer, Port-Free EraBloomberg New iPhone17 photos leak — here’s what’s dramatically different about the latest editionNew York Post Apple iPhone…",look iphone air case shows large camera bar cutout tomac look iphone air case shows large camera bar cutouttomac apples iphone air step slimmer portfree erabloomberg new iphone photos leak heres whats dramatically different latest editionnew york post apple iphone,2025-03-20 03:53:13+00:00,0
iPhone,Verizon now supports texting via satellite on the Pixel 9 and Galaxy S25 - Engadget,Verizon now supports texting via satellite on the Pixel 9 and Galaxy S25Engadget Verizon customers are the first in the US to enjoy satellite texting to any device with select Android smartphonesVerizon News Verizon’s free satellite messaging service is now a…,2025-03-20 03:33:07+00:00,Slashdot.org,https://slashdot.org/firehose.pl?op=view&amp;id=176774963,Verizon now supports texting via satellite on the Pixel 9 and Galaxy S25 - Engadget Verizon now supports texting via satellite on the Pixel 9 and Galaxy S25Engadget Verizon customers are the first in the US to enjoy satellite texting to any device with select Android smartphonesVerizon News Verizon’s free satellite messaging service is now a…,verizon supports texting satellite pixel galaxy engadget verizon supports texting satellite pixel galaxy sengadget verizon customers enjoy satellite texting device select android smartphonesverizon news verizons free satellite messaging service,2025-03-20 03:33:07+00:00,-1
iPhone,Verizon knows your other guy T-Mobile isn't treating you right and is desperate to win you back,"Verizon takes a dig at ""the other guy"" T-Mobile for not honoring price lock commitment and is offering money and free phones to get you to switch back.",2025-03-20 03:24:36+00:00,PhoneArena,https://www.phonearena.com/news/verizon-knows-new-flame-t-mobile-is-not-treating-you-well-and-is-desperate-to-win-you-back_id168660,"Verizon knows your other guy T-Mobile isn't treating you right and is desperate to win you back Verizon takes a dig at ""the other guy"" T-Mobile for not honoring price lock commitment and is offering money and free phones to get you to switch back.",verizon knows guy tmobile isnt treating right desperate win verizon takes dig guy tmobile honoring price lock commitment offering money free phones switch,2025-03-20 03:24:36+00:00,-1
iPhone,"iPad Pro is for serious work, iPhone is just for play?","When in Doubt, Buy More Bitcoin!",2025-03-20 03:16:19+00:00,Erickimphotography.com,https://erickimphotography.com/blog/2025/03/19/ipad-pro-is-for-serious-work-iphone-is-just-for-play/,"iPad Pro is for serious work, iPhone is just for play? When in Doubt, Buy More Bitcoin!",ipad pro work iphone just play doubt buy bitcoin,2025-03-20 03:16:19+00:00,5
iPhone,Maximum mobility!,Finances for today ! Financial power for today ! Daily leveraged 2x results ￼ We have 5x the money we are borrowing for intelligent leverage Improve the volatility and the performance ￼profile Bitcoin collateral coverage 20-60% long term forecast 6 month play…,2025-03-20 03:15:54+00:00,Erickimphotography.com,https://erickimphotography.com/blog/2025/03/19/maximum-mobility-9/,Maximum mobility! Finances for today ! Financial power for today ! Daily leveraged 2x results ￼ We have 5x the money we are borrowing for intelligent leverage Improve the volatility and the performance ￼profile Bitcoin collateral coverage 20-60% long term forecast 6 month play…,maximum mobility finances today financial power today daily leveraged results money borrowing intelligent leverage improve volatility performance profile bitcoin collateral coverage long term forecast month play,2025-03-20 03:15:54+00:00,2
iPhone,"EU throws down gauntlet to Trump with Apple, Google rulings","U.S. tech giants must overhaul key products, the European Commission rules.",2025-03-20 03:01:00+00:00,POLITICO.eu,https://www.politico.eu/article/eu-donald-trump-google-apple-rulings-dma-tech/,"EU throws down gauntlet to Trump with Apple, Google rulings U.S. tech giants must overhaul key products, the European Commission rules.",throws gauntlet trump apple google rulings tech giants overhaul key products european commission rules,2025-03-20 03:01:00+00:00,6
iPhone,Ricky Casino: Australia’s Go-To Online Casino for Fun & Wins!,Ricky Casino: Australia’s Go-To Online Casino for Fun & Wins!,2025-03-20 02:53:27+00:00,Izismile.com,https://izismile.com/2025/03/20/ricky_casino_australias_goto_online_casino_for_fun_wins.html,Ricky Casino: Australia’s Go-To Online Casino for Fun & Wins! Ricky Casino: Australia’s Go-To Online Casino for Fun & Wins!,ricky casino australias goto online casino fun wins ricky casino australias goto online casino fun wins,2025-03-20 02:53:27+00:00,7
iPhone,Siri Still Struggles to Answer Very Basic Questions,"Siri launched on the iPhone 4S all the way back in 2011, and yet it still struggles to answer some of the most basic questions.





Daring Fireball's John Gruber today highlighted a recent post from a Reddit user who asked Siri what month it is, only for Sir…",2025-03-20 02:49:15+00:00,MacRumors,https://www.macrumors.com/2025/03/19/siri-is-still-bad/,"Siri Still Struggles to Answer Very Basic Questions Siri launched on the iPhone 4S all the way back in 2011, and yet it still struggles to answer some of the most basic questions.





Daring Fireball's John Gruber today highlighted a recent post from a Reddit user who asked Siri what month it is, only for Sir…",siri struggles answer basic questions siri launched iphone way struggles answer basic questions daring fireballs john gruber today highlighted recent post reddit user asked siri month sir,2025-03-20 02:49:15+00:00,4
iPhone,"Company forces employees to add managers to iPhone 'Emergency Bypass' list. Netizens tell worker: 'Call them at 3:00 am, ask if they'd hire a worm'",A Reddit user shared an internal email from their company that mandates employees to remain contactable after hours. The email directed staff to configure their iPhones to allow calls and messages from managers to bypass silent mode. The post sparked humorous…,2025-03-20 02:36:52+00:00,The Times of India,https://economictimes.indiatimes.com/magazines/panache/company-forces-employees-to-add-managers-to-iphone-emergency-bypass-list-netizens-tell-worker-call-them-at-300-am-ask-if-theyd-hire-a-worm/articleshow/119235184.cms,"Company forces employees to add managers to iPhone 'Emergency Bypass' list. Netizens tell worker: 'Call them at 3:00 am, ask if they'd hire a worm' A Reddit user shared an internal email from their company that mandates employees to remain contactable after hours. The email directed staff to configure their iPhones to allow calls and messages from managers to bypass silent mode. The post sparked humorous…",company forces employees add managers iphone emergency bypass list netizens tell worker ask theyd hire worm reddit user shared internal email company mandates employees remain contactable hours email directed staff configure iphones allow calls messages managers bypass silent mode post sparked humorous,2025-03-20 02:36:52+00:00,4
iPhone,The Ultimate Charging Solution: Mag 360 Qi2 3-in-1 Foldable Travel Charging Station,"The Ultimate Charging Solution: Mag 360 Qi2 3-in-1 Foldable Travel Charging StationManaging multiple devices has become part of our daily routine with today’s modern lifestyles. Most of us juggle between smartphones, smartwatches, and wireless earbuds, creati…",2025-03-20 01:45:21+00:00,Yanko Design,https://www.yankodesign.com/2025/03/19/the-ultimate-charging-solution-mag-360-qi2-3-in-1-foldable-travel-charging-station/,"The Ultimate Charging Solution: Mag 360 Qi2 3-in-1 Foldable Travel Charging Station The Ultimate Charging Solution: Mag 360 Qi2 3-in-1 Foldable Travel Charging StationManaging multiple devices has become part of our daily routine with today’s modern lifestyles. Most of us juggle between smartphones, smartwatches, and wireless earbuds, creati…",ultimate charging solution mag foldable travel charging station ultimate charging solution mag foldable travel charging stationmanaging multiple devices daily routine todays modern lifestyles juggle smartphones smartwatches wireless earbuds creati,2025-03-20 01:45:21+00:00,12
iPhone,Hands on: Apple Vision Pro guest mode has massively improved since its first iteration,"It's much easier to share Apple Vision Pro with someone, especially if they're going to put it on more than once in a short period. Here's how guest mode works today.Apple Vision Pro has a guest mode that works great in visionOS 2Guest mode still isn't perfec…",2025-03-20 01:01:05+00:00,AppleInsider,https://appleinsider.com/articles/25/03/20/hands-on-apple-vision-pro-guest-mode-has-massively-improved-since-its-first-iteration,"Hands on: Apple Vision Pro guest mode has massively improved since its first iteration It's much easier to share Apple Vision Pro with someone, especially if they're going to put it on more than once in a short period. Here's how guest mode works today.Apple Vision Pro has a guest mode that works great in visionOS 2Guest mode still isn't perfec…",hands apple vision pro guest mode massively improved iteration easier share apple vision pro especially theyre going short period heres guest mode works todayapple vision pro guest mode works great visionos guest mode isnt perfec,2025-03-20 01:01:05+00:00,0
iPhone,Here Are the Known Bugs and Issues in iOS 18.4 Beta 4,"iOS 18.4 Beta 4 is here! Going by the typical iOS launch dates, it’s the final Public Beta and Developer Beta version before Apple drops a stable release. iOS 18 brought a major overhaul, and the previous point releases did a good job of ironing out the bugs.…",2025-03-20 01:00:00+00:00,The Mac Observer,https://www.macobserver.com/tips/round-ups/here-are-the-known-bugs-and-issues-in-ios-18-4-beta-4/,"Here Are the Known Bugs and Issues in iOS 18.4 Beta 4 iOS 18.4 Beta 4 is here! Going by the typical iOS launch dates, it’s the final Public Beta and Developer Beta version before Apple drops a stable release. iOS 18 brought a major overhaul, and the previous point releases did a good job of ironing out the bugs.…",known bugs issues ios beta ios beta going typical ios launch dates final public beta developer beta version apple drops stable release ios brought major overhaul previous point releases did good job ironing bugs,2025-03-20 01:00:00+00:00,0
iPhone,Lilbits: EU orders Apple to open up iPhone and iPad key technologies to competitors,"The European Union is telling Apple that, in order to comply with the Digital Markets Act, the company needs to allow competing device makers and app developers to access core iPhone and iPad technologies including peer-to-peer WiFi connection, NFC, proximity…",2025-03-20 00:47:29+00:00,Liliputing,https://liliputing.com/lilbits-eu-orders-apple-to-open-up-iphone-and-ipad-key-technologies-to-competitors/,"Lilbits: EU orders Apple to open up iPhone and iPad key technologies to competitors The European Union is telling Apple that, in order to comply with the Digital Markets Act, the company needs to allow competing device makers and app developers to access core iPhone and iPad technologies including peer-to-peer WiFi connection, NFC, proximity…",lilbits orders apple open iphone ipad key technologies competitors european union telling apple order comply digital markets act company needs allow competing device makers app developers access core iphone ipad technologies including peertopeer wifi connection nfc proximity,2025-03-20 00:47:29+00:00,6
iPhone,Verizon customers are the first in the US to enjoy satellite texting to any device with select Android smartphones - Verizon,Verizon customers are the first in the US to enjoy satellite texting to any device with select Android smartphonesVerizon Verizon’s free satellite messaging service is now availableThe Verge Verizon Fires Up Satellite Texting for Android UsersDroid Life Veriz…,2025-03-20 00:33:59+00:00,Slashdot.org,https://slashdot.org/firehose.pl?op=view&amp;id=176774267,Verizon customers are the first in the US to enjoy satellite texting to any device with select Android smartphones - Verizon Verizon customers are the first in the US to enjoy satellite texting to any device with select Android smartphonesVerizon Verizon’s free satellite messaging service is now availableThe Verge Verizon Fires Up Satellite Texting for Android UsersDroid Life Veriz…,verizon customers enjoy satellite texting device select android smartphones verizon verizon customers enjoy satellite texting device select android smartphonesverizon verizons free satellite messaging service availablethe verge verizon fires satellite texting android usersdroid life veriz,2025-03-20 00:33:59+00:00,-1
iPhone,iPhone 16e pre-orders now available in the Philippines,"Pre-orders for the iPhone 16e are now live today across authorized Apple retailers and telco companies in the Philippines. Unsurprisingly, the suggested retail price (SRP) for the iPhone 16e has a significant markup from the retailers. Originally priced at PH…",2025-03-20 00:23:53+00:00,Yugatech.com,https://www.yugatech.com/mobile/iphone-16e-pre-order-now-available-philippines/,"iPhone 16e pre-orders now available in the Philippines Pre-orders for the iPhone 16e are now live today across authorized Apple retailers and telco companies in the Philippines. Unsurprisingly, the suggested retail price (SRP) for the iPhone 16e has a significant markup from the retailers. Originally priced at PH…",iphone preorders available philippines preorders iphone live today authorized apple retailers telco companies philippines unsurprisingly suggested retail price srp iphone significant markup retailers originally priced,2025-03-20 00:23:53+00:00,5
iPhone,Hollyland Lark M2S review: superb yet scarily tiny wireless microphone,"The Hollyland Lark M2 was already a small, high-quality wireless microphone you could get for the iPhone, but now its M2S successor is even more tiny.Hollyland Lark M2S receiver and two wireless microphonesThis is why I review products instead of trying to ma…",2025-03-20 00:07:21+00:00,AppleInsider,https://appleinsider.com/articles/25/03/20/hollyland-lark-m2s-review-superb-yet-scarily-tiny-wireless-microphone,"Hollyland Lark M2S review: superb yet scarily tiny wireless microphone The Hollyland Lark M2 was already a small, high-quality wireless microphone you could get for the iPhone, but now its M2S successor is even more tiny.Hollyland Lark M2S receiver and two wireless microphonesThis is why I review products instead of trying to ma…",hollyland lark review superb scarily tiny wireless microphone hollyland lark small highquality wireless microphone iphone successor tinyhollyland lark receiver wireless microphonesthis review products instead trying,2025-03-20 00:07:21+00:00,13
iPhone,"Inzoi's attempt to do everything has left it a shallow imitation of The Sims, and I'm not sure it understands what makes those games so special in the first place","Inzoi throws a million things to do at you, but doesn't make any of them important.",2025-03-20 00:00:00+00:00,PC Gamer,https://www.pcgamer.com/games/life-sim/inzois-attempt-to-do-everything-has-left-it-a-shallow-imitation-of-the-sims-and-im-not-sure-it-understands-what-makes-those-games-so-special-in-the-first-place/,"Inzoi's attempt to do everything has left it a shallow imitation of The Sims, and I'm not sure it understands what makes those games so special in the first place Inzoi throws a million things to do at you, but doesn't make any of them important.",inzois attempt left shallow imitation sims sure understands makes games special place inzoi throws million things doesnt make important,2025-03-20 00:00:00+00:00,7
iPhone,How to sideload iOS apps and why it's dangerous,IT professionals might think the hassle of jailbreaking a device deters users from sideloading iOS apps. Learn the other methods users turn to and why it's still dangerous.,2025-03-20 00:00:00+00:00,Techtarget.com,https://www.techtarget.com/searchmobilecomputing/opinion/Did-you-know-how-easy-it-is-to-sideload-iOS-apps-to-your-iPhone,How to sideload iOS apps and why it's dangerous IT professionals might think the hassle of jailbreaking a device deters users from sideloading iOS apps. Learn the other methods users turn to and why it's still dangerous.,sideload ios apps dangerous professionals think hassle jailbreaking device deters users sideloading ios apps learn methods users turn dangerous,2025-03-20 00:00:00+00:00,8
iPhone,Google Launches Redesigned $499 Pixel 9a Weeks After iPhone 16e - Bloomberg,"Google Launches Redesigned $499 Pixel 9a Weeks After iPhone 16eBloomberg Pixel 9a: The latest A-series phone with Google AI smarts at an unbeatable valueThe Keyword The Pixel 9A's New Design Might Raise Eyebrows, but the Price Is RightCNET The Pixel 9A is a m…",2025-03-19 23:52:45+00:00,Slashdot.org,https://slashdot.org/firehose.pl?op=view&amp;id=176774129,"Google Launches Redesigned $499 Pixel 9a Weeks After iPhone 16e - Bloomberg Google Launches Redesigned $499 Pixel 9a Weeks After iPhone 16eBloomberg Pixel 9a: The latest A-series phone with Google AI smarts at an unbeatable valueThe Keyword The Pixel 9A's New Design Might Raise Eyebrows, but the Price Is RightCNET The Pixel 9A is a m…",google launches redesigned pixel weeks iphone bloomberg google launches redesigned pixel weeks iphone ebloomberg pixel latest aseries phone google smarts unbeatable valuethe keyword pixel new design raise eyebrows price rightcnet pixel,2025-03-19 23:52:45+00:00,15
iPhone,U.S. DoJ Cracks Down on Porch Pirate Criminal Network That Stole Thousands of iPhones,The U.S. Department of Justice has cracked down on an international crime ring that was responsible for the theft of expensive electronics like the iPhone.Read More...,2025-03-19 23:51:32+00:00,Mactrast.com,https://www.mactrast.com/2025/03/u-s-doj-cracks-down-on-porch-pirate-criminal-network-that-stole-thousands-of-iphones/,U.S. DoJ Cracks Down on Porch Pirate Criminal Network That Stole Thousands of iPhones The U.S. Department of Justice has cracked down on an international crime ring that was responsible for the theft of expensive electronics like the iPhone.Read More...,doj cracks porch pirate criminal network stole thousands iphones department justice cracked international crime ring responsible theft expensive electronics like iphoneread,2025-03-19 23:51:32+00:00,-1
iPhone,"‘Hey Siri, What Month Is It?’",,2025-03-19 23:49:43+00:00,Reddit /r/all,https://www.reddit.com/r/iphone/comments/1jehkpm/apple_intelligence_this_apple_intelligence_that/,"‘Hey Siri, What Month Is It?’ ",hey siri month,2025-03-19 23:49:43+00:00,4
iPhone,Apple Says iOS 19 Will Have a 'Powerful' New Messages Feature,"Apple has promised that an important security upgrade is coming to the Messages app across the iPhone, iPad, Mac, and Apple Watch.   In a press...",2025-03-19 23:49:27+00:00,MacRumors,https://www.macrumors.com/2025/03/19/ios-19-powerful-new-messages-feature/,"Apple Says iOS 19 Will Have a 'Powerful' New Messages Feature Apple has promised that an important security upgrade is coming to the Messages app across the iPhone, iPad, Mac, and Apple Watch.   In a press...",apple says ios powerful new messages feature apple promised important security upgrade coming messages app iphone ipad mac apple watch press,2025-03-19 23:49:27+00:00,0
iPhone,Verizon launches satellite texting for select Pixel & Galaxy phones,Verizon has announced that its customers with a phone from Google Pixel 9 series and Galaxy S25 family can enjoy satellite texting.,2025-03-19 23:45:20+00:00,Android Headlines,https://www.androidheadlines.com/2025/03/verizon-launches-satellite-texting-for-select-pixel-galaxy-phones.html,Verizon launches satellite texting for select Pixel & Galaxy phones Verizon has announced that its customers with a phone from Google Pixel 9 series and Galaxy S25 family can enjoy satellite texting.,verizon launches satellite texting select pixel galaxy phones verizon announced customers phone google pixel series galaxy family enjoy satellite texting,2025-03-19 23:45:20+00:00,15
iPhone,Fourth iOS 18.4 Beta Allows Users to Toggle Off Safari Recent Searches Feature,"Apple released the fourth beta of iOS 18.4 earlier this week, and the new beta seed allows users to turn off a privacy-compromising search feature.Read More...",2025-03-19 23:37:03+00:00,Mactrast.com,https://www.mactrast.com/2025/03/fourth-ios-18-4-beta-allows-users-to-toggle-off-revealing-search-feature/,"Fourth iOS 18.4 Beta Allows Users to Toggle Off Safari Recent Searches Feature Apple released the fourth beta of iOS 18.4 earlier this week, and the new beta seed allows users to turn off a privacy-compromising search feature.Read More...",fourth ios beta allows users toggle safari recent searches feature apple released fourth beta ios earlier week new beta seed allows users turn privacycompromising search featureread,2025-03-19 23:37:03+00:00,0
iPhone,Google Pixel 9a launch LIVE: Everything you need to know - Tom's Guide,Google Pixel 9a launch LIVE: Everything you need to knowTom's Guide Pixel 9a: The latest A-series phone with Google AI smarts at an unbeatable valueThe Keyword Google Launches Redesigned $499 Pixel 9a Weeks After iPhone 16eBloomberg The Pixel 9A's New Design …,2025-03-19 23:34:04+00:00,Slashdot.org,https://slashdot.org/firehose.pl?op=view&amp;id=176774059,Google Pixel 9a launch LIVE: Everything you need to know - Tom's Guide Google Pixel 9a launch LIVE: Everything you need to knowTom's Guide Pixel 9a: The latest A-series phone with Google AI smarts at an unbeatable valueThe Keyword Google Launches Redesigned $499 Pixel 9a Weeks After iPhone 16eBloomberg The Pixel 9A's New Design …,google pixel launch live need know toms guide google pixel launch live need knowtoms guide pixel latest aseries phone google smarts unbeatable valuethe keyword google launches redesigned pixel weeks iphone ebloomberg pixel new design,2025-03-19 23:34:04+00:00,15
iPhone,Apple Intelligence Is Coming to iOS in the EU in April,"Apple Intelligence, the personal intelligence system that delivers helpful and relevant intelligence, will soon be available in more languages.",2025-03-19 23:24:47+00:00,Apple Newsroom,https://www.apple.com/newsroom/2025/02/apple-intelligence-expands-to-more-languages-and-regions-in-april/,"Apple Intelligence Is Coming to iOS in the EU in April Apple Intelligence, the personal intelligence system that delivers helpful and relevant intelligence, will soon be available in more languages.",apple intelligence coming ios april apple intelligence personal intelligence delivers helpful relevant intelligence soon available languages,2025-03-19 23:24:47+00:00,-1
iPhone,EU Adopts New ‘Interoperability’ Requirements for Apple Under DMA,"Today, the European Commission adopted two decisions under the Digital Markets Act (DMA) specifying the measures that Apple has to take to comply with certain aspects of its interoperability obligatio",2025-03-19 23:06:52+00:00,Europa.eu,https://ec.europa.eu/commission/presscorner/detail/en/ip_25_816,"EU Adopts New ‘Interoperability’ Requirements for Apple Under DMA Today, the European Commission adopted two decisions under the Digital Markets Act (DMA) specifying the measures that Apple has to take to comply with certain aspects of its interoperability obligatio",adopts new interoperability requirements apple dma today european commission adopted decisions digital markets act dma specifying measures apple comply certain aspects interoperability obligatio,2025-03-19 23:06:52+00:00,6
iPhone,EU sends Apple first DMA interoperability instructions for apps and connected devices,"The European Union has sent Apple preliminary instructions on how it expects the iPhone maker to comply with interoperability provisions in the bloc’s Digital Markets Act (DMA), its flagship market contestability reform.
According to the Commission, device ma…",2025-03-19 23:00:30+00:00,Biztoc.com,https://biztoc.com/x/821a8f7a242e97a0,"EU sends Apple first DMA interoperability instructions for apps and connected devices The European Union has sent Apple preliminary instructions on how it expects the iPhone maker to comply with interoperability provisions in the bloc’s Digital Markets Act (DMA), its flagship market contestability reform.
According to the Commission, device ma…",sends apple dma interoperability instructions apps connected devices european union sent apple preliminary instructions expects iphone maker comply interoperability provisions blocs digital markets act dma flagship market contestability reform according commission device,2025-03-19 23:00:30+00:00,6
iPhone,How to Change the Default Translation App on Your iPhone or iPad (From Apple Translate),"If you're in the US, your iPhone lets you set default apps for emailing, messaging, calling, web browsing, and even contactless payments and access. With iOS 18.4 and iPadOS 18.4, Apple also lets you pick a new default translation app. Out of the box, your iP…",2025-03-19 22:52:45+00:00,Gadgethacks.com,https://apple.gadgethacks.com/how-to/change-default-translation-app-ios-ipados/,"How to Change the Default Translation App on Your iPhone or iPad (From Apple Translate) If you're in the US, your iPhone lets you set default apps for emailing, messaging, calling, web browsing, and even contactless payments and access. With iOS 18.4 and iPadOS 18.4, Apple also lets you pick a new default translation app. Out of the box, your iP…",change default translation app iphone ipad apple translate youre iphone lets set default apps emailing messaging calling web browsing contactless payments access ios ipados apple lets pick new default translation app box,2025-03-19 22:52:45+00:00,0
iPhone,This is why T-Mobile subscribers should buy the iPhone 16 instead of the iPhone 16e,Speedtest data compiled by Ookla reveals that Apple's C1 5G modem is doing better on AT&T and Verizon.,2025-03-19 22:44:26+00:00,PhoneArena,https://www.phonearena.com/news/new-data-reveals-why-iphone-16-is-better-than-16e-for-t-mobile-subscribers_id168657,This is why T-Mobile subscribers should buy the iPhone 16 instead of the iPhone 16e Speedtest data compiled by Ookla reveals that Apple's C1 5G modem is doing better on AT&T and Verizon.,tmobile subscribers buy iphone instead iphone speedtest data compiled ookla reveals apples modem doing better att verizon,2025-03-19 22:44:26+00:00,-1
iPhone,Wealthsimple Referral Bonus 2025: How to Get $25 Free,"Looking for a Wealthsimple referral bonus? Right now, as part of an ongoing promo, when you invite a friend to Wealthsimple, both you and your referred friend can earn a $25 cash reward when they sign up and fund any Wealthsimple account with at least $100. H…",2025-03-19 22:42:26+00:00,iPhone in Canada,https://www.iphoneincanada.ca/2025/03/19/wealthsimple-referral-bonus-get-25/,"Wealthsimple Referral Bonus 2025: How to Get $25 Free Looking for a Wealthsimple referral bonus? Right now, as part of an ongoing promo, when you invite a friend to Wealthsimple, both you and your referred friend can earn a $25 cash reward when they sign up and fund any Wealthsimple account with at least $100. H…",wealthsimple referral bonus free looking wealthsimple referral bonus right ongoing promo invite friend wealthsimple referred friend earn cash reward sign fund wealthsimple account,2025-03-19 22:42:26+00:00,-1
iPhone,"Podcast Rewind: Shortcuts Apps, Retroid Drama, Xbox Handhelds, Traveling in Japan, and the Pebble Returns","Enjoy the latest episodes from MacStories’ family of podcasts: AppStories https://youtu.be/9nOGyDQbQ2w This week, Federico and I explore a collection of Shortcuts helper utilities that extend functionality beyond the built-in system actions, sharing how these…",2025-03-19 22:38:49+00:00,MacStories,https://www.macstories.net/news/podcast-rewind-shortcuts-apps-retroid-drama-xbox-handhelds-traveling-in-japan-and-the-pebble-returns/,"Podcast Rewind: Shortcuts Apps, Retroid Drama, Xbox Handhelds, Traveling in Japan, and the Pebble Returns Enjoy the latest episodes from MacStories’ family of podcasts: AppStories https://youtu.be/9nOGyDQbQ2w This week, Federico and I explore a collection of Shortcuts helper utilities that extend functionality beyond the built-in system actions, sharing how these…",podcast rewind shortcuts apps retroid drama xbox handhelds traveling japan pebble returns enjoy latest episodes macstories family podcasts appstories week federico explore collection shortcuts helper utilities extend functionality builtin actions sharing,2025-03-19 22:38:49+00:00,-1
iPhone,Porch Pirate Criminal Network Stole Thousands of iPhones in the U.S.,"The U.S. Department of Justice recently cracked down on an international crime ring that targeted expensive electronics like the iPhone, with the workings of the complex crime system detailed in a report from The Wall Street Journal.





Thirteen members of …",2025-03-19 22:36:54+00:00,MacRumors,https://www.macrumors.com/2025/03/19/criminal-network-iphone-theft/,"Porch Pirate Criminal Network Stole Thousands of iPhones in the U.S. The U.S. Department of Justice recently cracked down on an international crime ring that targeted expensive electronics like the iPhone, with the workings of the complex crime system detailed in a report from The Wall Street Journal.





Thirteen members of …",porch pirate criminal network stole thousands iphones department justice recently cracked international crime ring targeted expensive electronics like iphone workings complex crime detailed report wall street journal thirteen members,2025-03-19 22:36:54+00:00,-1
iPhone,"iPhone 17 Rumors, From a Slim 'Air' Design to the Camera Bar and Everything In Between","Apple appears to be all in on a thinner iPhone. Plus, iOS 19 could bring a major software overhaul.",2025-03-19 22:32:45+00:00,Slashdot.org,https://slashdot.org/firehose.pl?op=view&amp;id=176773757,"iPhone 17 Rumors, From a Slim 'Air' Design to the Camera Bar and Everything In Between Apple appears to be all in on a thinner iPhone. Plus, iOS 19 could bring a major software overhaul.",iphone rumors slim air design camera bar apple appears thinner iphone plus ios bring major software overhaul,2025-03-19 22:32:45+00:00,0
iPhone,The EU Won't Stop Apple From Making a Port-Free iPhone. That Doesn't Mean the Company Will,There are several reasons Apple might choose to include a USB-C port on the rumored iPhone 17 Air. Regulation isn't one of them.,2025-03-19 22:32:35+00:00,Slashdot.org,https://slashdot.org/firehose.pl?op=view&amp;id=176773755,The EU Won't Stop Apple From Making a Port-Free iPhone. That Doesn't Mean the Company Will There are several reasons Apple might choose to include a USB-C port on the rumored iPhone 17 Air. Regulation isn't one of them.,wont stop apple making portfree iphone doesnt mean company reasons apple choose include usbc port rumored iphone air regulation isnt,2025-03-19 22:32:35+00:00,6
iPhone,"Data breach at stalkerware SpyX affects close to 2 million, including thousands of Apple users","Another consumer-grade spyware operation was hacked in June 2024, which exposed thousands of Apple Account credentials.",2025-03-19 22:32:16+00:00,TechCrunch,https://techcrunch.com/2025/03/19/data-breach-at-stalkerware-spyx-affects-close-to-2-million-including-thousands-of-apple-users/,"Data breach at stalkerware SpyX affects close to 2 million, including thousands of Apple users Another consumer-grade spyware operation was hacked in June 2024, which exposed thousands of Apple Account credentials.",data breach stalkerware spyx affects close million including thousands apple users consumergrade spyware operation hacked june exposed thousands apple account credentials,2025-03-19 22:32:16+00:00,8
iPhone,Improved Relative Time,BC and AD? What even is those? Tell me something like its relation to the iPhone or internet???,2025-03-19 22:07:41+00:00,Jthaw.club,https://relative-time.jthaw.club/,Improved Relative Time BC and AD? What even is those? Tell me something like its relation to the iPhone or internet???,improved relative time tell like relation iphone internet,2025-03-19 22:07:41+00:00,-1
iPhone,Plex Price Jumps and Free Streaming Ends—What You Need to Do,"Plex, the popular personal media streaming service, is rolling out significant changes in 2025, including a price increase for its Plex Pass subscription and a shift in how remote playback works. The updates, detailed in a company blog post on Wednesday, aim …",2025-03-19 22:07:01+00:00,iPhone in Canada,https://www.iphoneincanada.ca/2025/03/19/plex-price-jumps-and-free-streaming-ends-what-you-need-to-do/,"Plex Price Jumps and Free Streaming Ends—What You Need to Do Plex, the popular personal media streaming service, is rolling out significant changes in 2025, including a price increase for its Plex Pass subscription and a shift in how remote playback works. The updates, detailed in a company blog post on Wednesday, aim …",plex price jumps free streaming endswhat need plex popular personal media streaming service rolling significant changes including price increase plex pass subscription shift remote playback works updates detailed company blog post wednesday aim,2025-03-19 22:07:01+00:00,-1
iPhone,Zero-day vulnerabilities: the real threat behind Netflix’s “Zero Day”,"Netflix's *Zero Day* highlights the dangers of zero-day vulnerabilities—hidden software flaws hackers exploit before they're patched. Learn about real-world attacks and get tips to protect yourself with updates, security tools, and smart online habits.",2025-03-19 22:05:35+00:00,Avast.com,https://blog.avast.com/zero-day-vulnerabilities,"Zero-day vulnerabilities: the real threat behind Netflix’s “Zero Day” Netflix's *Zero Day* highlights the dangers of zero-day vulnerabilities—hidden software flaws hackers exploit before they're patched. Learn about real-world attacks and get tips to protect yourself with updates, security tools, and smart online habits.",zeroday vulnerabilities real threat netflixs zero day netflixs zero day highlights dangers zeroday vulnerabilitieshidden software flaws hackers exploit theyre patched learn realworld attacks tips protect updates security tools smart online habits,2025-03-19 22:05:35+00:00,8
iPhone,iOS 18.4: Four new features coming to your iPhone next month,"iOS 18.4 will be released to iPhone users in just a few weeks. If you aren’t running the beta, you might have missed what’s new. Here’s an overview of four new features coming to your iPhone with iOS 18.4 next month…



 more…",2025-03-19 22:03:40+00:00,9to5Mac,https://9to5mac.com/2025/03/19/ios-18-4-new-features-iphone/,"iOS 18.4: Four new features coming to your iPhone next month iOS 18.4 will be released to iPhone users in just a few weeks. If you aren’t running the beta, you might have missed what’s new. Here’s an overview of four new features coming to your iPhone with iOS 18.4 next month…



 more…",ios new features coming iphone month ios released iphone users just weeks arent running beta missed whats new heres overview new features coming iphone ios month,2025-03-19 22:03:40+00:00,0
iPhone,These Free Apps Will Instantly Improve Your Smartphone Photos,"Edit like a pro, shoot like a pro—all for zero dollars.",2025-03-19 22:00:15+00:00,MakeUseOf,https://www.makeuseof.com/free-apps-improve-smartphone-photos/,"These Free Apps Will Instantly Improve Your Smartphone Photos Edit like a pro, shoot like a pro—all for zero dollars.",free apps instantly improve smartphone photos edit like pro shoot like proall zero dollars,2025-03-19 22:00:15+00:00,0
iPhone,‘U made a solar panel’: Man gets Great Value aluminum foil. Then he uses his iPad to show why it has a shiny side and a dull side,"If there’s one thing that gets people excited about learning, it’s a good science experiment. There’s nothing like seeing a principle in action in order to understand it. That is why viewers were captivated by a TikTok video of a man using aluminum foil to ch…",2025-03-19 22:00:00+00:00,The Daily Dot,https://www.dailydot.com/news/aluminum-foil-charge-ipad/,"‘U made a solar panel’: Man gets Great Value aluminum foil. Then he uses his iPad to show why it has a shiny side and a dull side If there’s one thing that gets people excited about learning, it’s a good science experiment. There’s nothing like seeing a principle in action in order to understand it. That is why viewers were captivated by a TikTok video of a man using aluminum foil to ch…",solar panel man gets great value aluminum foil uses ipad shiny dull theres thing gets people excited learning good science experiment theres like seeing principle action order understand viewers captivated tiktok video man using aluminum foil,2025-03-19 22:00:00+00:00,5
iPhone,"Apple won't be forced into allowing third party app marketplaces in Brazil, for now","A Federal Civil Court judge ruled that Apple will not be required to enable sideloading in Brazil, meaning that the iPhone maker can continue to distribute apps exclusively via the App Store.Apple won't be forced into enabling sideloading in Brazil, per a new…",2025-03-19 21:59:40+00:00,AppleInsider,https://appleinsider.com/articles/25/03/19/apple-wont-be-forced-into-allowing-third-party-app-marketplaces-in-brazil-for-now,"Apple won't be forced into allowing third party app marketplaces in Brazil, for now A Federal Civil Court judge ruled that Apple will not be required to enable sideloading in Brazil, meaning that the iPhone maker can continue to distribute apps exclusively via the App Store.Apple won't be forced into enabling sideloading in Brazil, per a new…",apple wont forced allowing party app marketplaces brazil federal civil court judge ruled apple required enable sideloading brazil meaning iphone maker continue distribute apps exclusively app storeapple wont forced enabling sideloading brazil new,2025-03-19 21:59:40+00:00,6
iPhone,Apple’s rumored foldable iPhone could be the priciest model ever — potentially turning off even the tech giant’s biggest fans,Analysts have differing takes — but all agree on one thing: the new tech will be expensive.,2025-03-19 21:59:01+00:00,New York Post,https://nypost.com/2025/03/19/tech/apples-rumored-foldable-iphone-could-be-priciest-model-ever/,Apple’s rumored foldable iPhone could be the priciest model ever — potentially turning off even the tech giant’s biggest fans Analysts have differing takes — but all agree on one thing: the new tech will be expensive.,apples rumored foldable iphone priciest model potentially turning tech giants biggest fans analysts differing takes agree thing new tech expensive,2025-03-19 21:59:01+00:00,0
iPhone,Rogers Locks Out Former Shaw Techs—Union Slams ‘Shameful’ Move,"Rogers has locked out 26 Kootenay technicians after failing to reach a first labour agreement with the workers, who unionized last year. The technicians—who service Nelson, Castlegar, Grand Forks, Trail, Cranbrook, Creston, Fairmont, and Fernie—handle network…",2025-03-19 21:53:26+00:00,iPhone in Canada,https://www.iphoneincanada.ca/2025/03/19/rogers-locks-out-former-shaw-techs/,"Rogers Locks Out Former Shaw Techs—Union Slams ‘Shameful’ Move Rogers has locked out 26 Kootenay technicians after failing to reach a first labour agreement with the workers, who unionized last year. The technicians—who service Nelson, Castlegar, Grand Forks, Trail, Cranbrook, Creston, Fairmont, and Fernie—handle network…",rogers locks shaw techsunion slams shameful rogers locked kootenay technicians failing reach labour agreement workers unionized year technicianswho service nelson castlegar grand forks trail cranbrook creston fairmont ferniehandle network,2025-03-19 21:53:26+00:00,-1
iPhone,Sebastiaan de With’s iPhone 16e Camera Review: ‘The Essentials’,Our deep dive into the latest single-camera star in the iPhone lineup.,2025-03-19 21:53:15+00:00,Lux.camera,https://www.lux.camera/iphone-16e-camera-review-the-essentials/,Sebastiaan de With’s iPhone 16e Camera Review: ‘The Essentials’ Our deep dive into the latest single-camera star in the iPhone lineup.,sebastiaan withs iphone camera review essentials deep dive latest singlecamera star iphone lineup,2025-03-19 21:53:15+00:00,0
iPhone,Top 5 iPhone Fax Apps: Make Document Transmission Easier,"Here are top 5 iPhone Fax apps that will make document transmission easier to use.
The post Top 5 iPhone Fax Apps: Make Document Transmission Easier first appeared on Redmond Pie.",2025-03-19 21:38:31+00:00,redmondpie.com,https://www.redmondpie.com/top-5-iphone-fax-apps-make-document-transmission-easier/,"Top 5 iPhone Fax Apps: Make Document Transmission Easier Here are top 5 iPhone Fax apps that will make document transmission easier to use.
The post Top 5 iPhone Fax Apps: Make Document Transmission Easier first appeared on Redmond Pie.",iphone fax apps make document transmission easier iphone fax apps make document transmission easier use post iphone fax apps make document transmission easier appeared redmond pie,2025-03-19 21:38:31+00:00,0
iPhone,Google Missed a Huge Opportunity With the Pixel 9A,"Commentary: With Apple not refreshing its iPhone SE line, I feel Google had an opportunity that it squandered.",2025-03-19 21:32:40+00:00,Slashdot.org,https://slashdot.org/firehose.pl?op=view&amp;id=176773483,"Google Missed a Huge Opportunity With the Pixel 9A Commentary: With Apple not refreshing its iPhone SE line, I feel Google had an opportunity that it squandered.",google missed huge opportunity pixel commentary apple refreshing iphone line feel google opportunity squandered,2025-03-19 21:32:40+00:00,15
iPhone,"EU skewers Google, Apple over tech rules -- despite Trump threats",The European Union defied U.S. threats of retaliation Wednesday by accusing Google of violating its digital rules -- which could trigger hefty fines -- and ordering Apple to make its iPhone interact better with rivals' devices. The moves risk opening up a new…,2025-03-19 21:31:27+00:00,Japan Today,https://japantoday.com/category/tech/eu-skewers-google-apple-over-tech-rules-despite-trump-threats,"EU skewers Google, Apple over tech rules -- despite Trump threats The European Union defied U.S. threats of retaliation Wednesday by accusing Google of violating its digital rules -- which could trigger hefty fines -- and ordering Apple to make its iPhone interact better with rivals' devices. The moves risk opening up a new…",skewers google apple tech rules despite trump threats european union defied threats retaliation wednesday accusing google violating digital rules trigger hefty fines ordering apple make iphone interact better rivals devices moves risk opening new,2025-03-19 21:31:27+00:00,6
iPhone,"MTS, NCTD expand payment options to include touchless Apple Pay",The San Diego Metropolitan Transit System and North County Transit District announced Wednesday that Express Mode is available for customers using Apple Pay with the tap of an iPhone or Apple Watch.,2025-03-19 21:31:14+00:00,KPBS,https://www.kpbs.org/news/quality-of-life/2025/03/19/mts-nctd-expand-payment-options-to-include-touchless-apple-pay,"MTS, NCTD expand payment options to include touchless Apple Pay The San Diego Metropolitan Transit System and North County Transit District announced Wednesday that Express Mode is available for customers using Apple Pay with the tap of an iPhone or Apple Watch.",mts nctd expand payment options include touchless apple pay san diego metropolitan transit north county transit district announced wednesday express mode available customers using apple pay tap iphone apple watch,2025-03-19 21:31:14+00:00,6
iPhone,"The Pixel 9a is Official, but you Can’t Pre-Order it Yet","It's due to a ""component quality issue"".
The post The Pixel 9a is Official, but you Can’t Pre-Order it Yet appeared first on Phandroid.",2025-03-19 21:21:32+00:00,Phandroid - News for Android,https://phandroid.com/2025/03/19/the-pixel-9a-is-official-but-you-cant-pre-order-it-yet/,"The Pixel 9a is Official, but you Can’t Pre-Order it Yet It's due to a ""component quality issue"".
The post The Pixel 9a is Official, but you Can’t Pre-Order it Yet appeared first on Phandroid.",pixel official preorder component quality issue post pixel official preorder appeared phandroid,2025-03-19 21:21:32+00:00,15
iPhone,Verizon's New Satellite Texting Service Isn't for iPhone Users,"Apple introduced satellite connectivity for iPhones back in 2022, and since then, satellite messaging options have become the new must-have feature for carriers and other smartphone manufacturers.





Verizon today announced the launch of its satellite-based…",2025-03-19 21:13:52+00:00,MacRumors,https://www.macrumors.com/2025/03/19/verizon-new-satellite-texting-feature/,"Verizon's New Satellite Texting Service Isn't for iPhone Users Apple introduced satellite connectivity for iPhones back in 2022, and since then, satellite messaging options have become the new must-have feature for carriers and other smartphone manufacturers.





Verizon today announced the launch of its satellite-based…",verizons new satellite texting service isnt iphone users apple introduced satellite connectivity iphones satellite messaging options new musthave feature carriers smartphone manufacturers verizon today announced launch satellitebased,2025-03-19 21:13:52+00:00,-1
iPhone,"Tim Walz Openly Roots Against Tesla Stock, Watches It Fall to ‘Give Me a Little Boost’ | Video","The former VP candidate advised people who own one to remove the logo with dental floss
The post Tim Walz Openly Roots Against Tesla Stock, Watches It Fall to ‘Give Me a Little Boost’ | Video appeared first on TheWrap.",2025-03-19 21:12:04+00:00,TheWrap,https://www.thewrap.com/tim-walz-watching-tesla-stock-fall-elon-musk-video/,"Tim Walz Openly Roots Against Tesla Stock, Watches It Fall to ‘Give Me a Little Boost’ | Video The former VP candidate advised people who own one to remove the logo with dental floss
The post Tim Walz Openly Roots Against Tesla Stock, Watches It Fall to ‘Give Me a Little Boost’ | Video appeared first on TheWrap.",tim walz openly roots tesla stock watches fall little boost video candidate advised people remove logo dental floss post tim walz openly roots tesla stock watches fall little boost video appeared thewrap,2025-03-19 21:12:04+00:00,-1
iPhone,Apple TV+ series ‘The Studio’ is the ‘best TV show in years’,"In “The Studio,” Seth Rogen stars as Matt Remick, the newly appointed head of embattled Continental Studios. As movies struggle to stay…
The post Apple TV+ series ‘The Studio’ is the ‘best TV show in years’ appeared first on MacDailyNews.",2025-03-19 21:05:17+00:00,Macdailynews.com,https://macdailynews.com/2025/03/19/apple-tv-series-the-studio-is-the-best-tv-show-in-years/,"Apple TV+ series ‘The Studio’ is the ‘best TV show in years’ In “The Studio,” Seth Rogen stars as Matt Remick, the newly appointed head of embattled Continental Studios. As movies struggle to stay…
The post Apple TV+ series ‘The Studio’ is the ‘best TV show in years’ appeared first on MacDailyNews.",apple series studio best years studio seth rogen stars matt remick newly appointed head embattled continental studios movies struggle stay post apple series studio best years appeared macdailynews,2025-03-19 21:05:17+00:00,9
iPhone,"Buy any iPhone 16, get a free Apple Watch Series 10 with Freedom Mobile","Until March 31, 2025, buy any iPhone 16 with Freedom Mobile and get a free Apple Watch Series 10 42mm. This works with the iPhone 16e, iPhone 16, iPhone 16 Plus, iPhone 16 Pro and iPhone 16 Pro Max According to the small print, you’ll need to activate or upgr…",2025-03-19 21:04:54+00:00,MobileSyrup,https://mobilesyrup.com/2025/03/19/iphone-16-free-apple-watch-series-freedom-mobile/,"Buy any iPhone 16, get a free Apple Watch Series 10 with Freedom Mobile Until March 31, 2025, buy any iPhone 16 with Freedom Mobile and get a free Apple Watch Series 10 42mm. This works with the iPhone 16e, iPhone 16, iPhone 16 Plus, iPhone 16 Pro and iPhone 16 Pro Max According to the small print, you’ll need to activate or upgr…",buy iphone free apple watch series freedom mobile march buy iphone freedom mobile free apple watch series works iphone iphone iphone plus iphone pro iphone pro max according small print youll need activate upgr,2025-03-19 21:04:54+00:00,-1
iPhone,"We Review the Insta360 Flow 2 Pro Latest AI Tracker, Bringing AI Tracking to Any Phone Camera App","Earlier this year, Insta360 released its first AI-powered smartphone gimbal, packed with impressive features, including Deep Track 4.0, which offers advanced tracking capabilities. However, many of these advanced features were exclusive to iPhones, leaving a …",2025-03-19 21:03:01+00:00,Fstoppers,https://fstoppers.com/reviews/review-insta360-flow-2-pro-latest-ai-tracker-bringing-ai-tracking-any-phone-695165,"We Review the Insta360 Flow 2 Pro Latest AI Tracker, Bringing AI Tracking to Any Phone Camera App Earlier this year, Insta360 released its first AI-powered smartphone gimbal, packed with impressive features, including Deep Track 4.0, which offers advanced tracking capabilities. However, many of these advanced features were exclusive to iPhones, leaving a …",review insta flow pro latest tracker bringing tracking phone camera app earlier year insta released aipowered smartphone gimbal packed impressive features including deep track offers advanced tracking capabilities advanced features exclusive iphones leaving,2025-03-19 21:03:01+00:00,0
iPhone,"iPhone 17 Rumors, From a Slim 'Air' Design to the Camera Bar and Everything In Between","Apple appears to be all in on a thinner iPhone. Plus, iOS 19 could bring a major software overhaul.",2025-03-19 21:00:19+00:00,CNET,https://www.cnet.com/tech/mobile/iphone-17-rumors-from-a-slim-air-design-to-the-camera-bar-and-everything-in-between/,"iPhone 17 Rumors, From a Slim 'Air' Design to the Camera Bar and Everything In Between Apple appears to be all in on a thinner iPhone. Plus, iOS 19 could bring a major software overhaul.",iphone rumors slim air design camera bar apple appears thinner iphone plus ios bring major software overhaul,2025-03-19 21:00:19+00:00,0
iPhone,10 Smartphone Photography Mistakes That Held Me Back for Years,These mistakes kept me stuck—don’t let them stop you.,2025-03-19 21:00:16+00:00,MakeUseOf,https://www.makeuseof.com/smartphone-photography-mistakes-held-back/,10 Smartphone Photography Mistakes That Held Me Back for Years These mistakes kept me stuck—don’t let them stop you.,smartphone photography mistakes held years mistakes kept stuckdont let stop,2025-03-19 21:00:16+00:00,0
iPhone,UBC bans Chinese AI DeepSeek from its devices and networks,"UBC has banned Chinese AI tool DeepSeek from being used on university-owned devices and networks, citing security risks. Read more here",2025-03-19 20:51:27+00:00,Financial Post,https://financialpost.com/cybersecurity/ubc-bans-chinese-ai-deepseek,"UBC bans Chinese AI DeepSeek from its devices and networks UBC has banned Chinese AI tool DeepSeek from being used on university-owned devices and networks, citing security risks. Read more here",ubc bans chinese deepseek devices networks ubc banned chinese tool deepseek used universityowned devices networks citing security risks read,2025-03-19 20:51:27+00:00,8
iPhone,"Review: One Week with the M4 MacBook Air, A Top-Notch Device for Anyone (Almost)","Today, I get to review the M4 MacBook Air 2025: Apple's newest device has not only received the latest processor from Cupertino but also a nice little price drop. From all-day battery life to a gorgeous display, there's a lot to love, but is it for everybody …",2025-03-19 20:46:00+00:00,The Mac Observer,https://www.macobserver.com/news/review-one-week-with-the-m4-macbook-air-a-top-notch-device-for-anyone-almost/,"Review: One Week with the M4 MacBook Air, A Top-Notch Device for Anyone (Almost) Today, I get to review the M4 MacBook Air 2025: Apple's newest device has not only received the latest processor from Cupertino but also a nice little price drop. From all-day battery life to a gorgeous display, there's a lot to love, but is it for everybody …",review week macbook air topnotch device today review macbook air apples newest device received latest processor cupertino nice little price drop allday battery life gorgeous display theres lot love everybody,2025-03-19 20:46:00+00:00,1
iPhone,Lucky Mobile and Chatr Drop 25GB Plan Deals—Who Wins?,"Bell-owned Lucky Mobile and Rogers-owned Chatr have now launched new 25GB plans, matching each other, alongside one free month promotions. These prepaid brands have brought back the $29/25GB plan we saw back in March 2024. As for the free month promos, Lucky …",2025-03-19 20:42:20+00:00,iPhone in Canada,https://www.iphoneincanada.ca/2025/03/19/lucky-mobile-and-chatr-drop-25gb-plan-deals-who-wins/,"Lucky Mobile and Chatr Drop 25GB Plan Deals—Who Wins? Bell-owned Lucky Mobile and Rogers-owned Chatr have now launched new 25GB plans, matching each other, alongside one free month promotions. These prepaid brands have brought back the $29/25GB plan we saw back in March 2024. As for the free month promos, Lucky …",lucky mobile chatr drop plan dealswho wins bellowned lucky mobile rogersowned chatr launched new plans matching alongside free month promotions prepaid brands brought plan saw march free month promos lucky,2025-03-19 20:42:20+00:00,-1
iPhone,Sorry to Say the Google Pixel 9a is Actually Delayed,That seemingly-great Android deal is on hold for now as Google works out some manufacturing issues.,2025-03-19 20:30:08+00:00,Gizmodo.com,https://gizmodo.com/sorry-to-say-the-google-pixel-9a-is-actually-delayed-2000578272,Sorry to Say the Google Pixel 9a is Actually Delayed That seemingly-great Android deal is on hold for now as Google works out some manufacturing issues.,sorry say google pixel actually delayed seeminglygreat android deal hold google works manufacturing issues,2025-03-19 20:30:08+00:00,15
iPhone,"Apple won’t have to enable sideloading for users in Brazil, at least for now","Apple has been facing scrutiny in Brazil over the App Store. Earlier this month, a Brazilian court ruled that Apple would have 90 days to allow sideloading on iOS for iPhone users in Brazil – but things are about to change. That’s because another judge has no…",2025-03-19 20:25:03+00:00,9to5Mac,https://9to5mac.com/2025/03/19/apple-wont-have-to-enable-sideloading-for-users-in-brazil-at-least-for-now/,"Apple won’t have to enable sideloading for users in Brazil, at least for now Apple has been facing scrutiny in Brazil over the App Store. Earlier this month, a Brazilian court ruled that Apple would have 90 days to allow sideloading on iOS for iPhone users in Brazil – but things are about to change. That’s because another judge has no…",apple wont enable sideloading users brazil apple facing scrutiny brazil app store earlier month brazilian court ruled apple days allow sideloading ios iphone users brazil things change thats judge,2025-03-19 20:25:03+00:00,6
iPhone,Google and Apple found in violation of EU law,"Google (GOOGL) and Apple (AAPL) on Wednesday were found in violation of the European Union’s landmark antitrust law, the European Commission, the EU’s executive body, said in two press releases on Wednesday.Read more...",2025-03-19 20:25:00+00:00,Quartz India,https://qz.com/google-apple-violation-of-eu-law-1851771086,"Google and Apple found in violation of EU law Google (GOOGL) and Apple (AAPL) on Wednesday were found in violation of the European Union’s landmark antitrust law, the European Commission, the EU’s executive body, said in two press releases on Wednesday.Read more...",google apple violation law google googl apple aapl wednesday violation european unions landmark antitrust law european commission eus executive body said press releases wednesdayread,2025-03-19 20:25:00+00:00,6
iPhone,"iOS 18.4 makes your Safari search history way more visible, for better or worse [U]","Apple has been running a variety of ads over the past year pushing Safari as the privacy-friendly browser choice for iPhone, iPad, and Mac users. But in iOS 18.4 beta 1, there’s a new Safari feature that may accidentally undercut that message—despite offering…",2025-03-19 20:23:08+00:00,9to5Mac,https://9to5mac.com/2025/03/19/ios-184-makes-your-safari-search-history-way-more-visible/,"iOS 18.4 makes your Safari search history way more visible, for better or worse [U] Apple has been running a variety of ads over the past year pushing Safari as the privacy-friendly browser choice for iPhone, iPad, and Mac users. But in iOS 18.4 beta 1, there’s a new Safari feature that may accidentally undercut that message—despite offering…",ios makes safari search history way visible better worse apple running variety ads past year pushing safari privacyfriendly browser choice iphone ipad mac users ios beta theres new safari feature accidentally undercut messagedespite offering,2025-03-19 20:23:08+00:00,0
iPhone,"In Trump's Face, the EU's War on American Tech Giants Apple, Google and Amazon Marches on","European Union regulators are taking steps to rein in Google and Apple  on antitrust charges, even as U.S. President Donald Trump threatens to hit the bloc with tariffs for alleged “overseas extortion” of America’s tech giants.",2025-03-19 20:21:51+00:00,Patently Apple,https://www.patentlyapple.com/2025/03/in-trumps-face-the-eus-war-on-american-tech-giants-apple-google-and-amazon-marches-on.html,"In Trump's Face, the EU's War on American Tech Giants Apple, Google and Amazon Marches on European Union regulators are taking steps to rein in Google and Apple  on antitrust charges, even as U.S. President Donald Trump threatens to hit the bloc with tariffs for alleged “overseas extortion” of America’s tech giants.",trumps face eus war american tech giants apple google amazon marches european union regulators taking steps rein google apple antitrust charges president donald trump threatens hit bloc tariffs alleged overseas extortion americas tech giants,2025-03-19 20:21:51+00:00,2
iPhone,I tested this cheap triple-port charger from Belkin and it’s perfectly sized for any nook and cranny,"This Belkin wall charger will get your devices fighting fit in no time, so long as they’re not particularly power hungry.",2025-03-19 20:20:00+00:00,TechRadar,https://www.techradar.com/phones/phone-accessories/belkin-boostcharge-3-port-usb-c-wall-charger-with-pps-67w-review,"I tested this cheap triple-port charger from Belkin and it’s perfectly sized for any nook and cranny This Belkin wall charger will get your devices fighting fit in no time, so long as they’re not particularly power hungry.",tested cheap tripleport charger belkin perfectly sized nook cranny belkin wall charger devices fighting fit time long theyre particularly power hungry,2025-03-19 20:20:00+00:00,12
iPhone,The EU Won't Stop Apple From Making a Port-Free iPhone. That Doesn't Mean It Will,There are several reasons Apple might choose to include a USB-C port on the rumored iPhone 17 Air. Regulation isn't one of them.,2025-03-19 20:14:33+00:00,CNET,https://www.cnet.com/tech/mobile/the-eu-wont-stop-apple-from-making-a-port-free-iphone-that-doesnt-mean-it-will/,The EU Won't Stop Apple From Making a Port-Free iPhone. That Doesn't Mean It Will There are several reasons Apple might choose to include a USB-C port on the rumored iPhone 17 Air. Regulation isn't one of them.,wont stop apple making portfree iphone doesnt mean reasons apple choose include usbc port rumored iphone air regulation isnt,2025-03-19 20:14:33+00:00,6
iPhone,Apple’s portless iPhone could be more than a concept,The European Union confirmed that Apple can make portless iPhones without USB-C.,2025-03-19 20:13:53+00:00,Digital Trends,https://www.digitaltrends.com/mobile/apples-portless-iphone-could-be-more-than-a-concept/,Apple’s portless iPhone could be more than a concept The European Union confirmed that Apple can make portless iPhones without USB-C.,apples portless iphone concept european union confirmed apple make portless iphones usbc,2025-03-19 20:13:53+00:00,6
iPhone,First look at iPhone 17 Air case shows large camera bar cutout,"Apple’s upcoming iPhone 17 Air has a lot going for it. But it will also have at least one notable shortcoming: only a single rear camera. In our first look at a case for the iPhone 17 Air, however, it’s clear that Apple plans to give that camera its own uniqu…",2025-03-19 20:12:03+00:00,9to5Mac,https://9to5mac.com/2025/03/19/first-look-at-iphone-17-air-case-shows-large-camera-bar-cutout/,"First look at iPhone 17 Air case shows large camera bar cutout Apple’s upcoming iPhone 17 Air has a lot going for it. But it will also have at least one notable shortcoming: only a single rear camera. In our first look at a case for the iPhone 17 Air, however, it’s clear that Apple plans to give that camera its own uniqu…",look iphone air case shows large camera bar cutout apples upcoming iphone air lot going notable shortcoming single rear camera look case iphone air clear apple plans camera uniqu,2025-03-19 20:12:03+00:00,0
iPhone,Google Slams the EU: Search and Android Rules Will Backfire,"Google has criticized the European Commission’s latest demands for changes to Google Search, Android, and the Play Store, arguing they will harm European businesses, degrade user experience, and weaken security. In a statement, Oliver Bethell, Google’s Senior…",2025-03-19 20:10:53+00:00,iPhone in Canada,https://www.iphoneincanada.ca/2025/03/19/google-eus-search-and-android-rules-will-backfire/,"Google Slams the EU: Search and Android Rules Will Backfire Google has criticized the European Commission’s latest demands for changes to Google Search, Android, and the Play Store, arguing they will harm European businesses, degrade user experience, and weaken security. In a statement, Oliver Bethell, Google’s Senior…",google slams search android rules backfire google criticized european commissions latest demands changes google search android play store arguing harm european businesses degrade user experience weaken security statement oliver bethell googles senior,2025-03-19 20:10:53+00:00,6
iPhone,Latest iOS 18.4 Beta Lets You Turn Off Privacy-Compromising Search Feature,"iOS 18.4 includes a new Safari feature that puts your searches front and center, showing your recent search history whenever you open up a new Safari tab and tap into the search field.





When the feature first came out in the iOS 18.4 beta, there was no op…",2025-03-19 20:09:31+00:00,MacRumors,https://www.macrumors.com/2025/03/19/ios-18-4-safari-search-feature-update/,"Latest iOS 18.4 Beta Lets You Turn Off Privacy-Compromising Search Feature iOS 18.4 includes a new Safari feature that puts your searches front and center, showing your recent search history whenever you open up a new Safari tab and tap into the search field.





When the feature first came out in the iOS 18.4 beta, there was no op…",latest ios beta lets turn privacycompromising search feature ios includes new safari feature puts searches center showing recent search history open new safari tab tap search field feature came ios beta,2025-03-19 20:09:31+00:00,0
iPhone,iPhone 16e’s Apple C1 modem vs. iPhone 16’s Qualcomm modem,"Apple’s new iPhone 16e debuted in late February with much fanfare because it’s the first device to include the Apple-designed C1 modem…
The post iPhone 16e’s Apple C1 modem vs. iPhone 16’s Qualcomm modem appeared first on MacDailyNews.",2025-03-19 20:04:49+00:00,Macdailynews.com,https://macdailynews.com/2025/03/19/iphone-16es-apple-c1-modem-vs-iphone-16s-qualcomm-modem/,"iPhone 16e’s Apple C1 modem vs. iPhone 16’s Qualcomm modem Apple’s new iPhone 16e debuted in late February with much fanfare because it’s the first device to include the Apple-designed C1 modem…
The post iPhone 16e’s Apple C1 modem vs. iPhone 16’s Qualcomm modem appeared first on MacDailyNews.",iphone apple modem iphone qualcomm modem apples new iphone debuted late february fanfare device include appledesigned modem post iphone apple modem iphone qualcomm modem appeared macdailynews,2025-03-19 20:04:49+00:00,6
iPhone,The EU wants Apple to open iOS to competitors and this is the mother of all bad ideas,"The EU wants Apple to open its OS and key features to competitors, which is a very bad idea.",2025-03-19 19:45:09+00:00,TechRadar,https://www.techradar.com/phones/iphone/the-eu-wants-apple-to-open-ios-to-competitors-and-this-is-the-mother-of-all-bad-ideas,"The EU wants Apple to open iOS to competitors and this is the mother of all bad ideas The EU wants Apple to open its OS and key features to competitors, which is a very bad idea.",wants apple open ios competitors mother bad ideas wants apple open key features competitors bad idea,2025-03-19 19:45:09+00:00,6
iPhone,Some early iPhone 16e adopters affected by Bluetooth audio streaming issues,"Some iPhone 16e owners have complained about Bluetooth audio streaming issues on their handset, but Apple so far has been mum on the matter.",2025-03-19 19:45:08+00:00,Idownloadblog.com,https://www.idownloadblog.com/2025/03/19/apple-iphone-16-bluetooth-issue-audio-streaming/,"Some early iPhone 16e adopters affected by Bluetooth audio streaming issues Some iPhone 16e owners have complained about Bluetooth audio streaming issues on their handset, but Apple so far has been mum on the matter.",early iphone adopters affected bluetooth audio streaming issues iphone owners complained bluetooth audio streaming issues handset apple far mum matter,2025-03-19 19:45:08+00:00,6
iPhone,Review: Anker's Prime Lineup of Travel Charging Accessories Delivers Advanced Tech in Small Packages,"While Anker is known for a broad array of charging accessories, the Anker Prime family features some of the company's most advanced technology and feature sets to deliver a premium experience.





I've been testing out a few Anker Prime travel accessories ov…",2025-03-19 19:40:56+00:00,MacRumors,https://www.macrumors.com/review/anker-prime-charging-accessories/,"Review: Anker's Prime Lineup of Travel Charging Accessories Delivers Advanced Tech in Small Packages While Anker is known for a broad array of charging accessories, the Anker Prime family features some of the company's most advanced technology and feature sets to deliver a premium experience.





I've been testing out a few Anker Prime travel accessories ov…",review ankers prime lineup travel charging accessories delivers advanced tech small packages anker known broad array charging accessories anker prime family features companys advanced technology feature sets deliver premium experience ive testing anker prime travel accessories,2025-03-19 19:40:56+00:00,12
MacBook,80% of Mac Sales Now Macbooks,"Apple has updated its MacBook lineup with new M4 chips. In May 2024, Apple brought out M4 chips for various products. The company launched MacBook Pro models with M4 chipsets in October 2024, and announced M4 MacBook Air laptops earlier this month.



Laptops…",2025-03-20 05:53:23+00:00,The Mac Observer,https://www.macobserver.com/news/80-of-mac-sales-now-macbooks/,"80% of Mac Sales Now Macbooks Apple has updated its MacBook lineup with new M4 chips. In May 2024, Apple brought out M4 chips for various products. The company launched MacBook Pro models with M4 chipsets in October 2024, and announced M4 MacBook Air laptops earlier this month.



Laptops…",mac sales macbooks apple updated macbook lineup new chips apple brought chips various products company launched macbook pro models chipsets october announced macbook air laptops earlier month laptops,2025-03-20 05:53:23+00:00,1
MacBook,ASUS Zenbook A14 Review: Featherweight Champion with Heavyweight Endurance,ASUS Zenbook A14 Review: Featherweight Champion with Heavyweight EnduranceWhat happens when design priorities shift dramatically toward absolute portability? Imagine a laptop so light it almost disappears in your bag yet packs the punch...,2025-03-19 22:30:33+00:00,Yanko Design,https://www.yankodesign.com/2025/03/19/asus-zenbook-a14-review-featherweight-champion-with-heavyweight-endurance/,ASUS Zenbook A14 Review: Featherweight Champion with Heavyweight Endurance ASUS Zenbook A14 Review: Featherweight Champion with Heavyweight EnduranceWhat happens when design priorities shift dramatically toward absolute portability? Imagine a laptop so light it almost disappears in your bag yet packs the punch...,asus zenbook review featherweight champion heavyweight endurance asus zenbook review featherweight champion heavyweight endurancewhat happens design priorities shift dramatically absolute portability imagine laptop light disappears bag packs punch,2025-03-19 22:30:33+00:00,1
MacBook,Save $209 on 13″ M3 MacBook Air 16/256GB at Amazon,"If you're looking for a high-performance machine without splurging on the Pro lineup, here's a steal deal for you.



Amazon is offering a 19% discount on a 13-inch MacBook Pro M3 with 16GB RAM and 256GB SSD. That means you can grab this powerhouse Air for ju…",2025-03-19 22:02:39+00:00,The Mac Observer,https://www.macobserver.com/deals/save-209-on-13-m3-macbook-air-16-256gb-at-amazon/,"Save $209 on 13″ M3 MacBook Air 16/256GB at Amazon If you're looking for a high-performance machine without splurging on the Pro lineup, here's a steal deal for you.



Amazon is offering a 19% discount on a 13-inch MacBook Pro M3 with 16GB RAM and 256GB SSD. That means you can grab this powerhouse Air for ju…",save macbook air amazon youre looking highperformance machine splurging pro lineup heres steal deal amazon offering discount inch macbook pro ram ssd means grab powerhouse air,2025-03-19 22:02:39+00:00,1
MacBook,The MacBook Pro is one of the best laptops for astronomers and it's just hit its lowest-ever price,Get the powerful 2024 MacBook Pro with the latest M4 chip with a huge $200 reduction in this Amazon deal.,2025-03-19 21:30:00+00:00,Space.com,https://www.space.com/stargazing/astronomy-kit/macbook-pro-m4-deal,The MacBook Pro is one of the best laptops for astronomers and it's just hit its lowest-ever price Get the powerful 2024 MacBook Pro with the latest M4 chip with a huge $200 reduction in this Amazon deal.,macbook pro best laptops astronomers just hit lowestever price powerful macbook pro latest chip huge reduction amazon deal,2025-03-19 21:30:00+00:00,1
MacBook,Innovative 6-port hub also offers iPad stand and even media controls,"The Zagg 6-port hub and Pro dock hold up your iPad or MacBook while adding a variety of useful ports. Zagg just launched other new hubs, too.
(via Cult of Mac - Apple news, rumors, reviews and how-tos)",2025-03-19 20:45:30+00:00,Cult of Mac,https://www.cultofmac.com/news/zagg-6-port-hub-pro-dock,"Innovative 6-port hub also offers iPad stand and even media controls The Zagg 6-port hub and Pro dock hold up your iPad or MacBook while adding a variety of useful ports. Zagg just launched other new hubs, too.
(via Cult of Mac - Apple news, rumors, reviews and how-tos)",innovative port hub offers ipad stand media controls zagg port hub pro dock hold ipad macbook adding variety useful ports zagg just launched new hubs cult mac apple news rumors reviews howtos,2025-03-19 20:45:30+00:00,5
MacBook,Deals: M3 MacBook Air 13″ 24GB / 512GB for $1099,"Sure Apple just spec-bumped the MacBook Air to have an M4 chip, but if you don’t mind having the M3 chip instead, you can get a whopping 27% off the original retail price of an upgraded model with 24GB RAM and a 512GB SSD. This is still a fantastic Mac and ha…",2025-03-19 20:28:41+00:00,Osxdaily.com,https://osxdaily.com/2025/03/19/deals-m3-macbook-air-13-24gb-512gb-for-1099/,"Deals: M3 MacBook Air 13″ 24GB / 512GB for $1099 Sure Apple just spec-bumped the MacBook Air to have an M4 chip, but if you don’t mind having the M3 chip instead, you can get a whopping 27% off the original retail price of an upgraded model with 24GB RAM and a 512GB SSD. This is still a fantastic Mac and ha…",deals macbook air sure apple just specbumped macbook air chip dont mind having chip instead whopping original retail price upgraded model ram ssd fantastic mac,2025-03-19 20:28:41+00:00,1
MacBook,There’s a big sale on the Pixel 9 Pro and Pixel 9 Pro right now,"This deal caught my eye last night. Google is knocking $200 off its flagship Pixel 9 Pro and Pixel 9 Pro XL, which means the smaller model now starts at $799, or the same price as the regular Pixel 9. That’s a no-brainer right there. Or, you can head to Best …",2025-03-19 20:16:58+00:00,The Verge,https://www.theverge.com/good-deals/632645/google-pixel-9-pro-xl-eero-pro-6e-deal-sale,"There’s a big sale on the Pixel 9 Pro and Pixel 9 Pro right now This deal caught my eye last night. Google is knocking $200 off its flagship Pixel 9 Pro and Pixel 9 Pro XL, which means the smaller model now starts at $799, or the same price as the regular Pixel 9. That’s a no-brainer right there. Or, you can head to Best …",theres big sale pixel pro pixel pro right deal caught eye night google knocking flagship pixel pro pixel pro means smaller model starts price regular pixel thats nobrainer right head best,2025-03-19 20:16:58+00:00,15
MacBook,The Galaxy S25 Ultra is a total beast - and this Amazon deal makes it even better,"The slimmer design, enhanced processor, and Galaxy AI features make this year's Ultra flagship better than ever. And it's on sale for 17% off at Amazon.",2025-03-19 18:55:00+00:00,ZDNet,https://www.zdnet.com/article/the-galaxy-s25-ultra-is-a-total-beast-and-this-amazon-deal-makes-it-even-better/,"The Galaxy S25 Ultra is a total beast - and this Amazon deal makes it even better The slimmer design, enhanced processor, and Galaxy AI features make this year's Ultra flagship better than ever. And it's on sale for 17% off at Amazon.",galaxy ultra total beast amazon deal makes better slimmer design enhanced processor galaxy features make years ultra flagship better sale amazon,2025-03-19 18:55:00+00:00,1
MacBook,I replaced my Kindle and iPad within hours of using this tablet - and it's $100 off right now,"I've used a Kindle for years, but with the TCL Tab 10 Nxtpaper 5G now on sale, it's become my go-to e-reader tablet - at least until the next model arrives.",2025-03-19 18:40:00+00:00,ZDNet,https://www.zdnet.com/article/i-replaced-my-kindle-and-ipad-within-hours-of-using-this-tablet-and-its-100-off-right-now/,"I replaced my Kindle and iPad within hours of using this tablet - and it's $100 off right now I've used a Kindle for years, but with the TCL Tab 10 Nxtpaper 5G now on sale, it's become my go-to e-reader tablet - at least until the next model arrives.",replaced kindle ipad hours using tablet right ive used kindle years tcl tab nxtpaper sale goto ereader tablet model arrives,2025-03-19 18:40:00+00:00,5
MacBook,Grab two already-affordable 30W 2-port Type-C wall chargers plus a couple USB-C cables for $16 (Save 27%),"2-pack of INIU 30W 2-Port USB-C Wall Chargers with Cables



Buy for $16 (Reg. $22)



Clip the on-page 10% off coupon.














What we love




You’re looking at a solid value here today with two 30W wall chargers plus a couple of USB-C cables at on…",2025-03-19 17:10:00+00:00,9to5Toys,http://9to5toys.com/2025/03/19/iniu-30w-2-port-usb-c-wall-chargers-with-cables/,"Grab two already-affordable 30W 2-port Type-C wall chargers plus a couple USB-C cables for $16 (Save 27%) 2-pack of INIU 30W 2-Port USB-C Wall Chargers with Cables



Buy for $16 (Reg. $22)



Clip the on-page 10% off coupon.














What we love




You’re looking at a solid value here today with two 30W wall chargers plus a couple of USB-C cables at on…",grab alreadyaffordable port typec wall chargers plus couple usbc cables save pack iniu port usbc wall chargers cables buy reg clip onpage coupon love youre looking solid value today wall chargers plus couple usbc cables,2025-03-19 17:10:00+00:00,12
MacBook,Grab an Apple Studio Display at near-lifetime low price,"This deal makes Apple's fantastic Studio Display available with a massive $300 discount, dropping its price to a near-record low of $1,299.
(via Cult of Mac - Apple news, rumors, reviews and how-tos)",2025-03-19 17:00:54+00:00,Cult of Mac,https://www.cultofmac.com/deals/apple-studio-display-deal,"Grab an Apple Studio Display at near-lifetime low price This deal makes Apple's fantastic Studio Display available with a massive $300 discount, dropping its price to a near-record low of $1,299.
(via Cult of Mac - Apple news, rumors, reviews and how-tos)",grab apple studio display nearlifetime low price deal makes apples fantastic studio display available massive discount dropping price nearrecord low cult mac apple news rumors reviews howtos,2025-03-19 17:00:54+00:00,9
MacBook,"Surface Laptop 7 sale: Save big on ""the clamshell form factor perfected""","Microsoft's Surface Laptop 7 earned a perfect score in our review, and now it's on sale for $885. The deal slashes the cost of the thin-and-light laptop.",2025-03-19 16:43:02+00:00,Windows Central,https://www.windowscentral.com/hardware/laptops/surface-laptop-7-sale-save-big-on-the-clamshell-form-factor-perfected,"Surface Laptop 7 sale: Save big on ""the clamshell form factor perfected"" Microsoft's Surface Laptop 7 earned a perfect score in our review, and now it's on sale for $885. The deal slashes the cost of the thin-and-light laptop.",surface laptop sale save big clamshell form factor perfected microsofts surface laptop earned perfect score review sale deal slashes cost thinandlight laptop,2025-03-19 16:43:02+00:00,1
MacBook,importing saved searches,"Working on improving the access to footnotes, I devised a Regex which worked well on my MacBook and I saved it in the Saved Searches.

Later, I wanted to run the same regex on my linux box and ended up copying the 'sigil_searches_v6.ini' file from the MacBook…",2025-03-19 16:34:45+00:00,Mobileread.com,https://www.mobileread.com/forums/showthread.php?s=701b377ab1f5674082304d9330a67285&p=4498539#post4498539,"importing saved searches Working on improving the access to footnotes, I devised a Regex which worked well on my MacBook and I saved it in the Saved Searches.

Later, I wanted to run the same regex on my linux box and ended up copying the 'sigil_searches_v6.ini' file from the MacBook…",importing saved searches working improving access footnotes devised regex worked macbook saved saved searches later wanted run regex linux box ended copying sigilsearchesvini file macbook,2025-03-19 16:34:45+00:00,0
MacBook,"Amazon issues record-breaking $1,249 Apple Studio Display deal (save $350)","Amazon has slashed the price of the Apple Studio Display to $1,249, the lowest price on record. Pair it with the company's Mac deals, which start at just $529, for an updated setup at a fraction of the retail cost.Save $350 on the Apple Studio Display.Expandi…",2025-03-19 16:29:24+00:00,AppleInsider,https://appleinsider.com/articles/25/03/19/amazon-issues-record-breaking-1249-apple-studio-display-deal-save-350,"Amazon issues record-breaking $1,249 Apple Studio Display deal (save $350) Amazon has slashed the price of the Apple Studio Display to $1,249, the lowest price on record. Pair it with the company's Mac deals, which start at just $529, for an updated setup at a fraction of the retail cost.Save $350 on the Apple Studio Display.Expandi…",amazon issues recordbreaking apple studio display deal save amazon slashed price apple studio display lowest price record pair companys mac deals start just updated setup fraction retail costsave apple studio displayexpandi,2025-03-19 16:29:24+00:00,9
MacBook,Apple Studio Display hits a lifetime low price in this amazing deal,"Apple's fantastic Studio Display is available with a massive $350 discount, dropping its price to a record low of $1,249.
(via Cult of Mac - Apple news, rumors, reviews and how-tos)",2025-03-19 16:00:54+00:00,Cult of Mac,https://www.cultofmac.com/news/apple-studio-display-deal,"Apple Studio Display hits a lifetime low price in this amazing deal Apple's fantastic Studio Display is available with a massive $350 discount, dropping its price to a record low of $1,249.
(via Cult of Mac - Apple news, rumors, reviews and how-tos)",apple studio display hits lifetime low price amazing deal apples fantastic studio display available massive discount dropping price record low cult mac apple news rumors reviews howtos,2025-03-19 16:00:54+00:00,9
MacBook,Clearance and Open-Box Laptops at Best Buy From $108 + free shipping,"Save on over 40 builds from Lenovo, Asus, HP, Apple, and more. We've pictured the Open-Box Apple MacBook Air M2 13.6"" Laptop (2022) from $717.99. Buy Now at Best Buy",2025-03-19 15:28:32+00:00,Dealnews.com,https://www.dealnews.com/Clearance-and-Open-Box-Laptops-at-Best-Buy-From-108-free-shipping/21725479.html,"Clearance and Open-Box Laptops at Best Buy From $108 + free shipping Save on over 40 builds from Lenovo, Asus, HP, Apple, and more. We've pictured the Open-Box Apple MacBook Air M2 13.6"" Laptop (2022) from $717.99. Buy Now at Best Buy",clearance openbox laptops best buy free shipping save builds lenovo asus apple weve pictured openbox apple macbook air laptop buy best buy,2025-03-19 15:28:32+00:00,1
MacBook,"New M4 MacBook Air is great, but MacBook Pro still commands Apple's laptop business","Apple's M4 MacBook Air is more powerful than ever, but the MacBook Pro still dominates the premium laptop market.MacBook AirApple's laptop lineup received significant updates recently, with both the MacBook Pro and MacBook Air transitioning to the M4 chipset.…",2025-03-19 15:23:49+00:00,AppleInsider,https://appleinsider.com/articles/25/03/19/new-m4-macbook-air-is-great-but-macbook-pro-still-commands-apples-laptop-business,"New M4 MacBook Air is great, but MacBook Pro still commands Apple's laptop business Apple's M4 MacBook Air is more powerful than ever, but the MacBook Pro still dominates the premium laptop market.MacBook AirApple's laptop lineup received significant updates recently, with both the MacBook Pro and MacBook Air transitioning to the M4 chipset.…",new macbook air great macbook pro commands apples laptop business apples macbook air powerful macbook pro dominates premium laptop marketmacbook airapples laptop lineup received significant updates recently macbook pro macbook air transitioning chipset,2025-03-19 15:23:49+00:00,1
MacBook,"One of our favorite full-grain leather Apple Watch bands just dropped from $80 to $42, more",One of our favorite leather Apple gear accessory makers is back at it again today with a fresh spring clearance sale. While our exclusive offers on its leather cases for the new M4 MacBook Air and M3 iPad Air are still live at 25% off – details on those offer…,2025-03-19 14:34:52+00:00,9to5Toys,http://9to5toys.com/2025/03/19/favorite-full-grain-leather-apple-watch-bands/,"One of our favorite full-grain leather Apple Watch bands just dropped from $80 to $42, more One of our favorite leather Apple gear accessory makers is back at it again today with a fresh spring clearance sale. While our exclusive offers on its leather cases for the new M4 MacBook Air and M3 iPad Air are still live at 25% off – details on those offer…",favorite fullgrain leather apple watch bands just dropped favorite leather apple gear accessory makers today fresh spring clearance sale exclusive offers leather cases new macbook air ipad air live details offer,2025-03-19 14:34:52+00:00,5
MacBook,Why I recommend this budget Lenovo ThinkPad over laptops that cost twice the price,The sixth-generation Lenovo ThinkPad E14 is a dependable workhorse laptop that delivers solid performance without breaking the bank.,2025-03-19 14:23:00+00:00,ZDNet,https://www.zdnet.com/article/why-i-recommend-this-budget-lenovo-thinkpad-over-laptops-that-cost-twice-the-price/,Why I recommend this budget Lenovo ThinkPad over laptops that cost twice the price The sixth-generation Lenovo ThinkPad E14 is a dependable workhorse laptop that delivers solid performance without breaking the bank.,recommend budget lenovo thinkpad laptops cost twice price sixthgeneration lenovo thinkpad dependable workhorse laptop delivers solid performance breaking bank,2025-03-19 14:23:00+00:00,1
MacBook,12 Apple Pencil Pro features and settings every iPad user should know,Curious about the Apple Pencil Pro? Here are my favorite features and how I use them.,2025-03-19 14:01:00+00:00,ZDNet,https://www.zdnet.com/home-and-office/smart-office/12-apple-pencil-pro-features-and-settings-every-ipad-user-should-know/,12 Apple Pencil Pro features and settings every iPad user should know Curious about the Apple Pencil Pro? Here are my favorite features and how I use them.,apple pencil pro features settings ipad user know curious apple pencil pro favorite features use,2025-03-19 14:01:00+00:00,-1
MacBook,"Today’s best iOS app deals and freebies: Meganoid 2, Nerd Survivors, Dungeon Squad, more","Your mid-week lineup of App Store deals is now ready to go after the jump. Alongside today’s iOS game and app discounts, we are also still tracking a $270 price drop on Apple’s upgraded 24GB 14-inch M4 Pro MacBook Pro as well as a giant $774 deal on the lates…",2025-03-19 13:48:32+00:00,9to5Toys,http://9to5toys.com/2025/03/19/best-ios-app-deals-feebies-meganoid-2/,"Today’s best iOS app deals and freebies: Meganoid 2, Nerd Survivors, Dungeon Squad, more Your mid-week lineup of App Store deals is now ready to go after the jump. Alongside today’s iOS game and app discounts, we are also still tracking a $270 price drop on Apple’s upgraded 24GB 14-inch M4 Pro MacBook Pro as well as a giant $774 deal on the lates…",todays best ios app deals freebies meganoid nerd survivors dungeon squad midweek lineup app store deals ready jump alongside todays ios game app discounts tracking price drop apples upgraded inch pro macbook pro giant deal lates,2025-03-19 13:48:32+00:00,5
MacBook,"A 2024 MacBook Air for under $1,000? It has to be Amazon",How about them Apples?,2025-03-19 13:43:24+00:00,New York Post,https://nypost.com/2025/03/19/shopping/apple-2024-macbook-air-13-laptop-with-m3-chip-is-on-sale-amazon/,"A 2024 MacBook Air for under $1,000? It has to be Amazon How about them Apples?",macbook air amazon apples,2025-03-19 13:43:24+00:00,1
MacBook,"The touchscreen Mac Apple probably won’t make, and the one it will","I last year described the touchscreen Mac as “the idea that will not die.” No matter how many times Apple says it won’t make one, we see continued suggestions that it will, or should.



To be clear, Apple absolutely has made prototypes of touchscreen Macs. T…",2025-03-19 13:41:30+00:00,9to5Mac,https://9to5mac.com/2025/03/19/the-touchscreen-mac-apple-probably-wont-make-and-the-one-it-will/,"The touchscreen Mac Apple probably won’t make, and the one it will I last year described the touchscreen Mac as “the idea that will not die.” No matter how many times Apple says it won’t make one, we see continued suggestions that it will, or should.



To be clear, Apple absolutely has made prototypes of touchscreen Macs. T…",touchscreen mac apple probably wont make year described touchscreen mac idea die matter times apple says wont make continued suggestions clear apple absolutely prototypes touchscreen macs,2025-03-19 13:41:30+00:00,0
MacBook,This travel-ready Apple wall charger with dual USB-C is now 34% off,"These days, getting a new device doesn’t mean it comes with a power adapter—which is pretty annoying since those older power bricks are slower to charge with outdated ports. If you want to modernize, you can get this Apple-branded double USB-C wall plug for $…",2025-03-19 13:26:44+00:00,PCWorld,https://www.pcworld.com/article/2642240/this-travel-ready-apple-wall-charger-with-dual-usb-c-is-now-34-percent-off.html,"This travel-ready Apple wall charger with dual USB-C is now 34% off These days, getting a new device doesn’t mean it comes with a power adapter—which is pretty annoying since those older power bricks are slower to charge with outdated ports. If you want to modernize, you can get this Apple-branded double USB-C wall plug for $…",travelready apple wall charger dual usbc days getting new device doesnt mean comes power adapterwhich pretty annoying older power bricks slower charge outdated ports want modernize applebranded double usbc wall plug,2025-03-19 13:26:44+00:00,12
MacBook,GRWM: Here’s what players are packing for March Madness,"Headphones. Nutella. And “butt wipes.” These are some of the items several top women’s college basketball players have in their travel bags. March Madness means several weeks of playing on the road, so these athletes must pack every game-day necessity, from b…",2025-03-19 13:24:10+00:00,Andscape.com,https://andscape.com/features/grwm-heres-what-players-are-packing-for-march-madness/,"GRWM: Here’s what players are packing for March Madness Headphones. Nutella. And “butt wipes.” These are some of the items several top women’s college basketball players have in their travel bags. March Madness means several weeks of playing on the road, so these athletes must pack every game-day necessity, from b…",grwm heres players packing march madness headphones nutella butt wipes items womens college basketball players travel bags march madness means weeks playing road athletes pack gameday necessity,2025-03-19 13:24:10+00:00,-1
MacBook,Laptop & Tablet Flash Deals at Walmart: Up to 66% off + free shipping,"Save on new and refurb models, with prices on laptops starting below $100. We've pictured this Open-Box Apple MacBook Air M2 15.3"" Laptop (2023) for $799 ($850 to $1,000 elsewhere.) Shop Now at Walmart",2025-03-19 13:22:31+00:00,Dealnews.com,https://www.dealnews.com/Laptop-Tablet-Flash-Deals-at-Walmart-Up-to-66-off-free-shipping/21725441.html,"Laptop & Tablet Flash Deals at Walmart: Up to 66% off + free shipping Save on new and refurb models, with prices on laptops starting below $100. We've pictured this Open-Box Apple MacBook Air M2 15.3"" Laptop (2023) for $799 ($850 to $1,000 elsewhere.) Shop Now at Walmart",laptop tablet flash deals walmart free shipping save new refurb models prices laptops starting weve pictured openbox apple macbook air laptop shop walmart,2025-03-19 13:22:31+00:00,1
MacBook,Apple’s U.S. Mac sales up strongly with 25.9% YoY growth in Q424,"PC shipments U.S. grew 6% year on year to 17.7 million units in Q4 2024, , with Apple's U.S. Mac sales up posting 25.9% YoY growth in Q424…
The post Apple’s U.S. Mac sales up strongly with 25.9% YoY growth in Q424 appeared first on MacDailyNews.",2025-03-19 13:09:27+00:00,Macdailynews.com,https://macdailynews.com/2025/03/19/apples-u-s-mac-sales-up-strongly-with-25-9-yoy-growth-in-q424/,"Apple’s U.S. Mac sales up strongly with 25.9% YoY growth in Q424 PC shipments U.S. grew 6% year on year to 17.7 million units in Q4 2024, , with Apple's U.S. Mac sales up posting 25.9% YoY growth in Q424…
The post Apple’s U.S. Mac sales up strongly with 25.9% YoY growth in Q424 appeared first on MacDailyNews.",apples mac sales strongly yoy growth shipments grew year year million units apples mac sales posting yoy growth post apples mac sales strongly yoy growth appeared macdailynews,2025-03-19 13:09:27+00:00,-1
MacBook,The InfinaCore P3 Pro combines a power bank with a USB charger into one travel-ready gadget.,"REVIEW – When we travel to large cities, like Washington DC or Atlanta here in the States or like London or Paris in Europe, we typically bring a small army of gadgets that need power, including iPhones, iPads, Apple Watches, and Kindle Paperwhites. Our phone…",2025-03-19 12:43:10+00:00,The Gadgeteer,https://the-gadgeteer.com/2025/03/19/the-infinacore-p3-pro-combines-a-power-bank-with-a-usb-charger-into-one-travel-ready-gadget/,"The InfinaCore P3 Pro combines a power bank with a USB charger into one travel-ready gadget. REVIEW – When we travel to large cities, like Washington DC or Atlanta here in the States or like London or Paris in Europe, we typically bring a small army of gadgets that need power, including iPhones, iPads, Apple Watches, and Kindle Paperwhites. Our phone…",infinacore pro combines power bank usb charger travelready gadget review travel large cities like washington atlanta states like london paris europe typically bring small army gadgets need power including iphones ipads apple watches kindle paperwhites phone,2025-03-19 12:43:10+00:00,12
MacBook,"Forget Amazon's Spring Sale, Best Buy's Tech Fest has much better prices on tablets and phones",Don't always believe that a deal is good just because there's a red label on it.,2025-03-19 12:35:01+00:00,Creative Bloq,https://www.creativebloq.com/tech/phones-tablets/forget-amazons-spring-sale-best-buys-tech-fest-has-much-better-prices-on-tablets-and-phones,"Forget Amazon's Spring Sale, Best Buy's Tech Fest has much better prices on tablets and phones Don't always believe that a deal is good just because there's a red label on it.",forget amazons spring sale best buys tech fest better prices tablets phones dont believe deal good just theres red label,2025-03-19 12:35:01+00:00,5
MacBook,M4 MacBook Air vs. M3 Pro MacBook Pro: Performance Showdown,"Choosing between the M4 MacBook Air and the M3 Pro MacBook Pro often comes down to your specific priorities: whether you value portability or performance. Both devices are designed to cater to distinct user needs, offering unique advantages in areas such as d…",2025-03-19 11:30:26+00:00,Geeky Gadgets,https://www.geeky-gadgets.com/m4-macbook-air-vs-m3-pro-macbook-pro/,"M4 MacBook Air vs. M3 Pro MacBook Pro: Performance Showdown Choosing between the M4 MacBook Air and the M3 Pro MacBook Pro often comes down to your specific priorities: whether you value portability or performance. Both devices are designed to cater to distinct user needs, offering unique advantages in areas such as d…",macbook air pro macbook pro performance showdown choosing macbook air pro macbook pro comes specific priorities value portability performance devices designed cater distinct user needs offering unique advantages areas,2025-03-19 11:30:26+00:00,1
MacBook,"I can't recommend the 15-inch MacBook Air enough, even if it's not for me",Apple's latest M4 MacBook Air refines the ultraportable experience with modest yet notable hardware upgrades and a lower starting price.,2025-03-19 10:46:09+00:00,ZDNet,https://www.zdnet.com/article/i-cant-recommend-the-m4-15-inch-macbook-air-enough-even-if-its-not-for-me/,"I can't recommend the 15-inch MacBook Air enough, even if it's not for me Apple's latest M4 MacBook Air refines the ultraportable experience with modest yet notable hardware upgrades and a lower starting price.",recommend inch macbook air apples latest macbook air refines ultraportable experience modest notable hardware upgrades lower starting price,2025-03-19 10:46:09+00:00,1
MacBook,M1 vs M4 MacBook Air – HECK YES it’s Finally Upgrade Time,"The M4 MacBook Air represents a notable evolution in design, performance, and functionality when compared to the M1 model. With advancements in processing power, display quality, and overall usability, it positions itself as a strong choice for users seeking …",2025-03-19 10:30:25+00:00,Geeky Gadgets,https://www.geeky-gadgets.com/m1-vs-m4-macbook-air-heck-yes-its-finally-upgrade-time/,"M1 vs M4 MacBook Air – HECK YES it’s Finally Upgrade Time The M4 MacBook Air represents a notable evolution in design, performance, and functionality when compared to the M1 model. With advancements in processing power, display quality, and overall usability, it positions itself as a strong choice for users seeking …",macbook air heck yes finally upgrade time macbook air represents notable evolution design performance functionality compared model advancements processing power display quality overall usability positions strong choice users seeking,2025-03-19 10:30:25+00:00,1
MacBook,Digital Hygiene,"Article URL: https://karpathy.bearblog.dev/digital-hygiene/
Comments URL: https://news.ycombinator.com/item?id=43408564
Points: 5
# Comments: 0",2025-03-19 05:38:52+00:00,Bearblog.dev,https://karpathy.bearblog.dev/digital-hygiene/,"Digital Hygiene Article URL: https://karpathy.bearblog.dev/digital-hygiene/
Comments URL: https://news.ycombinator.com/item?id=43408564
Points: 5
# Comments: 0",digital hygiene article url comments url points comments,2025-03-19 05:38:52+00:00,-1
MacBook,Will Apple's first foldable be a MacBook or an iPad? The OS it will run gives away the answer,The first foldable device from Apple is expected to be a foldable MacBook that will run macOS.,2025-03-19 00:40:34+00:00,PhoneArena,https://www.phonearena.com/news/apples-first-foldable-will-run-mac-software-not-ipad_id168614,Will Apple's first foldable be a MacBook or an iPad? The OS it will run gives away the answer The first foldable device from Apple is expected to be a foldable MacBook that will run macOS.,apples foldable macbook ipad run gives away answer foldable device apple expected foldable macbook run macos,2025-03-19 00:40:34+00:00,16
MacBook,How to not charge my Macbook Air,Bottom line up front: can I let a Macbook Air battery discharge WHILE it's plugged into the Studio Display?I just bought a new Macbook Air and this time I finally convinced myself to treat myself to the Studio Display for my desk at home. So much nicer! I wou…,2025-03-19 00:23:42+00:00,Metafilter.com,https://ask.metafilter.com/384949/How-to-not-charge-my-Macbook-Air,How to not charge my Macbook Air Bottom line up front: can I let a Macbook Air battery discharge WHILE it's plugged into the Studio Display?I just bought a new Macbook Air and this time I finally convinced myself to treat myself to the Studio Display for my desk at home. So much nicer! I wou…,charge macbook air line let macbook air battery discharge plugged studio displayi just bought new macbook air time finally convinced treat studio display desk home nicer wou,2025-03-19 00:23:42+00:00,1
MacBook,Will Apple's Large-Screened Foldable be an iPad or a Mac?,"Along with a foldable iPhone, Apple is working on a larger foldable device that's somewhere around 19 inches, but rumors have been split on whether it's an iPad or a Mac. Some reports refer to the device as an ‌iPad‌, while some call it a Mac, and the split s…",2025-03-18 23:09:55+00:00,MacRumors,https://www.macrumors.com/2025/03/18/apple-foldable-ipad-or-mac/,"Will Apple's Large-Screened Foldable be an iPad or a Mac? Along with a foldable iPhone, Apple is working on a larger foldable device that's somewhere around 19 inches, but rumors have been split on whether it's an iPad or a Mac. Some reports refer to the device as an ‌iPad‌, while some call it a Mac, and the split s…",apples largescreened foldable ipad mac foldable iphone apple working larger foldable device thats inches rumors split ipad mac reports refer device ipad mac split,2025-03-18 23:09:55+00:00,16
MacBook,Twelve South’s PlugBug USB-C Wall Charger with Apple Find My hits Amazon all-time low at $43 (Reg. $70),Update: We are now tracking a new Amazon all-time low on the 2-port 50W model Twelve South PlugBug USB-C Wall Charger with Find My down at $42.99 shipped – this is the lowest price we have tracked outside of a very limited Woot offer that only lasted for a co…,2025-03-18 21:30:08+00:00,9to5Toys,http://9to5toys.com/2025/03/18/twelve-south-plugbu-wall-charger-apple-find-my/,Twelve South’s PlugBug USB-C Wall Charger with Apple Find My hits Amazon all-time low at $43 (Reg. $70) Update: We are now tracking a new Amazon all-time low on the 2-port 50W model Twelve South PlugBug USB-C Wall Charger with Find My down at $42.99 shipped – this is the lowest price we have tracked outside of a very limited Woot offer that only lasted for a co…,souths plugbug usbc wall charger apple hits amazon alltime low reg update tracking new amazon alltime low port model south plugbug usbc wall charger shipped lowest price tracked outside limited woot offer lasted,2025-03-18 21:30:08+00:00,12
MacBook,Apple’s first foldable iPhone could beat the Samsung Galaxy Z Fold 7 in one key way,Apple’s foldable iPhone might have a battery trick up its sleeve to beat Samsung’s best.,2025-03-18 21:30:00+00:00,TechRadar,https://www.techradar.com/phones/apples-first-foldable-iphone-could-beat-the-samsung-galaxy-z-fold-7-in-one-key-way,Apple’s first foldable iPhone could beat the Samsung Galaxy Z Fold 7 in one key way Apple’s foldable iPhone might have a battery trick up its sleeve to beat Samsung’s best.,apples foldable iphone beat samsung galaxy fold key way apples foldable iphone battery trick sleeve beat samsungs best,2025-03-18 21:30:00+00:00,16
MacBook,12 Apple Pencil Pro tips and tricks that turned me into a stylus fan - plus it's on sale,Curious about the Apple Pencil Pro? Here are my favorite features and how I use them.,2025-03-18 20:18:00+00:00,ZDNet,https://www.zdnet.com/home-and-office/smart-office/12-apple-pencil-pro-tips-and-tricks-that-turned-me-into-a-stylus-fan-plus-its-on-sale/,12 Apple Pencil Pro tips and tricks that turned me into a stylus fan - plus it's on sale Curious about the Apple Pencil Pro? Here are my favorite features and how I use them.,apple pencil pro tips tricks turned stylus fan plus sale curious apple pencil pro favorite features use,2025-03-18 20:18:00+00:00,5
MacBook,MacBook Air 15 (M4) vs. Surface Laptop 7: the MacBook is just better,The Apple MacBook Air 15 (M4) and Microsoft Surface Laptop 7 are two of the best thin-and-light 15-inch laptops around. But which one is better for you?,2025-03-18 20:00:45+00:00,Digital Trends,https://www.digitaltrends.com/computing/apple-macbook-air-15-m4-vs-microsoft-surface-laptop-7/,MacBook Air 15 (M4) vs. Surface Laptop 7: the MacBook is just better The Apple MacBook Air 15 (M4) and Microsoft Surface Laptop 7 are two of the best thin-and-light 15-inch laptops around. But which one is better for you?,macbook air surface laptop macbook just better apple macbook air microsoft surface laptop best thinandlight inch laptops better,2025-03-18 20:00:45+00:00,1
MacBook,12 ways the Apple Pencil Pro converted this stylus skeptic,Curious about the Apple Pencil Pro? Here are my favorite features and how I use them.,2025-03-18 19:33:24+00:00,ZDNet,https://www.zdnet.com/home-and-office/smart-office/how-i-learned-to-love-the-apple-pencil-pro-and-why-you-may-too/,12 ways the Apple Pencil Pro converted this stylus skeptic Curious about the Apple Pencil Pro? Here are my favorite features and how I use them.,ways apple pencil pro converted stylus skeptic curious apple pencil pro favorite features use,2025-03-18 19:33:24+00:00,-1
MacBook,Get the new M4 MacBook Air with this affordable monthly subscription,"Apple offers the iPhone Upgrade Program, but with no equivalent for MacBooks, Upgraded has stepped in to fill the gap with a flexible program using trusted Apple partners.



The program lets you choose any MacBook model – and with the new M4 MacBook Air just…",2025-03-18 19:30:14+00:00,9to5Mac,https://9to5mac.com/2025/03/18/upgrade-new-macbook-air-monthly/,"Get the new M4 MacBook Air with this affordable monthly subscription Apple offers the iPhone Upgrade Program, but with no equivalent for MacBooks, Upgraded has stepped in to fill the gap with a flexible program using trusted Apple partners.



The program lets you choose any MacBook model – and with the new M4 MacBook Air just…",new macbook air affordable monthly subscription apple offers iphone upgrade program equivalent macbooks upgraded stepped gap flexible program using trusted apple partners program lets choose macbook model new macbook air just,2025-03-18 19:30:14+00:00,1
MacBook,Apple's MagSafe charger gets new firmware update,"Apple has released a new firmware version for its iconic MagSafe charger, though there are currently no details as to what the update contains.Apple has released a firmware update for its iconic MagSafe charger.Nearly every tech accessory has firmware, and th…",2025-03-18 19:23:32+00:00,AppleInsider,https://appleinsider.com/articles/25/03/18/apples-magsafe-charger-gets-new-firmware-update,"Apple's MagSafe charger gets new firmware update Apple has released a new firmware version for its iconic MagSafe charger, though there are currently no details as to what the update contains.Apple has released a firmware update for its iconic MagSafe charger.Nearly every tech accessory has firmware, and th…",apples magsafe charger gets new firmware update apple released new firmware version iconic magsafe charger currently details update containsapple released firmware update iconic magsafe chargernearly tech accessory firmware,2025-03-18 19:23:32+00:00,12
MacBook,Apple’s foldable iPad-MacBook device might run macOS,"The upcoming iPad-MacBook device will likely have macOS as its operating system, according to Jeff Pu. We finally have an update on Apple’s foldable devices- it’s believed that mass production is set to begin in 2026, with possible launch dates in 2027 or 202…",2025-03-18 18:35:06+00:00,iLounge,https://www.ilounge.com/news/apple/apples-foldable-ipad-macbook-device-might-run-macos,"Apple’s foldable iPad-MacBook device might run macOS The upcoming iPad-MacBook device will likely have macOS as its operating system, according to Jeff Pu. We finally have an update on Apple’s foldable devices- it’s believed that mass production is set to begin in 2026, with possible launch dates in 2027 or 202…",apples foldable ipadmacbook device run macos upcoming ipadmacbook device likely macos operating according jeff finally update apples foldable devices believed mass production set begin possible launch dates,2025-03-18 18:35:06+00:00,16
MacBook,Mac SSD Performance,"Ric Ford: Apple’s exhorbitantly-priced Mac storage comes with impressive benchmark claims but has some serious, hidden bottlenecks in certain scenarios, as do other SSDs. David Harry illustrated this clearly in a video, using Activity Monitor as a novel windo…",2025-03-18 18:26:34+00:00,Mjtsai.com,https://mjtsai.com/blog/2025/03/18/mac-ssd-performance/,"Mac SSD Performance Ric Ford: Apple’s exhorbitantly-priced Mac storage comes with impressive benchmark claims but has some serious, hidden bottlenecks in certain scenarios, as do other SSDs. David Harry illustrated this clearly in a video, using Activity Monitor as a novel windo…",mac ssd performance ric ford apples exhorbitantlypriced mac storage comes impressive benchmark claims hidden bottlenecks certain scenarios ssds david harry illustrated clearly video using activity monitor novel windo,2025-03-18 18:26:34+00:00,1
MacBook,They said Apple's M4 MacBook Air was a 'boring update' - my tests told a different story,Apple's latest MacBook Air refines the ultraportable experience with modest yet notable hardware upgrades and a lower starting price.,2025-03-18 18:13:00+00:00,ZDNet,https://www.zdnet.com/article/they-said-apples-m4-macbook-air-was-a-boring-update-my-tests-told-a-different-story/,They said Apple's M4 MacBook Air was a 'boring update' - my tests told a different story Apple's latest MacBook Air refines the ultraportable experience with modest yet notable hardware upgrades and a lower starting price.,said apples macbook air boring update tests told different story apples latest macbook air refines ultraportable experience modest notable hardware upgrades lower starting price,2025-03-18 18:13:00+00:00,1
MacBook,Analyst Predicts macOS-Powered Foldable MacBook-iPad Hybrid,"Apple is reportedly developing two foldable devices, aiming to revolutionize its product lineup by integrating cutting-edge technology with versatile design.
The post Analyst Predicts macOS-Powered Foldable MacBook-iPad Hybrid first appeared on iPhone in Cana…",2025-03-18 18:04:26+00:00,iPhone in Canada,https://www.iphoneincanada.ca/2025/03/18/macos-foldable-macbook-ipad-hybrid/,"Analyst Predicts macOS-Powered Foldable MacBook-iPad Hybrid Apple is reportedly developing two foldable devices, aiming to revolutionize its product lineup by integrating cutting-edge technology with versatile design.
The post Analyst Predicts macOS-Powered Foldable MacBook-iPad Hybrid first appeared on iPhone in Cana…",analyst predicts macospowered foldable macbookipad hybrid apple reportedly developing foldable devices aiming revolutionize product lineup integrating cuttingedge technology versatile design post analyst predicts macospowered foldable macbookipad hybrid appeared iphone cana,2025-03-18 18:04:26+00:00,16
MacBook,Enterprises seeking on-prem AI deployments should look at the Mac,"If you’re looking for an AI PC, why wouldn’t you be looking for a Mac?




After all, Apple’s systems are built for privacy and security and, thanks to Apple Silicon, are now quite capable of running big generative AI (genAI) models swiftly in-house — and at…",2025-03-18 17:58:24+00:00,Computerworld,https://www.computerworld.com/article/3848204/enterprises-seeking-on-prem-ai-deployments-should-look-at-the-mac.html,"Enterprises seeking on-prem AI deployments should look at the Mac If you’re looking for an AI PC, why wouldn’t you be looking for a Mac?




After all, Apple’s systems are built for privacy and security and, thanks to Apple Silicon, are now quite capable of running big generative AI (genAI) models swiftly in-house — and at…",enterprises seeking onprem deployments look mac youre looking wouldnt looking mac apples systems built privacy security thanks apple silicon quite capable running big generative genai models swiftly inhouse,2025-03-18 17:58:24+00:00,0
MacBook,Anker’s 100W 3-port USB-C GaN charger is down to its lowest price of the year at $60,"As a part of its ongoing Spring sale, Anker is now offering its 100W 3-port GaN Prime charger down at $59.99 shipped. Also matched at Amazon, this regularly $85 charging unit is now seeing a solid 29% or $25 discount. We’ve seen it go for less in the past, bu…",2025-03-18 17:49:12+00:00,9to5Toys,http://9to5toys.com/2025/03/18/anker-100w-3-port-usb-c-charger-lowest-price-of-the-year/,"Anker’s 100W 3-port USB-C GaN charger is down to its lowest price of the year at $60 As a part of its ongoing Spring sale, Anker is now offering its 100W 3-port GaN Prime charger down at $59.99 shipped. Also matched at Amazon, this regularly $85 charging unit is now seeing a solid 29% or $25 discount. We’ve seen it go for less in the past, bu…",ankers port usbc gan charger lowest price year ongoing spring sale anker offering port gan prime charger shipped matched amazon regularly charging unit seeing solid discount weve seen past,2025-03-18 17:49:12+00:00,12
MacBook,Apple’s Rumored Foldable Mac May Run macOS,"Apple's rumored foldable Mac may run macOS according to a new report. Here are all the details on this.
The post Apple’s Rumored Foldable Mac May Run macOS first appeared on Redmond Pie.",2025-03-18 17:29:39+00:00,redmondpie.com,https://www.redmondpie.com/apples-rumored-foldable-mac-may-run-macos/,"Apple’s Rumored Foldable Mac May Run macOS Apple's rumored foldable Mac may run macOS according to a new report. Here are all the details on this.
The post Apple’s Rumored Foldable Mac May Run macOS first appeared on Redmond Pie.",apples rumored foldable mac run macos apples rumored foldable mac run macos according new report details post apples rumored foldable mac run macos appeared redmond pie,2025-03-18 17:29:39+00:00,16
MacBook,I'd recommend the M3 MacBook Air at full price - but this 27% discount makes it a no-brainer,The M3 MacBook Air is a huge leap forward for the series. Multiple configurations have received discounts as part of Amazon's Spring Sale.,2025-03-18 17:07:00+00:00,ZDNet,https://www.zdnet.com/article/id-recommend-the-m3-macbook-air-at-full-price-but-this-27-discount-makes-it-a-no-brainer/,I'd recommend the M3 MacBook Air at full price - but this 27% discount makes it a no-brainer The M3 MacBook Air is a huge leap forward for the series. Multiple configurations have received discounts as part of Amazon's Spring Sale.,recommend macbook air price discount makes nobrainer macbook air huge leap forward series multiple configurations received discounts amazons spring sale,2025-03-18 17:07:00+00:00,1
MacBook,Apple Studio Display review: the perfect match for any Mac,"The Apple Studio Display is a few years old, but it remains the best monitor for most Mac users independent of price. It's expensive, however, and that matters.",2025-03-18 17:00:56+00:00,Digital Trends,https://www.digitaltrends.com/computing/apple-studio-display-review/,"Apple Studio Display review: the perfect match for any Mac The Apple Studio Display is a few years old, but it remains the best monitor for most Mac users independent of price. It's expensive, however, and that matters.",apple studio display review perfect match mac apple studio display years old remains best monitor mac users independent price expensive matters,2025-03-18 17:00:56+00:00,9
MacBook,"Why I Don’t Trust Thin, Light Laptops Anymore","Sometimes, a little bulk is the best option.",2025-03-18 17:00:15+00:00,MakeUseOf,https://www.makeuseof.com/reasons-avoid-buying-thin-lightweight-laptops/,"Why I Don’t Trust Thin, Light Laptops Anymore Sometimes, a little bulk is the best option.",dont trust light laptops anymore little bulk best option,2025-03-18 17:00:15+00:00,1
MacBook,I Tried HP's Slick New OmniBook Aero 7—It Could Take on the MacBook Air,"In the feather-light, 2.2-pound Aero 7, I see plenty of slim-laptop wow—and lots of ports. The same goes for the OmniBook X Flip 14, HP's killer high-end 2-in-1. Here are my first impressions.
HP has kicked off 2025 with a deluge of new PC products, totaling …",2025-03-18 16:14:21+00:00,PCMag.com,https://uk.pcmag.com/laptops/157152/i-tried-hps-slick-new-omnibook-aero-7-it-could-take-on-the-macbook-air,"I Tried HP's Slick New OmniBook Aero 7—It Could Take on the MacBook Air In the feather-light, 2.2-pound Aero 7, I see plenty of slim-laptop wow—and lots of ports. The same goes for the OmniBook X Flip 14, HP's killer high-end 2-in-1. Here are my first impressions.
HP has kicked off 2025 with a deluge of new PC products, totaling …",tried hps slick new omnibook aero macbook air featherlight pound aero plenty slimlaptop wowand lots ports goes omnibook flip hps killer highend impressions kicked deluge new products totaling,2025-03-18 16:14:21+00:00,1
MacBook,I Tried HP's Slick New OmniBook Aero 7—It Could Take on the MacBook Air,"In the feather-light, 2.2-pound Aero 7, I see plenty of slim-laptop wow—and lots of ports. The same goes for the OmniBook X Flip 14, HP's killer high-end 2-in-1. Here are my first impressions.
HP has kicked off 2025 with a deluge of new PC products, totaling …",2025-03-18 16:14:21+00:00,PCMag.com,https://me.pcmag.com/en/laptops/28914/i-tried-hps-slick-new-omnibook-aero-7-it-could-take-on-the-macbook-air,"I Tried HP's Slick New OmniBook Aero 7—It Could Take on the MacBook Air In the feather-light, 2.2-pound Aero 7, I see plenty of slim-laptop wow—and lots of ports. The same goes for the OmniBook X Flip 14, HP's killer high-end 2-in-1. Here are my first impressions.
HP has kicked off 2025 with a deluge of new PC products, totaling …",tried hps slick new omnibook aero macbook air featherlight pound aero plenty slimlaptop wowand lots ports goes omnibook flip hps killer highend impressions kicked deluge new products totaling,2025-03-18 16:14:21+00:00,1
MacBook,"Amazon Just Dropped Spring Sale Tech Deals, So That $$$ Gadget You've Been Eyeing Is Probs Cheaper","Ahead of Amazon's Big Spring Sale 2025, the retailer slashed prices on a variety of tech products. Save up to 49% on AirPods, iPads, TVs, hair tools, and more.",2025-03-18 15:53:00+00:00,Cosmopolitan.com,https://www.cosmopolitan.com/lifestyle/a64131795/amazon-spring-sale-tech-deals/,"Amazon Just Dropped Spring Sale Tech Deals, So That $$$ Gadget You've Been Eyeing Is Probs Cheaper Ahead of Amazon's Big Spring Sale 2025, the retailer slashed prices on a variety of tech products. Save up to 49% on AirPods, iPads, TVs, hair tools, and more.",amazon just dropped spring sale tech deals gadget youve eyeing probs cheaper ahead amazons big spring sale retailer slashed prices variety tech products save airpods ipads tvs hair tools,2025-03-18 15:53:00+00:00,14
MacBook,"Amazon's Big Spring Sale 2025 starts March 25, but save up to $400 on Apple right now","Amazon announced its Big Spring Sale 2025, but Apple deals are in effect right now offering up to 43% off MSRP.Save up to $400 on Apple devices at Amazon - Image credit: Amazon, AppleInsider compositeThe Big Spring Sale 2025 kicks off March 25 and runs throug…",2025-03-18 15:45:50+00:00,AppleInsider,https://appleinsider.com/articles/25/03/18/amazons-big-spring-sale-2025-starts-march-25-but-save-up-to-400-on-apple-right-now,"Amazon's Big Spring Sale 2025 starts March 25, but save up to $400 on Apple right now Amazon announced its Big Spring Sale 2025, but Apple deals are in effect right now offering up to 43% off MSRP.Save up to $400 on Apple devices at Amazon - Image credit: Amazon, AppleInsider compositeThe Big Spring Sale 2025 kicks off March 25 and runs throug…",amazons big spring sale starts march save apple right amazon announced big spring sale apple deals effect right offering msrpsave apple devices amazon image credit amazon appleinsider compositethe big spring sale kicks march runs throug,2025-03-18 15:45:50+00:00,14
MacBook,iPad Keyboards Buyer's Guide: 10+ Differences Compared,"Apple now sells three different keyboards, with one for each member of the iPad lineup with the exception of the iPad mini, which is too small for a keyboard. The ‌iPad mini‌ is compatible with Bluetooth keyboards only.





While choosing between ‌iPad‌ keyb…",2025-03-18 15:40:08+00:00,MacRumors,https://www.macrumors.com/guide/ipad-keyboards/,"iPad Keyboards Buyer's Guide: 10+ Differences Compared Apple now sells three different keyboards, with one for each member of the iPad lineup with the exception of the iPad mini, which is too small for a keyboard. The ‌iPad mini‌ is compatible with Bluetooth keyboards only.





While choosing between ‌iPad‌ keyb…",ipad keyboards buyers guide differences compared apple sells different keyboards member ipad lineup exception ipad mini small keyboard ipad mini compatible bluetooth keyboards choosing ipad keyb,2025-03-18 15:40:08+00:00,5
MacBook,"I tested Apple's M4 MacBook Air for a week - and it sets the bar for $1,000 laptops",Apple's latest MacBook Air brings some modest but notable hardware updates and a lower starting price while refining what made the ultraportable great in the first place.,2025-03-18 15:30:00+00:00,ZDNet,https://www.zdnet.com/article/i-tested-apples-m4-macbook-air-for-a-week-and-it-sets-the-bar-for-1000-laptops/,"I tested Apple's M4 MacBook Air for a week - and it sets the bar for $1,000 laptops Apple's latest MacBook Air brings some modest but notable hardware updates and a lower starting price while refining what made the ultraportable great in the first place.",tested apples macbook air week sets bar laptops apples latest macbook air brings modest notable hardware updates lower starting price refining ultraportable great place,2025-03-18 15:30:00+00:00,1
MacBook,Bluetooth is not saving paired devices after reboot,"I am currently using Ubuntu 24.04.2 LTS on a MacBook Pro Mid 2014. Everything is working fine, but I'm having a problem with Bluetooth: it pairs and connects to devices, but once I restart the computer, the paired devices are not in Bluetooth settings anymore…",2025-03-18 15:15:36+00:00,Askubuntu.com,https://askubuntu.com/questions/1543952/bluetooth-is-not-saving-paired-devices-after-reboot,"Bluetooth is not saving paired devices after reboot I am currently using Ubuntu 24.04.2 LTS on a MacBook Pro Mid 2014. Everything is working fine, but I'm having a problem with Bluetooth: it pairs and connects to devices, but once I restart the computer, the paired devices are not in Bluetooth settings anymore…",bluetooth saving paired devices reboot currently using ubuntu lts macbook pro mid working fine having problem bluetooth pairs connects devices restart computer paired devices bluetooth settings anymore,2025-03-18 15:15:36+00:00,-1
MacBook,"Today’s best iOS app deals and freebies: Retro City Rampage DX, Stardash, Samorost 3, more","Today’s best iOS app deals and freebies are now up for grabs down below. Joining this morning’s App Store deals, we also have ongoing $100 price drops across the iPad mini 7 lineup alongside new all-time lows on the most affordable M3 iPad Air models from $54…",2025-03-18 14:23:27+00:00,9to5Toys,http://9to5toys.com/2025/03/18/today-best-ios-app-deals-freebies-retro-city-rampage/,"Today’s best iOS app deals and freebies: Retro City Rampage DX, Stardash, Samorost 3, more Today’s best iOS app deals and freebies are now up for grabs down below. Joining this morning’s App Store deals, we also have ongoing $100 price drops across the iPad mini 7 lineup alongside new all-time lows on the most affordable M3 iPad Air models from $54…",todays best ios app deals freebies retro city rampage stardash samorost todays best ios app deals freebies grabs joining mornings app store deals ongoing price drops ipad mini lineup alongside new alltime lows affordable ipad air models,2025-03-18 14:23:27+00:00,5
MacBook,macOS 16 could answer this key question about the Mac’s future,"This year’s WWDC is going to be a big one for software changes, with iOS 19, macOS 16, and more expected to get major design overhauls. While a lot of focus is on the iPhone’s changes, there’s a very important reason why macOS 16 could prove just as significa…",2025-03-18 14:20:30+00:00,9to5Mac,https://9to5mac.com/2025/03/18/apples-new-macos-16-design-could-answer-this-key-question-about-the-macs-future/,"macOS 16 could answer this key question about the Mac’s future This year’s WWDC is going to be a big one for software changes, with iOS 19, macOS 16, and more expected to get major design overhauls. While a lot of focus is on the iPhone’s changes, there’s a very important reason why macOS 16 could prove just as significa…",macos answer key question macs future years wwdc going big software changes ios macos expected major design overhauls lot focus iphones changes theres important reason macos prove just significa,2025-03-18 14:20:30+00:00,0
MacBook,Incase Hardshell Dot Case for MacBook Air or Pro (Various) $11 + Free Shipping,"Best Buy has these cases for Apple Macbook Air for $10.99. Air available in Pink and Smoke. Pro available in Clear and Smoke This is down from the normal price of $54.95. Savings of $43.96. 
 
 
13""...",2025-03-18 14:19:47+00:00,Slickdeals.net,https://slickdeals.net/f/18186082-incase-hardshell-dot-case-for-macbook-air-or-pro-various-11-free-shipping?utm_source=rss&utm_content=fp&utm_medium=RSS2,"Incase Hardshell Dot Case for MacBook Air or Pro (Various) $11 + Free Shipping Best Buy has these cases for Apple Macbook Air for $10.99. Air available in Pink and Smoke. Pro available in Clear and Smoke This is down from the normal price of $54.95. Savings of $43.96. 
 
 
13""...",incase hardshell dot case macbook air pro various free shipping best buy cases apple macbook air air available pink smoke pro available clear smoke normal price savings,2025-03-18 14:19:47+00:00,1
MacBook,A slew of new HP OmniBooks includes chip bumps and a featherweight Aero,"HP is revving its line of consumer-focused OmniBook productivity laptops with a whopping 18 new models and refreshes. These fall across various sizes and form factors in its OmniBook 3, 5, 7, and top-end X lines — including some foldable two-in-ones with styl…",2025-03-18 13:26:41+00:00,The Verge,https://www.theverge.com/news/631559/hp-omnibook-x-7-5-3-aero-laptops-announcement-specs,"A slew of new HP OmniBooks includes chip bumps and a featherweight Aero HP is revving its line of consumer-focused OmniBook productivity laptops with a whopping 18 new models and refreshes. These fall across various sizes and form factors in its OmniBook 3, 5, 7, and top-end X lines — including some foldable two-in-ones with styl…",slew new omnibooks includes chip bumps featherweight aero revving line consumerfocused omnibook productivity laptops whopping new models refreshes fall various sizes form factors omnibook topend lines including foldable twoinones styl,2025-03-18 13:26:41+00:00,1
MacBook,New MacBook Setup: 10 Essential Steps for Optimal Performance,"Setting up your new MacBook Pro M4 is an exciting opportunity to tailor your device for maximum efficiency, security, and usability. By carefully following these ten essential steps in a new video from Kyri Kronos, you can ensure your MacBook operates at its …",2025-03-18 12:30:30+00:00,Geeky Gadgets,https://www.geeky-gadgets.com/new-macbook-setup/,"New MacBook Setup: 10 Essential Steps for Optimal Performance Setting up your new MacBook Pro M4 is an exciting opportunity to tailor your device for maximum efficiency, security, and usability. By carefully following these ten essential steps in a new video from Kyri Kronos, you can ensure your MacBook operates at its …",new macbook setup essential steps optimal performance setting new macbook pro exciting opportunity tailor device maximum efficiency security usability carefully following essential steps new video kyri kronos ensure macbook operates,2025-03-18 12:30:30+00:00,1
MacBook,Apple’s 18.8-inch foldable might hit the market in 2027 and run macOS,"Apple has reportedly accelerated its entry into the foldable device market with plans to introduce an 18.8-inch foldable iPad-MacBook hybrid device as early as 2027. According to analyst Jeff Pu (via MacRumors), the new device will be macOS-based, a radical d…",2025-03-18 12:28:54+00:00,MSPoweruser,https://mspoweruser.com/apples-18-8-inch-foldable-might-hit-the-market-in-2027-and-run-macos/,"Apple’s 18.8-inch foldable might hit the market in 2027 and run macOS Apple has reportedly accelerated its entry into the foldable device market with plans to introduce an 18.8-inch foldable iPad-MacBook hybrid device as early as 2027. According to analyst Jeff Pu (via MacRumors), the new device will be macOS-based, a radical d…",apples inch foldable hit market run macos apple reportedly accelerated entry foldable device market plans introduce inch foldable ipadmacbook hybrid device early according analyst jeff macrumors new device macosbased radical,2025-03-18 12:28:54+00:00,16
MacBook,Incase Hardshell Dot Case for MacBook Air or Pro (Various) $11 + Free Shipping,"Best Buy has these cases for Apple Macbook Air for $10.99. Air available in Pink and Smoke. Pro available in Clear and Smoke This is down from the normal price of $54.95. Savings of $43.96. 
 
 
13""...",2025-03-18 12:21:41+00:00,Slickdeals.net,https://slickdeals.net/f/18186082-incase-hardshell-dot-case-for-macbook-air-or-pro-various-11-free-shipping?utm_source=rss&utm_content=ht&utm_medium=RSS2,"Incase Hardshell Dot Case for MacBook Air or Pro (Various) $11 + Free Shipping Best Buy has these cases for Apple Macbook Air for $10.99. Air available in Pink and Smoke. Pro available in Clear and Smoke This is down from the normal price of $54.95. Savings of $43.96. 
 
 
13""...",incase hardshell dot case macbook air pro various free shipping best buy cases apple macbook air air available pink smoke pro available clear smoke normal price savings,2025-03-18 12:21:41+00:00,1
MacBook,"Incase - Hardshell Dot Case for 13.6"" MacBook Air M2 2022, M3 2024 and M4 2025 and 14"" Macbook Pro M1, M2, M3, M4 - $10.99 (0 replies)","Best Buy has these cases for Apple Macbook Air for $10.99. Air available in Pink and Smoke. Pro available in Clear and Smoke This is down from the normal price of $54.95. Savings of $43.96.


13&q",2025-03-18 12:21:41+00:00,Slickdeals.net,https://slickdeals.net/f/18186082-incase-hardshell-dot-case-for-13-6-macbook-air-m2-2022-m3-2024-and-m4-2025-and-14-macbook-pro-m1-m2-m3-m4-10-99,"Incase - Hardshell Dot Case for 13.6"" MacBook Air M2 2022, M3 2024 and M4 2025 and 14"" Macbook Pro M1, M2, M3, M4 - $10.99 (0 replies) Best Buy has these cases for Apple Macbook Air for $10.99. Air available in Pink and Smoke. Pro available in Clear and Smoke This is down from the normal price of $54.95. Savings of $43.96.


13&q",incase hardshell dot case macbook air macbook pro replies best buy cases apple macbook air air available pink smoke pro available clear smoke normal price savings,2025-03-18 12:21:41+00:00,1
MacBook,Apple’s first foldable iPhone could cost more than the priciest iPad Pro,"Macworld







The Apple rumorsphere is suddenly full of foldables. Yesterday we covered the theory that the iPhone 17 Air, if successful, will be followed by folding (and portless) iPhones starting next year. And on the same day, analysts claimed a foldabl…",2025-03-18 12:20:36+00:00,Macworld,https://www.macworld.com/article/2640739/apples-first-foldable-iphone-could-cost-more-than-the-priciest-ipad-pro.html,"Apple’s first foldable iPhone could cost more than the priciest iPad Pro Macworld







The Apple rumorsphere is suddenly full of foldables. Yesterday we covered the theory that the iPhone 17 Air, if successful, will be followed by folding (and portless) iPhones starting next year. And on the same day, analysts claimed a foldabl…",apples foldable iphone cost priciest ipad pro macworld apple rumorsphere suddenly foldables yesterday covered theory iphone air successful followed folding portless iphones starting year day analysts claimed foldabl,2025-03-18 12:20:36+00:00,16
MacBook,"Anker USB C Adapter (2 Pack),High-Speed Data Transfer, USB-C to USB 3.0 Female Adapter for MacBook Pro 2020, iPad Pro 2020, Samsung Notebook 9, Dell XPS and More - Amazon $9.99 (1 replies)","Amazon.com

Anker USB C Adapter (2 Pack),High-Speed Data Transfer, USB-C to USB 3.0 Female Adapter for MacBook Pro 2020, iPad Pro 2020, Samsung Notebook 9, Dell XPS and More Type C Devices on sale for",2025-03-18 12:08:56+00:00,Slickdeals.net,https://slickdeals.net/f/18186046-anker-usb-c-adapter-2-pack-high-speed-data-transfer-usb-c-to-usb-3-0-female-adapter-for-macbook-pro-2020-ipad-pro-2020-samsung-notebook-9-dell-xps-and-more-amazon-9-99,"Anker USB C Adapter (2 Pack),High-Speed Data Transfer, USB-C to USB 3.0 Female Adapter for MacBook Pro 2020, iPad Pro 2020, Samsung Notebook 9, Dell XPS and More - Amazon $9.99 (1 replies) Amazon.com

Anker USB C Adapter (2 Pack),High-Speed Data Transfer, USB-C to USB 3.0 Female Adapter for MacBook Pro 2020, iPad Pro 2020, Samsung Notebook 9, Dell XPS and More Type C Devices on sale for",anker usb adapter packhighspeed data transfer usbc usb female adapter macbook pro ipad pro samsung notebook dell xps amazon replies amazoncom anker usb adapter packhighspeed data transfer usbc usb female adapter macbook pro ipad pro samsung notebook dell xps type devices sale,2025-03-18 12:08:56+00:00,12
MacBook,M5 MacBook Pro Will Change EVERYTHING in 2025,"The M5 MacBook Pro, anticipated to launch in late 2025 or early 2026, is set to establish new benchmarks in performance and efficiency. While its external design may remain largely consistent with previous models, the introduction of the M5 chip is expected t…",2025-03-18 12:00:37+00:00,Geeky Gadgets,https://www.geeky-gadgets.com/m5-macbook-pro-will-change-everything-in-2025/,"M5 MacBook Pro Will Change EVERYTHING in 2025 The M5 MacBook Pro, anticipated to launch in late 2025 or early 2026, is set to establish new benchmarks in performance and efficiency. While its external design may remain largely consistent with previous models, the introduction of the M5 chip is expected t…",macbook pro change macbook pro anticipated launch late early set establish new benchmarks performance efficiency external design remain largely consistent previous models introduction chip expected,2025-03-18 12:00:37+00:00,1
MacBook,"Waterfield Designs Shinjuku Laptop Brief review – stylish and functional, for a price","REVIEW – For the past few years, I’ve relied on backpacks to carry my laptop and tablet when traveling. However, there have been moments when I found myself wishing for a quality laptop bag as an alternative. The Waterfield Designs Shinjuku Laptop Brief immed…",2025-03-18 12:00:36+00:00,The Gadgeteer,https://the-gadgeteer.com/2025/03/18/waterfield-designs-shinjuku-laptop-brief-review-stylish-and-functional-for-a-price/,"Waterfield Designs Shinjuku Laptop Brief review – stylish and functional, for a price REVIEW – For the past few years, I’ve relied on backpacks to carry my laptop and tablet when traveling. However, there have been moments when I found myself wishing for a quality laptop bag as an alternative. The Waterfield Designs Shinjuku Laptop Brief immed…",waterfield designs shinjuku laptop brief review stylish functional price review past years ive relied backpacks carry laptop tablet traveling moments wishing quality laptop bag alternative waterfield designs shinjuku laptop brief immed,2025-03-18 12:00:36+00:00,1
MacBook,Apple's rumored foldable iPad tipped to launch sooner than expected with an exciting software twist,Apple's 18.8-inch foldable could run macOS and launch in 2027.,2025-03-18 12:00:00+00:00,TechRadar,https://www.techradar.com/tablets/ipad/apples-rumored-foldable-ipad-tipped-to-launch-sooner-than-expected-with-an-exciting-software-twist,Apple's rumored foldable iPad tipped to launch sooner than expected with an exciting software twist Apple's 18.8-inch foldable could run macOS and launch in 2027.,apples rumored foldable ipad tipped launch sooner expected exciting software twist apples inch foldable run macos launch,2025-03-18 12:00:00+00:00,16
MacBook,"Only One 14-Inch MacBook Pro Model Featuring The M4 Pro, 24GB Unified RAM, Is Available At Its Second-Lowest Price Of $1,749.99 On Amazon, Provided You Do Not Miss The Discount Coupon","Apple’s Space Black finish was introduced with the M3 series of MacBook Pro models, and there is no denying that this color really sets it apart from the other versions. However, what sets these portable Macs apart even further is the hefty discounts on Amazo…",2025-03-18 11:57:09+00:00,Wccftech,https://wccftech.com/silver-14-inch-m4-pro-macbook-pro-available-on-amaozn-at-second-lowest-price-with-discount-coupon/,"Only One 14-Inch MacBook Pro Model Featuring The M4 Pro, 24GB Unified RAM, Is Available At Its Second-Lowest Price Of $1,749.99 On Amazon, Provided You Do Not Miss The Discount Coupon Apple’s Space Black finish was introduced with the M3 series of MacBook Pro models, and there is no denying that this color really sets it apart from the other versions. However, what sets these portable Macs apart even further is the hefty discounts on Amazo…",inch macbook pro model featuring pro unified ram available secondlowest price amazon provided miss discount coupon apples space black finish introduced series macbook pro models denying color really sets apart versions sets portable macs apart hefty discounts amazo,2025-03-18 11:57:09+00:00,1
MacBook,Here’s how Apple’s first foldable MacBook might win me over,"A fresh leak has claimed once again that Apple is developing a MacBook-iPad hybrid with a foldable screen. This time, the news might have finally won me over.",2025-03-18 11:38:37+00:00,Digital Trends,https://www.digitaltrends.com/computing/heres-how-apples-first-foldable-macbook-might-win-me-over/,"Here’s how Apple’s first foldable MacBook might win me over A fresh leak has claimed once again that Apple is developing a MacBook-iPad hybrid with a foldable screen. This time, the news might have finally won me over.",heres apples foldable macbook win fresh leak claimed apple developing macbookipad hybrid foldable screen time news finally won,2025-03-18 11:38:37+00:00,16
MacBook,"Foldable MacBook-iPad Hybrid Device Likely to Run macOS, Analyst Says - MacRumors","Foldable MacBook-iPad Hybrid Device Likely to Run macOS, Analyst SaysMacRumors Apple’s First Foldable Device With An 18.8-Inch Display Will Run macOS, Reserving iPadOS For The iPad Lineup And Marking A Shift In Product StrategyWccftech Report: iPhone sales at…",2025-03-18 11:33:03+00:00,Slashdot.org,https://slashdot.org/firehose.pl?op=view&amp;id=176761523,"Foldable MacBook-iPad Hybrid Device Likely to Run macOS, Analyst Says - MacRumors Foldable MacBook-iPad Hybrid Device Likely to Run macOS, Analyst SaysMacRumors Apple’s First Foldable Device With An 18.8-Inch Display Will Run macOS, Reserving iPadOS For The iPad Lineup And Marking A Shift In Product StrategyWccftech Report: iPhone sales at…",foldable macbookipad hybrid device likely run macos analyst says macrumors foldable macbookipad hybrid device likely run macos analyst saysmacrumors apples foldable device inch display run macos reserving ipados ipad lineup marking shift product strategywccftech report iphone sales,2025-03-18 11:33:03+00:00,16
MacBook,Apple Watch SE 3 or 11e? Why following the iPhone is the wrong strategy,"Macworld







Apple introduced the first iPhone SE back in 2016, letting customers get the full iOS experience at a lower price. The SE branding was then extended to the Apple Watch line, which followed the SE model with a low-cost smartwatch built on an o…",2025-03-18 11:15:00+00:00,Macworld,https://www.macworld.com/article/2640346/apple-watch-se-3-or-11e-why-following-the-iphone-is-the-wrong-strategy.html,"Apple Watch SE 3 or 11e? Why following the iPhone is the wrong strategy Macworld







Apple introduced the first iPhone SE back in 2016, letting customers get the full iOS experience at a lower price. The SE branding was then extended to the Apple Watch line, which followed the SE model with a low-cost smartwatch built on an o…",apple watch following iphone wrong strategy macworld apple introduced iphone letting customers ios experience lower price branding extended apple watch line followed model lowcost smartwatch built,2025-03-18 11:15:00+00:00,10
MacBook,"Logitech’s portable Casa MacBook Desk kit with Bluetooth keyboard, trackpad hits new all-time low at $139","Over at Amazon, you’ll find Logitech’s Casa Pop Up Desk kit in black down at $139.95 shipped. This is regularly a $180 desk accessory which is now seeing a 23% markdown to land at the lowest price we have tracked for it to date. Today’s deal shaves $41 off it…",2025-03-18 11:09:41+00:00,9to5Toys,http://9to5toys.com/2025/03/18/logitech-casa-desk-kit-bluetooth-keyboard-trackpad-all-time-low/,"Logitech’s portable Casa MacBook Desk kit with Bluetooth keyboard, trackpad hits new all-time low at $139 Over at Amazon, you’ll find Logitech’s Casa Pop Up Desk kit in black down at $139.95 shipped. This is regularly a $180 desk accessory which is now seeing a 23% markdown to land at the lowest price we have tracked for it to date. Today’s deal shaves $41 off it…",logitechs portable casa macbook desk kit bluetooth keyboard trackpad hits new alltime low amazon youll logitechs casa pop desk kit black shipped regularly desk accessory seeing markdown land lowest price tracked date todays deal shaves,2025-03-18 11:09:41+00:00,1
MacBook,The Big Tech Show: Why you should not buy the new MacBook Air M4. Also: the cost to Apple’s credibility from delay of Apple Intelligence and Intel’s plight in Ireland,What’s the new MacBook Air like? Should you upgrade to it? And can a new CEO rescue Intel’s woes?,2025-03-18 10:59:22+00:00,Independent.ie,https://www.independent.ie/podcasts/the-big-tech-show/the-big-tech-show-why-you-should-not-buy-the-new-macbook-air-m4-also-the-cost-to-apples-credibility-from-delay-of-apple-intelligence-and-intels-plight-in-ireland/a393123643.html,The Big Tech Show: Why you should not buy the new MacBook Air M4. Also: the cost to Apple’s credibility from delay of Apple Intelligence and Intel’s plight in Ireland What’s the new MacBook Air like? Should you upgrade to it? And can a new CEO rescue Intel’s woes?,big tech buy new macbook air cost apples credibility delay apple intelligence intels plight ireland whats new macbook air like upgrade new ceo rescue intels woes,2025-03-18 10:59:22+00:00,1
MacBook,Every USB-C accessory should be designed like this one - especially if you're traveling with it,Straight cables don't always get the job done. This Ugreen option offers more power and better performance.,2025-03-18 10:30:13+00:00,ZDNet,https://www.zdnet.com/article/every-usb-c-accessory-should-be-designed-like-this-one-especially-if-youre-traveling-with-it/,Every USB-C accessory should be designed like this one - especially if you're traveling with it Straight cables don't always get the job done. This Ugreen option offers more power and better performance.,usbc accessory designed like especially youre traveling straight cables dont job ugreen option offers power better performance,2025-03-18 10:30:13+00:00,12
MacBook,"Apple’s upgraded 24GB 14-inch M4 Pro MacBook Pro with 1TB SSD back to 2025 low at $270 off, more","While we are still tracking an all-time low on the entry-level 16GB M4 MacBook Pro from $1,395, today we are focused on the more powerful M4 Pro models. Outside of a few very short-lived doorbuster offers over the holidays last year, some of the best prices w…",2025-03-18 10:07:23+00:00,9to5Toys,http://9to5toys.com/2025/03/18/apple-upgraded-24gb-m4-pro-macbook-pro-1tb-ssd/,"Apple’s upgraded 24GB 14-inch M4 Pro MacBook Pro with 1TB SSD back to 2025 low at $270 off, more While we are still tracking an all-time low on the entry-level 16GB M4 MacBook Pro from $1,395, today we are focused on the more powerful M4 Pro models. Outside of a few very short-lived doorbuster offers over the holidays last year, some of the best prices w…",apples upgraded inch pro macbook pro ssd low tracking alltime low entrylevel macbook pro today focused powerful pro models outside shortlived doorbuster offers holidays year best prices,2025-03-18 10:07:23+00:00,1
MacBook,Apple's First Foldable Device with an 18.8 inch Display could be a MacBook-Related Device running macOS,It's being reported that Apple is working on a giant foldable device an 18.8-inch display and possibly run macOS,2025-03-18 10:03:12+00:00,Patently Apple,https://www.patentlyapple.com/2025/03/apples-first-foldable-device-with-an-188-inch-display-could-be-a-macbook-related-device-running-maco.html,Apple's First Foldable Device with an 18.8 inch Display could be a MacBook-Related Device running macOS It's being reported that Apple is working on a giant foldable device an 18.8-inch display and possibly run macOS,apples foldable device inch display macbookrelated device running macos reported apple working giant foldable device inch display possibly run macos,2025-03-18 10:03:12+00:00,16
MacBook,4 macOS features that help me double my productivity,"Thanks to these macOS features, I spend less time staring at my screen and more time pretending I have my life together.",2025-03-18 10:00:10+00:00,XDA Developers,https://www.xda-developers.com/macos-features-double-productivity/,"4 macOS features that help me double my productivity Thanks to these macOS features, I spend less time staring at my screen and more time pretending I have my life together.",macos features help double productivity thanks macos features spend time staring screen time pretending life,2025-03-18 10:00:10+00:00,0
MacBook,Refurb Laptops at eBay: Up to 78% off + free shipping,"There's a lot on offer here, including Apple Macbook, Dell Latitude, Lenovo, HP, and a lot more. We've picked out this Refurb Dell Latitude 5420 11th-Gen. i7 14"" Laptop for $344.99 (by far the best we've seen, $100 low today.) Shop Now at eBay",2025-03-18 09:42:06+00:00,Dealnews.com,https://www.dealnews.com/Refurb-Laptops-at-eBay-Up-to-78-off-free-shipping/21725053.html,"Refurb Laptops at eBay: Up to 78% off + free shipping There's a lot on offer here, including Apple Macbook, Dell Latitude, Lenovo, HP, and a lot more. We've picked out this Refurb Dell Latitude 5420 11th-Gen. i7 14"" Laptop for $344.99 (by far the best we've seen, $100 low today.) Shop Now at eBay",refurb laptops ebay free shipping theres lot offer including apple macbook dell latitude lenovo lot weve picked refurb dell latitude thgen laptop far best weve seen low today shop ebay,2025-03-18 09:42:06+00:00,1
MacBook,M4 MacBook Air (2025) First Steps: Tips for Optimal Performance,"The M4 MacBook Air (2025) represents a significant leap in performance and usability, blending advanced hardware with the refined macOS Aqua interface. Whether you’re a seasoned Mac user or transitioning from another platform, the video from Brandon Butch pro…",2025-03-18 09:00:15+00:00,Geeky Gadgets,https://www.geeky-gadgets.com/m4-macbook-air-tips-for-optimal-performance/,"M4 MacBook Air (2025) First Steps: Tips for Optimal Performance The M4 MacBook Air (2025) represents a significant leap in performance and usability, blending advanced hardware with the refined macOS Aqua interface. Whether you’re a seasoned Mac user or transitioning from another platform, the video from Brandon Butch pro…",macbook air steps tips optimal performance macbook air represents significant leap performance usability blending advanced hardware refined macos aqua interface youre seasoned mac user transitioning platform video brandon butch pro,2025-03-18 09:00:15+00:00,1
MacBook,There are a few of these $510 MacBooks left,"Macworld







Have you seen how much a new MacBook costs? If you need the latest hardware, sure, it’s worth it, but if you just need a reliable computer for school, work, or home, you don’t have to pay that much. This MacBook Air would normally cost $1,499…",2025-03-18 08:00:00+00:00,Macworld,https://www.macworld.com/article/2638318/there-are-a-few-of-these-510-macbooks-left.html,"There are a few of these $510 MacBooks left Macworld







Have you seen how much a new MacBook costs? If you need the latest hardware, sure, it’s worth it, but if you just need a reliable computer for school, work, or home, you don’t have to pay that much. This MacBook Air would normally cost $1,499…",macbooks left macworld seen new macbook costs need latest hardware sure worth just need reliable computer school work home dont pay macbook air normally cost,2025-03-18 08:00:00+00:00,1
MacBook,"Apple’s First Foldable Device With An 18.8-Inch Display Will Run macOS, Reserving iPadOS For The iPad Lineup And Marking A Shift In Product Strategy","Apple is working on a giant foldable device, which could be a version of the iPad Pro or a MacBook, as it is slated to feature an 18.8-inch screen. The confusion regarding the product arose when it became clear that the device would not be equipped with a ded…",2025-03-18 07:16:37+00:00,Wccftech,https://wccftech.com/apple-foldable-device-to-run-macos-instead-of-ipados/,"Apple’s First Foldable Device With An 18.8-Inch Display Will Run macOS, Reserving iPadOS For The iPad Lineup And Marking A Shift In Product Strategy Apple is working on a giant foldable device, which could be a version of the iPad Pro or a MacBook, as it is slated to feature an 18.8-inch screen. The confusion regarding the product arose when it became clear that the device would not be equipped with a ded…",apples foldable device inch display run macos reserving ipados ipad lineup marking shift product strategy apple working giant foldable device version ipad pro macbook slated feature inch screen confusion regarding product arose clear device equipped ded,2025-03-18 07:16:37+00:00,16
MacBook,Subtle Blue Modern Laptops - Apple Introduces its Macbook Air in a Sky Blue Color Palette (TrendHunter.com),"(TrendHunter.com) The new Apple Macbook Air grabs attention with its new tone -- arriving in a Sky Blue palette, the 2025 model replaces the previous Space Gray option. The subtle changes elevate the model to a...",2025-03-18 06:43:03+00:00,Trendhunter.com,https://www.trendhunter.com/trends/sky-blue,"Subtle Blue Modern Laptops - Apple Introduces its Macbook Air in a Sky Blue Color Palette (TrendHunter.com) (TrendHunter.com) The new Apple Macbook Air grabs attention with its new tone -- arriving in a Sky Blue palette, the 2025 model replaces the previous Space Gray option. The subtle changes elevate the model to a...",subtle blue modern laptops apple introduces macbook air sky blue color palette trendhuntercom trendhuntercom new apple macbook air grabs attention new tone arriving sky blue palette model replaces previous space gray option subtle changes elevate model,2025-03-18 06:43:03+00:00,1
MacBook,Project Leyden Ships Third Option for Faster Application Start with JEP 483 in Java 24,"In Java 24, Project Leyden’s JEP 483, ""Ahead-of-Time Class Loading & Linking"", starts Java applications like Spring PetClinic up to 40% faster without code changes or new application constraints. It needs a training run to build a cache file that ships with t…",2025-03-18 06:00:00+00:00,InfoQ.com,https://www.infoq.com/news/2025/03/java-24-leyden-ships/,"Project Leyden Ships Third Option for Faster Application Start with JEP 483 in Java 24 In Java 24, Project Leyden’s JEP 483, ""Ahead-of-Time Class Loading & Linking"", starts Java applications like Spring PetClinic up to 40% faster without code changes or new application constraints. It needs a training run to build a cache file that ships with t…",project leyden ships option faster application start jep java java project leydens jep aheadoftime class loading linking starts java applications like spring petclinic faster code changes new application constraints needs training run build cache file ships,2025-03-18 06:00:00+00:00,-1
Apple Watch,How To Watch Happy Face Online And Stream Weekly Episodes Of The Crime Drama Series From Anywhere,"Starring Dennis Quaid as the real-life serial killer and Annaleigh Ashford as his daughte, here's how to watch Happy Face online and from anywhere.",2025-03-20 06:00:10+00:00,CinemaBlend,https://www.cinemablend.com/streaming-news/watch-happy-face,"How To Watch Happy Face Online And Stream Weekly Episodes Of The Crime Drama Series From Anywhere Starring Dennis Quaid as the real-life serial killer and Annaleigh Ashford as his daughte, here's how to watch Happy Face online and from anywhere.",watch happy face online stream weekly episodes crime drama series starring dennis quaid reallife serial killer annaleigh ashford daughte heres watch happy face online,2025-03-20 06:00:10+00:00,7
Apple Watch,The EU: Middle Child of Global Politics Needs to Grow Up,"European Union leaders often speak of unity, sustainability and long-term vision, yet the EU’s recent actions, from its abandonment of its already insufficient sustainability regulations to its rearmament plan, both of which bypassed democratic processes, ins…",2025-03-20 05:58:05+00:00,CounterPunch,https://www.counterpunch.org/2025/03/20/the-eu-middle-child-of-global-politics-needs-to-grow-up/,"The EU: Middle Child of Global Politics Needs to Grow Up European Union leaders often speak of unity, sustainability and long-term vision, yet the EU’s recent actions, from its abandonment of its already insufficient sustainability regulations to its rearmament plan, both of which bypassed democratic processes, ins…",middle child global politics needs grow european union leaders speak unity sustainability longterm vision eus recent actions abandonment insufficient sustainability regulations rearmament plan bypassed democratic processes ins,2025-03-20 05:58:05+00:00,-1
Apple Watch,"The XPPen Magic Note Pad is the drawing tablet-maker's first digital notepad and after just a few weeks, I can't do without it","The XPPen Magic Note Pad is an all-in-one writing tablet from a company that, so far, has only made drawing tablets – this first attempt is near perfect, with three color modes for the screen to suit any task.",2025-03-20 05:24:54+00:00,TechRadar,https://www.techradar.com/tablets/the-xppen-magic-note-pad-is-the-drawing-tablet-makers-first-digital-notepad-and-after-just-a-few-weeks-i-cant-do-without-it,"The XPPen Magic Note Pad is the drawing tablet-maker's first digital notepad and after just a few weeks, I can't do without it The XPPen Magic Note Pad is an all-in-one writing tablet from a company that, so far, has only made drawing tablets – this first attempt is near perfect, with three color modes for the screen to suit any task.",xppen magic note pad drawing tabletmakers digital notepad just weeks xppen magic note pad allinone writing tablet company far drawing tablets attempt near perfect color modes screen suit task,2025-03-20 05:24:54+00:00,5
Apple Watch,"Apple Watch Braided Solo Loop - Black, White Hues - $29.99 - Free shipping for Prime members -","Apple Watch Braided Solo Loop - Black, White Hues - $29.99 - Free shipping for Prime members 
 
https://electronics.woot.com/offe...cnt_wp_0_0",2025-03-20 05:02:22+00:00,Slickdeals.net,https://slickdeals.net/f/18190390-apple-watch-braided-solo-loop-black-white-hues-29-99-free-shipping-for-prime-members?utm_source=rss&utm_content=ht&utm_medium=RSS2,"Apple Watch Braided Solo Loop - Black, White Hues - $29.99 - Free shipping for Prime members - Apple Watch Braided Solo Loop - Black, White Hues - $29.99 - Free shipping for Prime members 
 
https://electronics.woot.com/offe...cnt_wp_0_0",apple watch braided solo loop black white hues free shipping prime members apple watch braided solo loop black white hues free shipping prime members,2025-03-20 05:02:22+00:00,-1
Apple Watch,"While we worry about Apple Intelligence, Siri can’t answer ‘what month is it?’","Apple recently confirmed the delay of the new “more personalized” Siri, which was teased last year at WWDC 2024. And while we argue about whether Apple Intelligence can become as good as other AI tools, Siri still struggles to answer a simple question like “w…",2025-03-20 04:58:09+00:00,9to5Mac,https://9to5mac.com/2025/03/19/siri-cant-answer-what-month-is-it/,"While we worry about Apple Intelligence, Siri can’t answer ‘what month is it?’ Apple recently confirmed the delay of the new “more personalized” Siri, which was teased last year at WWDC 2024. And while we argue about whether Apple Intelligence can become as good as other AI tools, Siri still struggles to answer a simple question like “w…",worry apple intelligence siri answer month apple recently confirmed delay new personalized siri teased year wwdc argue apple intelligence good tools siri struggles answer simple question like,2025-03-20 04:58:09+00:00,4
Apple Watch,That Hideous Severance,"The second season of Apple TV’s phenomenal hit Severance has held many surprises, but the biggest may be its growing similarities to a dystopianesque novel by C.S. Lewis. Will this season end more or less like that book? With less than a week to go before the…",2025-03-20 04:01:00+00:00,Lewrockwell.com,https://www.lewrockwell.com/2025/03/no_author/that-hideous-severance/,"That Hideous Severance The second season of Apple TV’s phenomenal hit Severance has held many surprises, but the biggest may be its growing similarities to a dystopianesque novel by C.S. Lewis. Will this season end more or less like that book? With less than a week to go before the…",hideous severance second season apple tvs phenomenal hit severance held surprises biggest growing similarities dystopianesque novel lewis season end like book week,2025-03-20 04:01:00+00:00,7
Apple Watch,Company Tells Employees Always To Answer Boss's Calls- Even In Silent Mode,The company asked employees to add their managers to the &#039;Emergency Bypass&#039; feature on iPhones.,2025-03-20 03:52:33+00:00,NDTV News,https://www.ndtv.com/offbeat/company-tells-employees-always-to-answer-bosss-calls-even-in-silent-mode-internet-reacts-7965005,Company Tells Employees Always To Answer Boss's Calls- Even In Silent Mode The company asked employees to add their managers to the &#039;Emergency Bypass&#039; feature on iPhones.,company tells employees answer bosss calls silent mode company asked employees add managers emergency bypass feature iphones,2025-03-20 03:52:33+00:00,4
Apple Watch,Osceola Video: Highlights from FSU's first spring football practice,"The Florida State football team kicked off spring practice Wednesday afternoon.While a change in FSU's media policy no longer allows media members to observe practice in person, FSU did provide a few minutes of sound-free footage of the first practice of spri…",2025-03-20 02:16:01+00:00,Rivals.com,https://floridastate.rivals.com/news/osceola-video-highlights-from-fsu-s-first-spring-football-practice?yptr=yahoo,"Osceola Video: Highlights from FSU's first spring football practice The Florida State football team kicked off spring practice Wednesday afternoon.While a change in FSU's media policy no longer allows media members to observe practice in person, FSU did provide a few minutes of sound-free footage of the first practice of spri…",osceola video highlights fsus spring football practice florida state football team kicked spring practice wednesday afternoonwhile change fsus media policy longer allows media members observe practice person fsu did provide minutes soundfree footage practice spri,2025-03-20 02:16:01+00:00,-1
Apple Watch,Trump Says He’s Selling American Citizenship to Foreign Bidders Because He’s ‘America First’,"President Donald Trump defended his decision to sell U.S. citizenship to wealthy foreign bidders on Wednesday by claiming the policy was ""America First.""
The post Trump Says He’s Selling American Citizenship to Foreign Bidders Because He’s ‘America First’ fir…",2025-03-20 00:04:57+00:00,Mediaite,https://www.mediaite.com/tv/trump-says-hes-selling-american-citizenship-to-foreign-bidders-because-hes-america-first/,"Trump Says He’s Selling American Citizenship to Foreign Bidders Because He’s ‘America First’ President Donald Trump defended his decision to sell U.S. citizenship to wealthy foreign bidders on Wednesday by claiming the policy was ""America First.""
The post Trump Says He’s Selling American Citizenship to Foreign Bidders Because He’s ‘America First’ fir…",trump says hes selling american citizenship foreign bidders hes america president donald trump defended decision sell citizenship wealthy foreign bidders wednesday claiming policy america post trump says hes selling american citizenship foreign bidders hes america fir,2025-03-20 00:04:57+00:00,2
Apple Watch,Video: Is a Nate Diaz return to UFC still interesting?,"Nate Diaz said last week he wants to ""go back and get a UFC title."" How do we feel about that? We discuss on ""Spinning Back Clique.""",2025-03-20 00:00:03+00:00,USA Today,https://mmajunkie.usatoday.com/2025/03/ufc-nate-diaz-return-interest-video-reaction,"Video: Is a Nate Diaz return to UFC still interesting? Nate Diaz said last week he wants to ""go back and get a UFC title."" How do we feel about that? We discuss on ""Spinning Back Clique.""",video nate diaz return ufc interesting nate diaz said week wants ufc title feel discuss spinning clique,2025-03-20 00:00:03+00:00,-1
Apple Watch,Snow White And the 7/10-Star Reviews,"After generating so much controversy, critics found Snow White mostly fine. Rachel Zegler gets rave reviews for carrying the film. Gal Gadot is also there.",2025-03-19 23:34:50+00:00,Vulture,http://www.vulture.com/article/snow-white-reviews-2025.html,"Snow White And the 7/10-Star Reviews After generating so much controversy, critics found Snow White mostly fine. Rachel Zegler gets rave reviews for carrying the film. Gal Gadot is also there.",snow white star reviews generating controversy critics snow white fine rachel zegler gets rave reviews carrying film gal gadot,2025-03-19 23:34:50+00:00,7
Apple Watch,Meross Smart Wi-Fi Bedside Lamp (with HomeKit Support) $48.97 + Delivery ($0 with Prime/ $59 Spend @ Shuzu-AU via Amazon AU,"ATL on the Meross Smart Wifi Lamp! I use this one to create a more natural wake-up by triggering an automation to increase the brightness every 3 minutes, so by the time of my alarm it's already quite bright in the room. Works amazing for waking up and not be…",2025-03-19 22:06:13+00:00,Ozbargain.com.au,https://www.ozbargain.com.au/node/898407,"Meross Smart Wi-Fi Bedside Lamp (with HomeKit Support) $48.97 + Delivery ($0 with Prime/ $59 Spend @ Shuzu-AU via Amazon AU ATL on the Meross Smart Wifi Lamp! I use this one to create a more natural wake-up by triggering an automation to increase the brightness every 3 minutes, so by the time of my alarm it's already quite bright in the room. Works amazing for waking up and not be…",meross smart wifi bedside lamp homekit support delivery prime spend shuzuau amazon atl meross smart wifi lamp use create natural wakeup triggering automation increase brightness minutes time alarm quite bright room works amazing waking,2025-03-19 22:06:13+00:00,-1
Apple Watch,"‘Marty Supreme’: Release Date, Plot & More on Gwyneth Paltrow & Timothee Chalamet Movie","Gwyneth Paltrow and Timothée Chalamet star in the upcoming film 'Marty Supreme.' Learn everything about the movie, from its release date to the cast, below.",2025-03-19 22:00:35+00:00,Hollywood Life,https://hollywoodlife.com/feature/marty-supreme-5375707/,"‘Marty Supreme’: Release Date, Plot & More on Gwyneth Paltrow & Timothee Chalamet Movie Gwyneth Paltrow and Timothée Chalamet star in the upcoming film 'Marty Supreme.' Learn everything about the movie, from its release date to the cast, below.",marty supreme release date plot gwyneth paltrow timothee chalamet movie gwyneth paltrow timothe chalamet star upcoming film marty supreme learn movie release date cast,2025-03-19 22:00:35+00:00,7
Apple Watch,Netflix chief Ted Sarandos says 'Max' should have just been called 'HBO',"Ted Sarandos disagrees with Max's rebranding, doesn't see Amazon Prime competing with Netflix, and doesn't get Apple TV.",2025-03-19 21:36:47+00:00,Business Insider,https://www.businessinsider.com/netflix-co-ceo-says-max-should-have-been-hbo-2025-3,"Netflix chief Ted Sarandos says 'Max' should have just been called 'HBO' Ted Sarandos disagrees with Max's rebranding, doesn't see Amazon Prime competing with Netflix, and doesn't get Apple TV.",netflix chief ted sarandos says max just called hbo ted sarandos disagrees maxs rebranding doesnt amazon prime competing netflix doesnt apple,2025-03-19 21:36:47+00:00,7
Apple Watch,Adam Scott Jokingly Revealed The 'Borderline Abusive' Voicemails Dax Shepard And Kristen Bell Sent Him About Severance And His Equally Savage Response,"Listen, we all want to know why the work is mysterious and important.",2025-03-19 21:16:41+00:00,CinemaBlend,https://www.cinemablend.com/streaming-news/adam-scott-jokingly-revealed-borderline-abusive-voicemails-dax-shepard-kristen-bell-sent-severance-equally-savage-response,"Adam Scott Jokingly Revealed The 'Borderline Abusive' Voicemails Dax Shepard And Kristen Bell Sent Him About Severance And His Equally Savage Response Listen, we all want to know why the work is mysterious and important.",adam scott jokingly revealed borderline abusive voicemails dax shepard kristen bell sent severance equally savage response listen want know work mysterious important,2025-03-19 21:16:41+00:00,-1
Apple Watch,"Bridgett M. Davis’s music playlist for her memoir Love, Rita","""I write to conjure up those I’ve lost, and music is my portal.""",2025-03-19 21:13:41+00:00,Largeheartedboy.com,https://largeheartedboy.com/2025/03/19/bridgett-m-daviss-music-playlist-for-her-memoir-love-rita/,"Bridgett M. Davis’s music playlist for her memoir Love, Rita ""I write to conjure up those I’ve lost, and music is my portal.""",bridgett daviss music playlist memoir love rita write conjure ive lost music portal,2025-03-19 21:13:41+00:00,7
Apple Watch,Wearable Devices Announces Full Year 2024 Financial Results and Provides Corporate Update,"YOKNE’AM ILLIT, Israel, March 19, 2025 (GLOBE NEWSWIRE) -- Wearable Devices Ltd. (Nasdaq: WLDS, WLDSW) (“Wearable Devices” or the “Company”), a technology growth company specializing in artificial intelligence (“AI"")-powered touchless sensing wearables, today…",2025-03-19 21:07:00+00:00,GlobeNewswire,https://www.globenewswire.com/news-release/2025/03/19/3045846/0/en/Wearable-Devices-Announces-Full-Year-2024-Financial-Results-and-Provides-Corporate-Update.html,"Wearable Devices Announces Full Year 2024 Financial Results and Provides Corporate Update YOKNE’AM ILLIT, Israel, March 19, 2025 (GLOBE NEWSWIRE) -- Wearable Devices Ltd. (Nasdaq: WLDS, WLDSW) (“Wearable Devices” or the “Company”), a technology growth company specializing in artificial intelligence (“AI"")-powered touchless sensing wearables, today…",wearable devices announces year financial results provides corporate update yokneam illit israel march globe newswire wearable devices nasdaq wlds wldsw wearable devices company technology growth company specializing artificial intelligence aipowered touchless sensing wearables today,2025-03-19 21:07:00+00:00,-1
Apple Watch,Amazfit T-Rex 3 smartwatch review,"The Amazfit T-Rex 3 has what it takes to compete with mainstream outdoor smartwatches on an equal footing, but its overly rugged design may not appeal to everyone.",2025-03-19 21:00:00+00:00,Live Science,https://www.livescience.com/health/exercise/amazfit-t-rex-3-smartwatch-review,"Amazfit T-Rex 3 smartwatch review The Amazfit T-Rex 3 has what it takes to compete with mainstream outdoor smartwatches on an equal footing, but its overly rugged design may not appeal to everyone.",amazfit trex smartwatch review amazfit trex takes compete mainstream outdoor smartwatches equal footing overly rugged design appeal,2025-03-19 21:00:00+00:00,10
Apple Watch,"SNOW WHITE's Rotten Tomatoes Score Revealed As Critics Praise Rachel Zegler's ""Pitch-Perfect"" Performance","The reviews are in for Disney’s live-action Snow White remake and, while Rachel Zegler is being praised for her performance, it appears critics were less impressed with, well, pretty much everything else.",2025-03-19 20:52:41+00:00,CBM (Comic Book Movie),https://comicbookmovie.com/disney/snow-whites-rotten-tomatoes-score-revealed-as-critics-praise-rachel-zeglers-pitch-perfect-performance-a216923,"SNOW WHITE's Rotten Tomatoes Score Revealed As Critics Praise Rachel Zegler's ""Pitch-Perfect"" Performance The reviews are in for Disney’s live-action Snow White remake and, while Rachel Zegler is being praised for her performance, it appears critics were less impressed with, well, pretty much everything else.",snow whites rotten tomatoes score revealed critics praise rachel zeglers pitchperfect performance reviews disneys liveaction snow white remake rachel zegler praised performance appears critics impressed pretty,2025-03-19 20:52:41+00:00,7
Apple Watch,Review: Disney’s Live-Action SNOW WHITE is a Hollow Shell of The Original,"Maybe hardcore Disney movie fans will find something to like in this live-action remake of Snow White, but I thought it was an absolute mess. As someone who grew up loving the original Snow White and the Seven Dwarfs, I couldn’t help by be curious to see how …",2025-03-19 20:29:00+00:00,GeekTyrant,https://geektyrant.com/news/review-disneys-live-action-snow-white-is-a-hollow-shell-of-the-original,"Review: Disney’s Live-Action SNOW WHITE is a Hollow Shell of The Original Maybe hardcore Disney movie fans will find something to like in this live-action remake of Snow White, but I thought it was an absolute mess. As someone who grew up loving the original Snow White and the Seven Dwarfs, I couldn’t help by be curious to see how …",review disneys liveaction snow white hollow shell original maybe hardcore disney movie fans like liveaction remake snow white thought absolute mess grew loving original snow white seven dwarfs help curious,2025-03-19 20:29:00+00:00,7
Apple Watch,Ben Stiller Assures ‘Severance’ Fans That Season 3 Won’t Take Another Three Years,"While Season 3 has not yet been announced, director/executive producer Stiller confirmed the ""plan"" for more installments of the hit Apple TV+ will be revealed ""very soon.""",2025-03-19 20:00:00+00:00,IndieWire,https://www.indiewire.com/news/general-news/ben-stiller-severance-season-3-will-come-sooner-1235110084/,"Ben Stiller Assures ‘Severance’ Fans That Season 3 Won’t Take Another Three Years While Season 3 has not yet been announced, director/executive producer Stiller confirmed the ""plan"" for more installments of the hit Apple TV+ will be revealed ""very soon.""",ben stiller assures severance fans season wont years season announced directorexecutive producer stiller confirmed plan installments hit apple revealed soon,2025-03-19 20:00:00+00:00,7
Apple Watch,‘Michael’ Actress Nia Long Signs With Artists First,"EXCLUSIVE: Nia Long has inked with Artists First for representation. Long will portray Katherine Jackson, matriarch to the Jackson musical family, in Lionsgate’s Michael Jackson biopic Michael. The Antoine Fuqua directed, John Logan penned, Colman Domingo and…",2025-03-19 19:46:33+00:00,Deadline,http://deadline.com/2025/03/nia-long-artists-first-1236331130/,"‘Michael’ Actress Nia Long Signs With Artists First EXCLUSIVE: Nia Long has inked with Artists First for representation. Long will portray Katherine Jackson, matriarch to the Jackson musical family, in Lionsgate’s Michael Jackson biopic Michael. The Antoine Fuqua directed, John Logan penned, Colman Domingo and…",michael actress nia long signs artists exclusive nia long inked artists representation long portray katherine jackson matriarch jackson musical family lionsgates michael jackson biopic michael antoine fuqua directed john logan penned colman domingo,2025-03-19 19:46:33+00:00,11
Apple Watch,The EU wants to unshackle users from their Apple Watch prison,The post The EU wants to unshackle users from their Apple Watch prison appeared first on Android Headlines.,2025-03-19 19:37:17+00:00,Android Headlines,https://www.androidheadlines.com/2025/03/eu-wants-apple-smartwatch-third-party.html,The EU wants to unshackle users from their Apple Watch prison The post The EU wants to unshackle users from their Apple Watch prison appeared first on Android Headlines.,wants unshackle users apple watch prison post wants unshackle users apple watch prison appeared android headlines,2025-03-19 19:37:17+00:00,10
Apple Watch,Where to Sip the Best Non-Alcoholic Drinks in San Diego,"From zero-proof spirits to house infusions, these mocktails have all of the vim and with none of the vigor of a regular cocktail",2025-03-19 19:34:23+00:00,Eater,https://sandiego.eater.com/maps/best-san-diego-non-alcoholic-drinks-mocktails-alcohol-free-cocktails-bars,"Where to Sip the Best Non-Alcoholic Drinks in San Diego From zero-proof spirits to house infusions, these mocktails have all of the vim and with none of the vigor of a regular cocktail",sip best nonalcoholic drinks san diego zeroproof spirits house infusions mocktails vim vigor regular cocktail,2025-03-19 19:34:23+00:00,-1
Apple Watch,DMA Compliance: Watch and Headphone Interoperability,"Benjamin Mayo (Hacker News): The EU has followed up on its Digital Markets Act specification procedures for Apple regarding the iPhone’s interoperability with third-party connected devices like smartwatches and headphones, as announced last fall. Today’s anno…",2025-03-19 19:18:03+00:00,Mjtsai.com,https://mjtsai.com/blog/2025/03/19/dma-compliance-watch-and-headphone-interoperability/,"DMA Compliance: Watch and Headphone Interoperability Benjamin Mayo (Hacker News): The EU has followed up on its Digital Markets Act specification procedures for Apple regarding the iPhone’s interoperability with third-party connected devices like smartwatches and headphones, as announced last fall. Today’s anno…",dma compliance watch headphone interoperability benjamin mayo hacker news followed digital markets act specification procedures apple regarding iphones interoperability thirdparty connected devices like smartwatches headphones announced fall todays anno,2025-03-19 19:18:03+00:00,6
Apple Watch,Apple Restricts Pebble From Being Awesome With iPhones,"Eric Migicovsky (via Dare Obasanjo, Hacker News): During Pebble v1, I learned how much harder it is to build a great smartwatch experience on iPhone than it is on Android. It sounds like things have actually gotten worse over the last 8 years. I want to set e…",2025-03-19 19:17:52+00:00,Mjtsai.com,https://mjtsai.com/blog/2025/03/19/apple-restricts-pebble-from-being-awesome-with-iphones/,"Apple Restricts Pebble From Being Awesome With iPhones Eric Migicovsky (via Dare Obasanjo, Hacker News): During Pebble v1, I learned how much harder it is to build a great smartwatch experience on iPhone than it is on Android. It sounds like things have actually gotten worse over the last 8 years. I want to set e…",apple restricts pebble awesome iphones eric migicovsky dare obasanjo hacker news pebble learned harder build great smartwatch experience iphone android sounds like things actually gotten worse years want set,2025-03-19 19:17:52+00:00,10
Apple Watch,NYPD transit commander demoted for allegedly faking subway crime stats,A veteran NYPD captain in charge of Transit District 20 in Queens has been transferred and could face disciplinary action for allegedly downplaying subway crime stats.,2025-03-19 19:09:00+00:00,New York Post,https://nypost.com/2025/03/19/us-news/nypd-transit-commander-demoted-for-allegedly-faking-subway-crime-stats-victimized-the-victim/,NYPD transit commander demoted for allegedly faking subway crime stats A veteran NYPD captain in charge of Transit District 20 in Queens has been transferred and could face disciplinary action for allegedly downplaying subway crime stats.,nypd transit commander demoted allegedly faking subway crime stats veteran nypd captain charge transit district queens transferred face disciplinary action allegedly downplaying subway crime stats,2025-03-19 19:09:00+00:00,-1
Apple Watch,March Madness: How to Watch the NCAA Women’s Basketball Tournament Online,"The women’s 2025 NCAA Tournament tips off Wednesday, March 19 with the First Four. Here’s everything you need to know for how to watch every women’s March Madness basketball game online with Sling TV. Sling TV is a TVLine sponsor, however, this article was in…",2025-03-19 19:07:35+00:00,TVLine,https://tvline.com/features/how-to-watch-womens-march-madness-tournament-2025-online-1235419590/,"March Madness: How to Watch the NCAA Women’s Basketball Tournament Online The women’s 2025 NCAA Tournament tips off Wednesday, March 19 with the First Four. Here’s everything you need to know for how to watch every women’s March Madness basketball game online with Sling TV. Sling TV is a TVLine sponsor, however, this article was in…",march madness watch ncaa womens basketball tournament online womens ncaa tournament tips wednesday march heres need know watch womens march madness basketball game online sling sling tvline sponsor article,2025-03-19 19:07:35+00:00,-1
Apple Watch,"‘Snow White’ Review: After All That, Disney’s Latest Live-Action Remake Is a Spirited and Sweet Crowdpleaser","Controversy beset the Rachel Zegler-starring fairy tale for entire years, but the final product is a good-enough entry into an oft-disappointing subgenre.",2025-03-19 19:00:00+00:00,IndieWire,https://www.indiewire.com/criticism/movies/snow-white-2025-review-live-action-remake-1235104411/,"‘Snow White’ Review: After All That, Disney’s Latest Live-Action Remake Is a Spirited and Sweet Crowdpleaser Controversy beset the Rachel Zegler-starring fairy tale for entire years, but the final product is a good-enough entry into an oft-disappointing subgenre.",snow white review disneys latest liveaction remake spirited sweet crowdpleaser controversy beset rachel zeglerstarring fairy tale entire years final product goodenough entry oftdisappointing subgenre,2025-03-19 19:00:00+00:00,7
Apple Watch,Streaming Shows Every Entrepreneur Should Watch,10 ‘must-watch’ streaming shows every founder should check out to help sharpen their entrepreneurial skills.,2025-03-19 18:42:44+00:00,Forbes,https://www.forbes.com/sites/forbesbooksauthors/2025/03/19/streaming-shows-every-entrepreneur-should-watch/,Streaming Shows Every Entrepreneur Should Watch 10 ‘must-watch’ streaming shows every founder should check out to help sharpen their entrepreneurial skills.,streaming shows entrepreneur watch mustwatch streaming shows founder check help sharpen entrepreneurial skills,2025-03-19 18:42:44+00:00,7
Apple Watch,Where You Know Adam In Daredevil: Born Again From,"One of the bigger mysteries of Daredevil: Born Again is the character of Adam, an important figure in Kingpin’s life, played by a familiar actor.",2025-03-19 18:40:13+00:00,Screen Rant,https://screenrant.com/daredevil-born-again-adam-explained/,"Where You Know Adam In Daredevil: Born Again From One of the bigger mysteries of Daredevil: Born Again is the character of Adam, an important figure in Kingpin’s life, played by a familiar actor.",know adam daredevil born bigger mysteries daredevil born character adam important figure kingpins life played familiar actor,2025-03-19 18:40:13+00:00,-1
Apple Watch,'Trust No One' kicks off with a fast-paced look at espionage and betrayal in Gaza,"""The White Lotus"" surprises with a Thai version of Israel's classic Eurovision-winning song ""A-Ba-Ni-Bi.""",2025-03-19 18:26:56+00:00,The Jerusalem Post,https://www.jpost.com/israel-news/culture/article-846773,"'Trust No One' kicks off with a fast-paced look at espionage and betrayal in Gaza ""The White Lotus"" surprises with a Thai version of Israel's classic Eurovision-winning song ""A-Ba-Ni-Bi.""",trust kicks fastpaced look espionage betrayal gaza white lotus surprises thai version israels classic eurovisionwinning song abanibi,2025-03-19 18:26:56+00:00,-1
Apple Watch,Why I bought this timeless smartwatch the moment it went on sale - and don't regret it,I can't wait to try the Core 2 Duo and Core Time 2 to see how they compare to the original Pebble smartwatches.,2025-03-19 18:24:00+00:00,ZDNet,https://www.zdnet.com/article/why-i-bought-this-timeless-smartwatch-the-moment-it-went-on-sale-and-dont-regret-it/,Why I bought this timeless smartwatch the moment it went on sale - and don't regret it I can't wait to try the Core 2 Duo and Core Time 2 to see how they compare to the original Pebble smartwatches.,bought timeless smartwatch moment went sale dont regret wait try core duo core time compare original pebble smartwatches,2025-03-19 18:24:00+00:00,10
Apple Watch,Google's new Pixel 9a is my favorite phone deal right now - especially with this camera upgrade,The mid-range model sports a refreshed design with subtle yet significant upgrades hidden in plain sight.,2025-03-19 18:19:00+00:00,ZDNet,https://www.zdnet.com/article/googles-new-pixel-9a-is-my-favorite-phone-deal-right-now-especially-with-this-camera-upgrade/,Google's new Pixel 9a is my favorite phone deal right now - especially with this camera upgrade The mid-range model sports a refreshed design with subtle yet significant upgrades hidden in plain sight.,googles new pixel favorite phone deal right especially camera upgrade midrange model sports refreshed design subtle significant upgrades hidden plain sight,2025-03-19 18:19:00+00:00,15
Apple Watch,Best New TV Series You Must See in April 2025,"These are the hottest new shows to catch on streaming across Netflix, Prime Video, Paramount+ and more.",2025-03-19 17:40:00+00:00,Newsweek,https://www.newsweek.com/entertainment/tv/best-new-tv-series-you-must-see-april-2025-2047355,"Best New TV Series You Must See in April 2025 These are the hottest new shows to catch on streaming across Netflix, Prime Video, Paramount+ and more.",best new series april hottest new shows catch streaming netflix prime video paramount,2025-03-19 17:40:00+00:00,7
Apple Watch,Walmart announces giant upcoming sale event to take on Amazon’s Prime Spring deals,"Yesterday Amazon officially announced its upcoming Prime Spring Deal event, and Walmart has now done much of the same. Just like during Black Friday and Prime Day events, Walmart isn’t going to let Amazon have all of the fun, having now officially announced i…",2025-03-19 17:16:23+00:00,9to5Toys,http://9to5toys.com/2025/03/19/walmart-amazon-prime-spring-deals/,"Walmart announces giant upcoming sale event to take on Amazon’s Prime Spring deals Yesterday Amazon officially announced its upcoming Prime Spring Deal event, and Walmart has now done much of the same. Just like during Black Friday and Prime Day events, Walmart isn’t going to let Amazon have all of the fun, having now officially announced i…",walmart announces giant upcoming sale event amazons prime spring deals yesterday amazon officially announced upcoming prime spring deal event walmart just like black friday prime day events walmart isnt going let amazon fun having officially announced,2025-03-19 17:16:23+00:00,14
Apple Watch,EU lays out its demands for iPhone interoperability,"Third-party accessories should get additional access to iPhone thanks to new EU interoperability regulations. Apple isn’t happy, though.
(via Cult of Mac - Apple news, rumors, reviews and how-tos)",2025-03-19 17:15:43+00:00,Cult of Mac,https://www.cultofmac.com/news/iphone-accessories-eu-interoperability,"EU lays out its demands for iPhone interoperability Third-party accessories should get additional access to iPhone thanks to new EU interoperability regulations. Apple isn’t happy, though.
(via Cult of Mac - Apple news, rumors, reviews and how-tos)",lays demands iphone interoperability thirdparty accessories additional access iphone thanks new interoperability regulations apple isnt happy cult mac apple news rumors reviews howtos,2025-03-19 17:15:43+00:00,6
Apple Watch,"Tested: Spigen’s new $20 Trail Loop-style Apple Watch band is even nicer than it looks, and super comfortable too","I am a big proponent of metal and leather Apple Watch bands, but I do like me some more comfortable fabric models in casual situation, and the new Spigen Athlex Air immediately caught my eye when it surfaced for the first time earlier this month. The brand te…",2025-03-19 16:56:03+00:00,9to5Toys,http://9to5toys.com/2025/03/19/spigen-athlex-air-trail-loop-band-review/,"Tested: Spigen’s new $20 Trail Loop-style Apple Watch band is even nicer than it looks, and super comfortable too I am a big proponent of metal and leather Apple Watch bands, but I do like me some more comfortable fabric models in casual situation, and the new Spigen Athlex Air immediately caught my eye when it surfaced for the first time earlier this month. The brand te…",tested spigens new trail loopstyle apple watch band nicer looks super comfortable big proponent metal leather apple watch bands like comfortable fabric models casual situation new spigen athlex air immediately caught eye surfaced time earlier month brand,2025-03-19 16:56:03+00:00,-1
Apple Watch,"Apple now has to become more like Android, and the company hates it",EU has forced Apple to open iOS features to third-party devices. The end result is an experience that is a lot closer to Android. Read on!,2025-03-19 16:54:49+00:00,Android Authority,https://www.androidauthority.com/apple-interoperability-obligations-eu-3536706/,"Apple now has to become more like Android, and the company hates it EU has forced Apple to open iOS features to third-party devices. The end result is an experience that is a lot closer to Android. Read on!",apple like android company hates forced apple open ios features thirdparty devices end result experience lot closer android read,2025-03-19 16:54:49+00:00,6
Apple Watch,Ted Lasso Wants a New Son Who’s Better at Soccer,"Ted Lasso was a show that hit me at exactly the right time. The first season missed me at its time of release because I was much more focused on having to spend lockdown sober as my wife and I...
Read more...",2025-03-19 16:53:50+00:00,Pajiba.com,https://www.pajiba.com/news/ted-lasso-wants-a-new-son-whos-better-at-soccer.php,"Ted Lasso Wants a New Son Who’s Better at Soccer Ted Lasso was a show that hit me at exactly the right time. The first season missed me at its time of release because I was much more focused on having to spend lockdown sober as my wife and I...
Read more...",ted lasso wants new son whos better soccer ted lasso hit exactly right time season missed time release focused having spend lockdown sober wife read,2025-03-19 16:53:50+00:00,7
Apple Watch,Google Wallet is now kid-friendly with latest update,Google has updated Google Wallet to allow kids to use Tap to Pay with parental consent.,2025-03-19 16:52:08+00:00,Digital Trends,https://www.digitaltrends.com/mobile/google-wallet-is-now-kid-friendly-with-latest-update/,Google Wallet is now kid-friendly with latest update Google has updated Google Wallet to allow kids to use Tap to Pay with parental consent.,google wallet kidfriendly latest update google updated google wallet allow kids use tap pay parental consent,2025-03-19 16:52:08+00:00,6
Apple Watch,"Anora: When will movie be available for digital purchase and rental? Here’s DVD, Blu-ray and 4K Ultra HD release date","The film Anora is now streaming on Hulu. The Criterion Collection will release physical copies in various formats on April 29, with pre-orders available on Amazon. The movie, directed by Sean Baker, follows Anora, a stripper, who marries a wealthy Russian's s…",2025-03-19 16:51:47+00:00,The Times of India,https://economictimes.indiatimes.com/news/international/us/anora-when-will-movie-be-available-for-digital-purchase-and-rental-heres-dvd-blu-ray-and-4k-ultra-hd-release-date/articleshow/119221012.cms,"Anora: When will movie be available for digital purchase and rental? Here’s DVD, Blu-ray and 4K Ultra HD release date The film Anora is now streaming on Hulu. The Criterion Collection will release physical copies in various formats on April 29, with pre-orders available on Amazon. The movie, directed by Sean Baker, follows Anora, a stripper, who marries a wealthy Russian's s…",anora movie available digital purchase rental heres dvd bluray ultra release date film anora streaming hulu criterion collection release physical copies various formats april preorders available amazon movie directed sean baker follows anora stripper marries wealthy russians,2025-03-19 16:51:47+00:00,7
Apple Watch,Apple iPhone 17 Air: New Leaks Reveal Trove Of Design Changes And Features,"The next iPhone series will include a super-slim model, nicknamed ‘Air’. And a new leak has just revealed a motherlode of details.",2025-03-19 16:46:53+00:00,Forbes,https://www.forbes.com/sites/davidphelan/2025/03/19/apple-iphone-17-air-bonanza-of-new-design-and-features-suddenly-leak/,"Apple iPhone 17 Air: New Leaks Reveal Trove Of Design Changes And Features The next iPhone series will include a super-slim model, nicknamed ‘Air’. And a new leak has just revealed a motherlode of details.",apple iphone air new leaks reveal trove design changes features iphone series include superslim model nicknamed air new leak just revealed motherlode details,2025-03-19 16:46:53+00:00,0
Apple Watch,Lore Watch Podcast: On the origins of the Sethrak,"Join our hosts Joe Perez and Matt Rossi as they discuss the lore around the Sethrak, the snakelike humanoids we initially met in Vol’dun in Battle for Azeroth. How does their worship of the animalistic Loa spirits shape their society? Titans may tie in to the…",2025-03-19 16:30:07+00:00,Blizzardwatch.com,https://blizzardwatch.com/2025/03/19/lore-watch-podcast-origins-sethrak/,"Lore Watch Podcast: On the origins of the Sethrak Join our hosts Joe Perez and Matt Rossi as they discuss the lore around the Sethrak, the snakelike humanoids we initially met in Vol’dun in Battle for Azeroth. How does their worship of the animalistic Loa spirits shape their society? Titans may tie in to the…",lore watch podcast origins sethrak join hosts joe perez matt rossi discuss lore sethrak snakelike humanoids initially met voldun battle azeroth does worship animalistic loa spirits shape society titans tie,2025-03-19 16:30:07+00:00,-1
Apple Watch,"Apple has agreed to stop crippling alternatives to AirDrop, AirPlay, Apple Watch and more for EU iPhone owners","Apple must implement platform changes for EU iPhone owners to enable third-parties to create alternatives to AirDrop, AirPlay, and more.",2025-03-19 16:30:03+00:00,Idownloadblog.com,https://www.idownloadblog.com/2025/03/19/apple-eu-iphone-interoperability-changes-announcement/,"Apple has agreed to stop crippling alternatives to AirDrop, AirPlay, Apple Watch and more for EU iPhone owners Apple must implement platform changes for EU iPhone owners to enable third-parties to create alternatives to AirDrop, AirPlay, and more.",apple agreed stop crippling alternatives airdrop airplay apple watch iphone owners apple implement platform changes iphone owners enable thirdparties create alternatives airdrop airplay,2025-03-19 16:30:03+00:00,6
Apple Watch,This new Atari smartwatch doubles as a retro gaming delight,"There’s a bunch of retro gaming handhelds to choose from these days, but retro gaming smartwatches? Now there’s a niche we can get excited about. That’s what the Atari 2600 My Play Watch is all about, offering you a way to get all the perks of your standard s…",2025-03-19 16:27:00+00:00,Pockettactics.com,https://www.pockettactics.com/atari-2600-my-play-watch-pre-order,"This new Atari smartwatch doubles as a retro gaming delight There’s a bunch of retro gaming handhelds to choose from these days, but retro gaming smartwatches? Now there’s a niche we can get excited about. That’s what the Atari 2600 My Play Watch is all about, offering you a way to get all the perks of your standard s…",new atari smartwatch doubles retro gaming delight theres bunch retro gaming handhelds choose days retro gaming smartwatches theres niche excited thats atari play watch offering way perks standard,2025-03-19 16:27:00+00:00,10
Apple Watch,‘Together’ Trailer Promises Neon’s Next Horror Phenomenon,"The body-horror tale, starring Dave Franco and Alison Brie, premiered earlier this year at the Sundance Film Festival
The post ‘Together’ Trailer Promises Neon’s Next Horror Phenomenon appeared first on TheWrap.",2025-03-19 16:25:27+00:00,TheWrap,https://www.thewrap.com/together-trailer-neon-dave-franco-alison-brie-sundance/,"‘Together’ Trailer Promises Neon’s Next Horror Phenomenon The body-horror tale, starring Dave Franco and Alison Brie, premiered earlier this year at the Sundance Film Festival
The post ‘Together’ Trailer Promises Neon’s Next Horror Phenomenon appeared first on TheWrap.",trailer promises neons horror phenomenon bodyhorror tale starring dave franco alison brie premiered earlier year sundance film festival post trailer promises neons horror phenomenon appeared thewrap,2025-03-19 16:25:27+00:00,7
Apple Watch,8 TV Shows and Movies to Watch After You Finish Severance,"Hopefully it won't be another long gap between seasons for the Apple TV+ series, but you're definitely going to have some time to fill.",2025-03-19 16:15:38+00:00,Gizmodo.com,https://gizmodo.com/what-to-watch-if-you-like-severance-streaming-2000577595,"8 TV Shows and Movies to Watch After You Finish Severance Hopefully it won't be another long gap between seasons for the Apple TV+ series, but you're definitely going to have some time to fill.",shows movies watch finish severance hopefully wont long gap seasons apple series youre definitely going time,2025-03-19 16:15:38+00:00,7
Apple Watch,Dope Thief: Release Schedule: When Do New Episodes Come Out?,The Apple TV+ crime drama stars Bryan Tyree Henry and Wagner Moura as fake DEA Agents who are way over their heads.,2025-03-19 16:03:00+00:00,esquire.com,https://www.esquire.com/entertainment/tv/a64230998/dope-thief-apple-tv-release-schedule/,Dope Thief: Release Schedule: When Do New Episodes Come Out? The Apple TV+ crime drama stars Bryan Tyree Henry and Wagner Moura as fake DEA Agents who are way over their heads.,dope thief release schedule new episodes come apple crime drama stars bryan tyree henry wagner moura fake dea agents way heads,2025-03-19 16:03:00+00:00,7
Apple Watch,The best unlimited data plans in 2025,"The best unlimited data plans depend on your location, budget, and needs apart from data. See our top options from Verizon, T-Mobile, AT&T, and MVNOs.",2025-03-19 16:00:27+00:00,Business Insider,https://www.businessinsider.com/guides/tech/best-unlimited-data-plans,"The best unlimited data plans in 2025 The best unlimited data plans depend on your location, budget, and needs apart from data. See our top options from Verizon, T-Mobile, AT&T, and MVNOs.",best unlimited data plans best unlimited data plans depend location budget needs apart data options verizon tmobile att mvnos,2025-03-19 16:00:27+00:00,-1
Apple Watch,These Are Our Shopping Editor's Favorite Deals from Amazon's Spring Sale,"Here's what to buy from Amazon's Big Spring Sale, officially happening March 25 through 31. Shop the top items in tech, fitness, and more.",2025-03-19 15:36:00+00:00,esquire.com,https://www.esquire.com/lifestyle/a64219472/best-amazon-spring-sales-2025/,"These Are Our Shopping Editor's Favorite Deals from Amazon's Spring Sale Here's what to buy from Amazon's Big Spring Sale, officially happening March 25 through 31. Shop the top items in tech, fitness, and more.",shopping editors favorite deals amazons spring sale heres buy amazons big spring sale officially happening march shop items tech fitness,2025-03-19 15:36:00+00:00,14
Apple Watch,EXCLUSIVE: Elton John 'On Last Legs' After It Emerged He's Now So Blind He Can Barely Sign His Own Autograph — 'He Might Only Have Months Left to Live',Dying Sir Elton John is now so unwell he can barely sign his name for fans – after warning his days on the planet are numbered and he can now only manage to scrawl the letter E.,2025-03-19 15:35:18+00:00,Radaronline.com,https://radaronline.com/p/elton-john-on-last-legs-now-so-blind-can-barely-sign-autograph-death-fears/,EXCLUSIVE: Elton John 'On Last Legs' After It Emerged He's Now So Blind He Can Barely Sign His Own Autograph — 'He Might Only Have Months Left to Live' Dying Sir Elton John is now so unwell he can barely sign his name for fans – after warning his days on the planet are numbered and he can now only manage to scrawl the letter E.,exclusive elton john legs emerged hes blind barely sign autograph months left live dying sir elton john unwell barely sign fans warning days planet numbered manage scrawl letter,2025-03-19 15:35:18+00:00,4
Apple Watch,The new Pebble is the throwback smartwatch we need right now,"The Core 2 Duo and Core Time 2 are the Pebble smartwatches of yore rebooted, and while they may not seem like much, they're exactly what we need right now.",2025-03-19 15:30:16+00:00,Digital Trends,https://www.digitaltrends.com/mobile/the-new-pebble-is-the-throwback-smartwatch-we-all-need/,"The new Pebble is the throwback smartwatch we need right now The Core 2 Duo and Core Time 2 are the Pebble smartwatches of yore rebooted, and while they may not seem like much, they're exactly what we need right now.",new pebble throwback smartwatch need right core duo core time pebble smartwatches yore rebooted like theyre exactly need right,2025-03-19 15:30:16+00:00,10
Apple Watch,The new Pebble is nostalgic nonsense we don’t need,"The new Pebble smartwatch, called the Core 2 Duo, is not the nostalgic, retro-inspired piece of wearable tech we need in 2025.",2025-03-19 15:30:09+00:00,Digital Trends,https://www.digitaltrends.com/mobile/the-new-pebble-is-nostalgic-nonsense-we-dont-need/,"The new Pebble is nostalgic nonsense we don’t need The new Pebble smartwatch, called the Core 2 Duo, is not the nostalgic, retro-inspired piece of wearable tech we need in 2025.",new pebble nostalgic nonsense dont need new pebble smartwatch called core duo nostalgic retroinspired piece wearable tech need,2025-03-19 15:30:09+00:00,10
Apple Watch,Nostalgic for 2012? Pebble Smartwatches Are Back With New 'Core' Features,"After a rollercoaster rise and decline that started with Kickstarter and ended with Fitbit kicking the Pebble brand to the curb, co-founder Eric Migicovsky launches new 'Pebble-like' devices.
Pebble is back with two new products built on the original operatin…",2025-03-19 15:29:02+00:00,PCMag.com,https://uk.pcmag.com/migrated-99802-smartwatches/157172/nostalgic-for-2012-pebble-smartwatches-are-back-with-new-core-features,"Nostalgic for 2012? Pebble Smartwatches Are Back With New 'Core' Features After a rollercoaster rise and decline that started with Kickstarter and ended with Fitbit kicking the Pebble brand to the curb, co-founder Eric Migicovsky launches new 'Pebble-like' devices.
Pebble is back with two new products built on the original operatin…",nostalgic pebble smartwatches new core features rollercoaster rise decline started kickstarter ended fitbit kicking pebble brand curb cofounder eric migicovsky launches new pebblelike devices pebble new products built original operatin,2025-03-19 15:29:02+00:00,10
Apple Watch,Nostalgic for 2012? Pebble Smartwatches Are Back With New 'Core' Features,"After a rollercoaster rise and decline that started with Kickstarter and ended with Fitbit kicking the Pebble brand to the curb, co-founder Eric Migicovsky launches new 'Pebble-like' devices.
Pebble is back with two new products built on the original operatin…",2025-03-19 15:29:02+00:00,PCMag.com,https://me.pcmag.com/en/smartwatches/28938/nostalgic-for-2012-pebble-smartwatches-are-back-with-new-core-features,"Nostalgic for 2012? Pebble Smartwatches Are Back With New 'Core' Features After a rollercoaster rise and decline that started with Kickstarter and ended with Fitbit kicking the Pebble brand to the curb, co-founder Eric Migicovsky launches new 'Pebble-like' devices.
Pebble is back with two new products built on the original operatin…",nostalgic pebble smartwatches new core features rollercoaster rise decline started kickstarter ended fitbit kicking pebble brand curb cofounder eric migicovsky launches new pebblelike devices pebble new products built original operatin,2025-03-19 15:29:02+00:00,10
Apple Watch,EU sends Apple first DMA interoperability instructions for apps and connected devices,"The European Union has sent Apple preliminary instructions on how it expects the iPhone maker to comply with interoperability provisions in the bloc’s Digital Markets Act (DMA), its flagship market contestability reform. According to the Commission, device ma…",2025-03-19 15:28:18+00:00,TechCrunch,https://techcrunch.com/2025/03/19/eu-sends-apple-first-dma-interoperability-instructions-for-apps-and-connected-devices/,"EU sends Apple first DMA interoperability instructions for apps and connected devices The European Union has sent Apple preliminary instructions on how it expects the iPhone maker to comply with interoperability provisions in the bloc’s Digital Markets Act (DMA), its flagship market contestability reform. According to the Commission, device ma…",sends apple dma interoperability instructions apps connected devices european union sent apple preliminary instructions expects iphone maker comply interoperability provisions blocs digital markets act dma flagship market contestability reform according commission device,2025-03-19 15:28:18+00:00,6
Apple Watch,Pebble is back through Core: don't sleep on the comeback of 2025,"Pre-orders for two brand new watches, running PebbleOS just went live: Core 2 Duo and Core Time 2. But has Core Devices learned the lessons from Pebble's failure, or is this just nostalgic hype?",2025-03-19 15:27:49+00:00,PhoneArena,https://www.phonearena.com/news/new-pebble-watches-core-duo-time-2_id168631,"Pebble is back through Core: don't sleep on the comeback of 2025 Pre-orders for two brand new watches, running PebbleOS just went live: Core 2 Duo and Core Time 2. But has Core Devices learned the lessons from Pebble's failure, or is this just nostalgic hype?",pebble core dont sleep comeback preorders brand new watches running pebbleos just went live core duo core time core devices learned lessons pebbles failure just nostalgic hype,2025-03-19 15:27:49+00:00,10
Apple Watch,CMF Watch Pro 2 by Nothing review - budget-friendly Apple rival levels up hugely,"The sophomore effort is important across any medium, isn’t it? Whether it is Foo Fighters following up their self-titled album with The Colour and The Shape, or John Wick 2 eclipsing its predecessor, sticking the landing is crucial. The Nothing CMF Watch Pro …",2025-03-19 15:27:48+00:00,Pockettactics.com,https://www.pockettactics.com/cmf-watch-pro-2-review,"CMF Watch Pro 2 by Nothing review - budget-friendly Apple rival levels up hugely The sophomore effort is important across any medium, isn’t it? Whether it is Foo Fighters following up their self-titled album with The Colour and The Shape, or John Wick 2 eclipsing its predecessor, sticking the landing is crucial. The Nothing CMF Watch Pro …",cmf watch pro review budgetfriendly apple rival levels hugely sophomore effort important medium isnt foo fighters following selftitled album colour shape john wick eclipsing predecessor sticking landing crucial cmf watch pro,2025-03-19 15:27:48+00:00,-1
Apple Watch,Hands-On with Multiple Pinned Item Lists in Callsheet,"It’s been over a year and a half since the debut of Callsheet, the app from Casey Liss for looking up information about films and TV shows, and the app has grown a lot in that time. From new app icon variations to more fine-grained spoiler settings to actors’…",2025-03-19 15:20:24+00:00,MacStories,https://www.macstories.net/news/hands-on-with-multiple-pinned-item-lists-in-callsheet/,"Hands-On with Multiple Pinned Item Lists in Callsheet It’s been over a year and a half since the debut of Callsheet, the app from Casey Liss for looking up information about films and TV shows, and the app has grown a lot in that time. From new app icon variations to more fine-grained spoiler settings to actors’…",handson multiple pinned item lists callsheet year half debut callsheet app casey liss looking information films shows app grown lot time new app icon variations finegrained spoiler settings actors,2025-03-19 15:20:24+00:00,0
Apple Watch,"Eric Migicovsky says Apple makes it ‘nearly impossible’ for developers to create an experience that rivals the Apple Watch, adding claims about security are ‘what they tell you as they tuck you into bed’","Eric Migicovsky, the creator of the original Pebble smartwatch, says it’s always been difficult to design a device that works with Apple’s iPhone, but said “things have actually gotten worse” recently.
“Apple systematically makes it nearly impossible for 3rd …",2025-03-19 15:20:16+00:00,Biztoc.com,https://biztoc.com/x/f4681cd0b5711ec5,"Eric Migicovsky says Apple makes it ‘nearly impossible’ for developers to create an experience that rivals the Apple Watch, adding claims about security are ‘what they tell you as they tuck you into bed’ Eric Migicovsky, the creator of the original Pebble smartwatch, says it’s always been difficult to design a device that works with Apple’s iPhone, but said “things have actually gotten worse” recently.
“Apple systematically makes it nearly impossible for 3rd …",eric migicovsky says apple makes nearly impossible developers create experience rivals apple watch adding claims security tell tuck bed eric migicovsky creator original pebble smartwatch says difficult design device works apples iphone said things actually gotten worse recently apple systematically makes nearly impossible,2025-03-19 15:20:16+00:00,10
Apple Watch,"Severance Season 2: What will happen in the finale? Here’s Episode 10 release date, time and where to watch","Severance Season 2 Episode 10 will release on March 20 at 6 PM PT on Apple TV+. The episode will be the longest in the series, running for 76 minutes. The finale may explore Mark’s Innie and Outie meeting, and Burt’s uncertain future.",2025-03-19 15:00:41+00:00,The Times of India,https://economictimes.indiatimes.com/news/international/us/severance-season-2-what-will-happen-in-the-finale-heres-episode-10-release-date-time-and-where-to-watch/articleshow/119217917.cms,"Severance Season 2: What will happen in the finale? Here’s Episode 10 release date, time and where to watch Severance Season 2 Episode 10 will release on March 20 at 6 PM PT on Apple TV+. The episode will be the longest in the series, running for 76 minutes. The finale may explore Mark’s Innie and Outie meeting, and Burt’s uncertain future.",severance season happen finale heres episode release date time watch severance season episode release march apple episode longest series running minutes finale explore marks innie outie meeting burts uncertain future,2025-03-19 15:00:41+00:00,7
Apple earnings,Tesla's challenges run deeper than 'toxic' controversy around Elon Musk,"MAR 20 - ""This has been our family car for three years, and it has been an absolute dream,"" says Ben Kilbey as he shows me his gleaming pearl-white Tesla Kenya breaking news | Kenya news today |",2025-03-20 06:06:52+00:00,Capital FM Kenya,https://www.capitalfm.co.ke/business/2025/03/teslas-challenges-run-deeper-than-toxic-controversy-around-elon-musk/,"Tesla's challenges run deeper than 'toxic' controversy around Elon Musk MAR 20 - ""This has been our family car for three years, and it has been an absolute dream,"" says Ben Kilbey as he shows me his gleaming pearl-white Tesla Kenya breaking news | Kenya news today |",teslas challenges run deeper toxic controversy elon musk mar family car years absolute dream says ben kilbey shows gleaming pearlwhite tesla kenya breaking news kenya news today,2025-03-20 06:06:52+00:00,17
Apple earnings,Tesla's challenges run deeper than 'toxic' controversy around Elon Musk,The company is still valued at more than 100 times its earnings - but it faces problems that experts say go beyond questions around its CEO,2025-03-20 00:05:40+00:00,BBC News,https://www.bbc.com/news/articles/cz61vwjel2zo,Tesla's challenges run deeper than 'toxic' controversy around Elon Musk The company is still valued at more than 100 times its earnings - but it faces problems that experts say go beyond questions around its CEO,teslas challenges run deeper toxic controversy elon musk company valued times earnings faces problems experts say questions ceo,2025-03-20 00:05:40+00:00,17
Apple earnings,Apple supplier Corning expects Q1 sales to exceed previous target,"Apple supplier Corning has provided strong first-quarter guidance and given long-term financial targets a boost as it makes progress…
The post Apple supplier Corning expects Q1 sales to exceed previous target appeared first on MacDailyNews.",2025-03-19 19:15:19+00:00,Macdailynews.com,https://macdailynews.com/2025/03/19/apple-supplier-corning-expects-q1-sales-to-exceed-previous-target/,"Apple supplier Corning expects Q1 sales to exceed previous target Apple supplier Corning has provided strong first-quarter guidance and given long-term financial targets a boost as it makes progress…
The post Apple supplier Corning expects Q1 sales to exceed previous target appeared first on MacDailyNews.",apple supplier corning expects sales exceed previous target apple supplier corning provided strong firstquarter guidance given longterm financial targets boost makes progress post apple supplier corning expects sales exceed previous target appeared macdailynews,2025-03-19 19:15:19+00:00,-1
Apple earnings,Spotify says its US payouts saw ‘double-digit growth’ in 2024,Yesterday’s annual report from the RIAA revealed that the US music industry’s revenue from streaming services grew by 3.6% in 2024 – a sharp slowdown from the 8.1% growth in 2023. But one company is keen to point out that its payouts bucked this trend. Shortl…,2025-03-19 14:20:00+00:00,Music Ally,http://musically.com/2025/03/19/spotify-says-its-us-payouts-saw-double-digit-growth-in-2024/,Spotify says its US payouts saw ‘double-digit growth’ in 2024 Yesterday’s annual report from the RIAA revealed that the US music industry’s revenue from streaming services grew by 3.6% in 2024 – a sharp slowdown from the 8.1% growth in 2023. But one company is keen to point out that its payouts bucked this trend. Shortl…,spotify says payouts saw doubledigit growth yesterdays annual report riaa revealed music industrys revenue streaming services grew sharp slowdown growth company keen point payouts bucked trend shortl,2025-03-19 14:20:00+00:00,-1
Apple earnings,Gwyneth Paltrow on the cover of Vanity Fair,"https://instagram.com/p/DHVwe7tJDmY Gwyneth is the cover story for Vanity Fair's April issue. I read this (extremely long ass) interview so you don't have to!In addition to discussing intimacy coordinators, she talks about her upcoming movie Marty Supreme, wh…",2025-03-19 10:41:45+00:00,Livejournal.com,https://ohnotheydidnt.livejournal.com/130224708.html,"Gwyneth Paltrow on the cover of Vanity Fair https://instagram.com/p/DHVwe7tJDmY Gwyneth is the cover story for Vanity Fair's April issue. I read this (extremely long ass) interview so you don't have to!In addition to discussing intimacy coordinators, she talks about her upcoming movie Marty Supreme, wh…",gwyneth paltrow cover vanity fair gwyneth cover story vanity fairs april issue read extremely long ass interview dont toin addition discussing intimacy coordinators talks upcoming movie marty supreme,2025-03-19 10:41:45+00:00,7
Apple earnings,Another sign of a dealmaking comeback? Adtech firm Adform is exploring a sale.,Deal momentum appears to be picking up in the adtech sector after a tepid couple of years. Adform offers products for advertisers and publishers.,2025-03-19 08:49:07+00:00,Business Insider,https://www.businessinsider.com/adform-sale-carnegie-adtech-dealmaking-bounceback-2025-3,Another sign of a dealmaking comeback? Adtech firm Adform is exploring a sale. Deal momentum appears to be picking up in the adtech sector after a tepid couple of years. Adform offers products for advertisers and publishers.,sign dealmaking comeback adtech firm adform exploring sale deal momentum appears picking adtech sector tepid couple years adform offers products advertisers publishers,2025-03-19 08:49:07+00:00,-1
Apple earnings,WuBlockchain Talks with BitMart Founder Sheldon: From Bitcoin in College to 7 Years of Entrepreneurship and U.S. Regulations,"Mahe, Seychelles, March 18, 2025 (GLOBE NEWSWIRE) -- Celebrating BitMart’s 7th anniversary, Wu Blockchain—one of the cryptocurrency industry's leading media platforms—conducted an exclusive interview with BitMart founder Sheldon. The interview provides an in-…",2025-03-18 23:00:00+00:00,GlobeNewswire,https://www.globenewswire.com/news-release/2025/03/18/3045065/0/en/WuBlockchain-Talks-with-BitMart-Founder-Sheldon-From-Bitcoin-in-College-to-7-Years-of-Entrepreneurship-and-U-S-Regulations.html,"WuBlockchain Talks with BitMart Founder Sheldon: From Bitcoin in College to 7 Years of Entrepreneurship and U.S. Regulations Mahe, Seychelles, March 18, 2025 (GLOBE NEWSWIRE) -- Celebrating BitMart’s 7th anniversary, Wu Blockchain—one of the cryptocurrency industry's leading media platforms—conducted an exclusive interview with BitMart founder Sheldon. The interview provides an in-…",wublockchain talks bitmart founder sheldon bitcoin college years entrepreneurship regulations mahe seychelles march globe newswire celebrating bitmarts anniversary blockchainone cryptocurrency industrys leading media platformsconducted exclusive interview bitmart founder sheldon interview provides,2025-03-18 23:00:00+00:00,2
Apple earnings,Walmart Ad Deals: 3/17-3/23,"Here is a list of the deals from the current Walmart ad! Get good deals on Pantene shampoo, Glade spray, Cascade rinse aid, and more. For Walmart cash deals, you’ll be able to use your earnings on your very next Walmart purchase. You can earn them on in-store…",2025-03-18 16:00:48+00:00,Southernsavers.com,https://www.southernsavers.com/walmart-ad-deals-317-323-2/,"Walmart Ad Deals: 3/17-3/23 Here is a list of the deals from the current Walmart ad! Get good deals on Pantene shampoo, Glade spray, Cascade rinse aid, and more. For Walmart cash deals, you’ll be able to use your earnings on your very next Walmart purchase. You can earn them on in-store…",walmart deals list deals current walmart good deals pantene shampoo glade spray cascade rinse aid walmart cash deals youll able use earnings walmart purchase earn instore,2025-03-18 16:00:48+00:00,14
Apple earnings,When Sales Incentives Backfire,Sales commissions act as a crucial lever to increase revenue and customers. But sometimes those incentives bring unintended consequences. New research identifies eight ways that salespeople across industries cheat or bend the rules to maximize their gain—ofte…,2025-03-18 13:00:25+00:00,Harvard Business Review,https://hbr.org/podcast/2025/03/when-sales-incentives-backfire,When Sales Incentives Backfire Sales commissions act as a crucial lever to increase revenue and customers. But sometimes those incentives bring unintended consequences. New research identifies eight ways that salespeople across industries cheat or bend the rules to maximize their gain—ofte…,sales incentives backfire sales commissions act crucial lever increase revenue customers incentives bring unintended consequences new research identifies ways salespeople industries cheat bend rules maximize gainofte,2025-03-18 13:00:25+00:00,-1
Apple earnings,"Gwyneth Paltrow on Motherhood, MAHA, Meghan Markle, Making Out With Timothée Chalamet—and Much More","With Apple and Moses having flown the nest, and Goop humming along, the star is making her big return to film as she seeks the answer to “Who am I now?”",2025-03-18 12:00:00+00:00,Vanity Fair,https://www.vanityfair.com/hollywood/story/gwyneth-paltrow-2025-interview,"Gwyneth Paltrow on Motherhood, MAHA, Meghan Markle, Making Out With Timothée Chalamet—and Much More With Apple and Moses having flown the nest, and Goop humming along, the star is making her big return to film as she seeks the answer to “Who am I now?”",gwyneth paltrow motherhood maha meghan markle making timothe chalametand apple moses having flown nest goop humming star making big return film seeks answer,2025-03-18 12:00:00+00:00,7
Apple earnings,The most innovative companies in retail for 2025,"As generative AI advanced at warp speed over the past year, innovative retail companies continued to find practical ways to incorporate the technology, helping shoppers to efficiently find what they want—even when they don’t know what they’re looking for. Ama…",2025-03-18 11:00:00+00:00,Fast Company,https://www.fastcompany.com/91269908/retail-most-innovative-companies-2025,"The most innovative companies in retail for 2025 As generative AI advanced at warp speed over the past year, innovative retail companies continued to find practical ways to incorporate the technology, helping shoppers to efficiently find what they want—even when they don’t know what they’re looking for. Ama…",innovative companies retail generative advanced warp speed past year innovative retail companies continued practical ways incorporate technology helping shoppers efficiently wanteven dont know theyre looking ama,2025-03-18 11:00:00+00:00,-1
Apple earnings,The most innovative companies in social media for 2025,"This past year has been one of revivals. Low-rise jeans are back in style, digital cameras are the new favorite way to filter photos, and several cellphone companies even pushed us to buy flip phones again. The trend has been true for social media, too. Parti…",2025-03-18 11:00:00+00:00,Fast Company,https://www.fastcompany.com/91270177/social-media-most-innovative-companies-2025-duolingo-bluesky-boston-celtics-pinterest-partiful-planoly-sesame-workshop-feeld-strava-yelp,"The most innovative companies in social media for 2025 This past year has been one of revivals. Low-rise jeans are back in style, digital cameras are the new favorite way to filter photos, and several cellphone companies even pushed us to buy flip phones again. The trend has been true for social media, too. Parti…",innovative companies social media past year revivals lowrise jeans style digital cameras new favorite way filter photos cellphone companies pushed buy flip phones trend true social media parti,2025-03-18 11:00:00+00:00,-1
Apple earnings,$21 billion fortune! Warren Buffett made highest wealth among world's billionaires this year,"Global markets in 2025 have faced economic and geopolitical turmoil, yet Warren Buffett's net worth surged by $21 billion. Fueled by Berkshire Hathaway's stock rally and strong earnings, his investment strategy, holding record cash reserves, underscores a cau…",2025-03-18 10:30:20+00:00,The Times of India,https://economictimes.indiatimes.com/markets/stocks/news/21-billion-fortune-warren-buffett-made-highest-wealth-among-worlds-billionaires-this-year/articleshow/119158684.cms,"$21 billion fortune! Warren Buffett made highest wealth among world's billionaires this year Global markets in 2025 have faced economic and geopolitical turmoil, yet Warren Buffett's net worth surged by $21 billion. Fueled by Berkshire Hathaway's stock rally and strong earnings, his investment strategy, holding record cash reserves, underscores a cau…",billion fortune warren buffett highest wealth worlds billionaires year global markets faced economic geopolitical turmoil warren buffetts net worth surged billion fueled berkshire hathaways stock rally strong earnings investment strategy holding record cash reserves underscores cau,2025-03-18 10:30:20+00:00,2
Apple earnings,Xiaomi CEO Lei Jun sees progress as firm lifts 2025 EV deliveries target by 16%,Xiaomi has raised its full-year target for electric vehicle (EV) deliveries by 16 per cent on the back of strong demand after reporting solid financial...,2025-03-18 09:30:00+00:00,Yahoo Entertainment,https://finance.yahoo.com/news/xiaomi-ceo-lei-jun-sees-093000440.html,Xiaomi CEO Lei Jun sees progress as firm lifts 2025 EV deliveries target by 16% Xiaomi has raised its full-year target for electric vehicle (EV) deliveries by 16 per cent on the back of strong demand after reporting solid financial...,xiaomi ceo lei jun sees progress firm lifts deliveries target xiaomi raised fullyear target electric vehicle deliveries cent strong demand reporting solid financial,2025-03-18 09:30:00+00:00,-1
Apple earnings,Howard Lutnick’s role as tariff cheerleader faces mounting scrutiny amid market turmoil,"Commerce Secretary Howard Lutnick has become the defacto face of Trump’s trade war, putting him in the unenviable position of trying to stabilize a situation that is by design meant to destabilize.",2025-03-18 09:17:27+00:00,CNN,https://www.cnn.com/2025/03/18/politics/howard-lutnick-trump-trade-war-cheerleader/index.html,"Howard Lutnick’s role as tariff cheerleader faces mounting scrutiny amid market turmoil Commerce Secretary Howard Lutnick has become the defacto face of Trump’s trade war, putting him in the unenviable position of trying to stabilize a situation that is by design meant to destabilize.",howard lutnicks role tariff cheerleader faces mounting scrutiny amid market turmoil commerce secretary howard lutnick defacto face trumps trade war putting unenviable position trying stabilize situation design meant destabilize,2025-03-18 09:17:27+00:00,2
Apple earnings,Roku tests customer patience with startup video ads,"Over the weekend, a number of Roku device owners noticed an irksome new advertising method from the company: a trailer for Moana 2 began playing before they could even access the Roku homescreen. Ars Technica reported on the situation, which has been called o…",2025-03-17 21:48:50+00:00,The Verge,https://www.theverge.com/news/631392/roku-immediate-video-ads-startup,"Roku tests customer patience with startup video ads Over the weekend, a number of Roku device owners noticed an irksome new advertising method from the company: a trailer for Moana 2 began playing before they could even access the Roku homescreen. Ars Technica reported on the situation, which has been called o…",roku tests customer patience startup video ads weekend number roku device owners noticed irksome new advertising method company trailer moana began playing access roku homescreen ars technica reported situation called,2025-03-17 21:48:50+00:00,-1
Apple earnings,"The market heads for back to back gains — plus, rumors hitting our newest stock","Every weekday, the Investing Club releases the Homestretch; an actionable afternoon update just in time for the last hour of trading.",2025-03-17 18:54:57+00:00,CNBC,https://www.cnbc.com/2025/03/17/the-market-heads-for-back-to-back-gains-plus-rumors-hitting-our-newest-stock.html,"The market heads for back to back gains — plus, rumors hitting our newest stock Every weekday, the Investing Club releases the Homestretch; an actionable afternoon update just in time for the last hour of trading.",market heads gains plus rumors hitting newest stock weekday investing club releases homestretch actionable afternoon update just time hour trading,2025-03-17 18:54:57+00:00,2
Apple earnings,Is Radware Ltd. (RDWR) the Best Small Cap Tech Stock to Buy Now?,"We recently published a list of 13 Best Small Cap Tech Stocks to Buy Now. In this article, we are going to take a look at where Radware Ltd. (NASDAQ:RDWR...",2025-03-17 18:52:30+00:00,Yahoo Entertainment,https://finance.yahoo.com/news/radware-ltd-rdwr-best-small-185230912.html,"Is Radware Ltd. (RDWR) the Best Small Cap Tech Stock to Buy Now? We recently published a list of 13 Best Small Cap Tech Stocks to Buy Now. In this article, we are going to take a look at where Radware Ltd. (NASDAQ:RDWR...",radware rdwr best small cap tech stock buy recently published list best small cap tech stocks buy article going look radware nasdaqrdwr,2025-03-17 18:52:30+00:00,3
Apple earnings,"Buy Hot China Stocks Like Alibaba, BYD With Less Risk. Here's How.","Tap Alibaba, BYD and more hot China stocks with just one trade.",2025-03-17 17:02:27+00:00,Investor's Business Daily,https://www.investors.com/research/how-to-find-the-best-stocks-to-buy/china-stocks-alibaba-byd-jd-tencent-fxi-etf/,"Buy Hot China Stocks Like Alibaba, BYD With Less Risk. Here's How. Tap Alibaba, BYD and more hot China stocks with just one trade.",buy hot china stocks like alibaba byd risk heres tap alibaba byd hot china stocks just trade,2025-03-17 17:02:27+00:00,2
Apple earnings,"Cramer on Ford Motor (F): Aluminum Tariffs Will Hurt, But President’s Support for Ford and GM is Clear","We recently compiled a list of Jim Cramer Discusses These 13 Stocks & Says Calm Down Everyone. In this article, we are going to take a look at where Ford...",2025-03-17 15:22:06+00:00,Yahoo Entertainment,https://finance.yahoo.com/news/cramer-ford-motor-f-aluminum-152206335.html,"Cramer on Ford Motor (F): Aluminum Tariffs Will Hurt, But President’s Support for Ford and GM is Clear We recently compiled a list of Jim Cramer Discusses These 13 Stocks & Says Calm Down Everyone. In this article, we are going to take a look at where Ford...",cramer ford motor aluminum tariffs hurt presidents support ford clear recently compiled list jim cramer discusses stocks says calm article going look ford,2025-03-17 15:22:06+00:00,2
Apple earnings,Should you get an Apple Card? Here’s what you need to know,"We’re coming up on the sixth anniversary of the Apple Card’s debut, and it’s proven to be a very popular credit card. If you’re considering applying for the Apple Card, here’s everything you need to know. 



 more…",2025-03-17 14:33:28+00:00,9to5Mac,https://9to5mac.com/2025/03/17/should-you-get-apple-card/,"Should you get an Apple Card? Here’s what you need to know We’re coming up on the sixth anniversary of the Apple Card’s debut, and it’s proven to be a very popular credit card. If you’re considering applying for the Apple Card, here’s everything you need to know. 



 more…",apple card heres need know coming sixth anniversary apple cards debut proven popular credit card youre considering applying apple card heres need know,2025-03-17 14:33:28+00:00,-1
Apple earnings,Five reasons to expect a US equity recovery,"Fears of a Trump induced US recession, rising US-Chinese tensions and over-investment in AI technology have weighed on investor sentiment in recent weeks...",2025-03-17 13:21:54+00:00,Privatebankerinternational.com,https://www.privatebankerinternational.com/comment/five-reasons-to-expect-a-us-equity-recovery/,"Five reasons to expect a US equity recovery Fears of a Trump induced US recession, rising US-Chinese tensions and over-investment in AI technology have weighed on investor sentiment in recent weeks...",reasons expect equity recovery fears trump induced recession rising uschinese tensions overinvestment technology weighed investor sentiment recent weeks,2025-03-17 13:21:54+00:00,2
Apple earnings,Jim Cramer's top 10 things to watch in the stock market Monday,All eyes are on Nvidia's GTC this week.,2025-03-17 13:02:16+00:00,CNBC,https://www.cnbc.com/2025/03/17/jim-cramers-top-10-things-to-watch-in-the-stock-market-monday.html,Jim Cramer's top 10 things to watch in the stock market Monday All eyes are on Nvidia's GTC this week.,jim cramers things watch stock market monday eyes nvidias gtc week,2025-03-17 13:02:16+00:00,2
Apple earnings,Transcript: Stephanie Kelton on US Fiscal Policy and the ‘Deficit Myth’,"The transcript from this week’s, MiB: Stephanie Kelton on US Fiscal Policy and the ‘Deficit Myth’, is below. You can stream and download our full conversation, including any podcast extras, on Apple Podcasts, Spotify, YouTube, and Bloomberg. All of our earlie…",2025-03-17 12:00:31+00:00,Ritholtz.com,https://ritholtz.com/2025/03/transcript-stephanie-kelton/,"Transcript: Stephanie Kelton on US Fiscal Policy and the ‘Deficit Myth’ The transcript from this week’s, MiB: Stephanie Kelton on US Fiscal Policy and the ‘Deficit Myth’, is below. You can stream and download our full conversation, including any podcast extras, on Apple Podcasts, Spotify, YouTube, and Bloomberg. All of our earlie…",transcript stephanie kelton fiscal policy deficit myth transcript weeks mib stephanie kelton fiscal policy deficit myth stream download conversation including podcast extras apple podcasts spotify youtube bloomberg earlie,2025-03-17 12:00:31+00:00,2
Apple earnings,"A Week In Toronto On A $335,000 Household Income","Welcome to Money Diaries where we are tackling the ever-present taboo that is money. We’re asking real people how they spend their hard-earned money during a seven-day period — and we’re tracking every last dollar.Today: a finance director who has a $335,000 …",2025-03-17 11:00:57+00:00,Refinery29,https://www.refinery29.com/en-ca/finance-director-toronto-335k-money-diary,"A Week In Toronto On A $335,000 Household Income Welcome to Money Diaries where we are tackling the ever-present taboo that is money. We’re asking real people how they spend their hard-earned money during a seven-day period — and we’re tracking every last dollar.Today: a finance director who has a $335,000 …",week toronto household income welcome money diaries tackling everpresent taboo money asking real people spend hardearned money sevenday period tracking dollartoday finance director,2025-03-17 11:00:57+00:00,-1
Apple earnings,Wedbush Reiterates Outperform Rating for Apple (NASDAQ:AAPL),"Wedbush reissued their outperform rating on shares of Apple (NASDAQ:AAPL – Free Report) in a report released on Friday,Benzinga reports. Wedbush currently has a $325.00 price target on the iPhone maker’s stock. AAPL has been the subject of several other resea…",2025-03-17 06:26:52+00:00,ETF Daily News,https://www.etfdailynews.com/2025/03/17/wedbush-reiterates-outperform-rating-for-apple-nasdaqaapl-2/,"Wedbush Reiterates Outperform Rating for Apple (NASDAQ:AAPL) Wedbush reissued their outperform rating on shares of Apple (NASDAQ:AAPL – Free Report) in a report released on Friday,Benzinga reports. Wedbush currently has a $325.00 price target on the iPhone maker’s stock. AAPL has been the subject of several other resea…",wedbush reiterates outperform rating apple nasdaqaapl wedbush reissued outperform rating shares apple nasdaqaapl free report report released fridaybenzinga reports wedbush currently price target iphone makers stock aapl subject resea,2025-03-17 06:26:52+00:00,3
Apple earnings,Leisure Stocks To Follow Today – March 15th,"Apollo Global Management, VICI Properties, Hyatt Hotels, MGM Resorts International, and Trip.com Group are the five Leisure stocks to watch today, according to MarketBeat’s stock screener tool. Leisure stocks are shares of companies that derive their revenue …",2025-03-17 06:08:49+00:00,ETF Daily News,https://www.etfdailynews.com/2025/03/17/leisure-stocks-to-follow-today-march-15th/,"Leisure Stocks To Follow Today – March 15th Apollo Global Management, VICI Properties, Hyatt Hotels, MGM Resorts International, and Trip.com Group are the five Leisure stocks to watch today, according to MarketBeat’s stock screener tool. Leisure stocks are shares of companies that derive their revenue …",leisure stocks follow today march apollo global management vici properties hyatt hotels mgm resorts international tripcom group leisure stocks watch today according marketbeats stock screener tool leisure stocks shares companies derive revenue,2025-03-17 06:08:49+00:00,-1
Apple earnings,Research Analysts’ Weekly Ratings Changes for Hyatt Hotels (H),"Several analysts have recently updated their ratings and price targets for Hyatt Hotels (NYSE: H): 3/6/2025 – Hyatt Hotels had its price target lowered by analysts at The Goldman Sachs Group, Inc. from $170.00 to $150.00. They now have a “neutral” rating on t…",2025-03-17 05:44:49+00:00,ETF Daily News,https://www.etfdailynews.com/2025/03/17/research-analysts-weekly-ratings-changes-for-hyatt-hotels-h/,"Research Analysts’ Weekly Ratings Changes for Hyatt Hotels (H) Several analysts have recently updated their ratings and price targets for Hyatt Hotels (NYSE: H): 3/6/2025 – Hyatt Hotels had its price target lowered by analysts at The Goldman Sachs Group, Inc. from $170.00 to $150.00. They now have a “neutral” rating on t…",research analysts weekly ratings changes hyatt hotels analysts recently updated ratings price targets hyatt hotels nyse hyatt hotels price target lowered analysts goldman sachs group neutral rating,2025-03-17 05:44:49+00:00,3
Apple earnings,"Trump Trade Policy A 'Big Headache' For Customers, Says Apple-Supplier Foxconn's CEO: 'Very, Very Hard To Predict How Things Will Develop...'","Young Liu, the CEO of Apple Inc. (NASDAQ:AAPL) supplier Foxconn, also known as Hon Hai Technology, has publicly criticized President Donald Trump's tariff policy, warning it's creating chaos for tech giants like Apple and Amazon.com, Inc. (NASDAQ:AMZN).
What …",2025-03-17 03:38:35+00:00,Biztoc.com,https://biztoc.com/x/5a9d132cc68d2382,"Trump Trade Policy A 'Big Headache' For Customers, Says Apple-Supplier Foxconn's CEO: 'Very, Very Hard To Predict How Things Will Develop...' Young Liu, the CEO of Apple Inc. (NASDAQ:AAPL) supplier Foxconn, also known as Hon Hai Technology, has publicly criticized President Donald Trump's tariff policy, warning it's creating chaos for tech giants like Apple and Amazon.com, Inc. (NASDAQ:AMZN).
What …",trump trade policy big headache customers says applesupplier foxconns ceo hard predict things develop young liu ceo apple nasdaqaapl supplier foxconn known hon hai technology publicly criticized president donald trumps tariff policy warning creating chaos tech giants like apple amazoncom nasdaqamzn,2025-03-17 03:38:35+00:00,2
Apple earnings,Lemfi Promo Code ARUNU75W: {Get $30 on $100 Transfer}Claim Your Bonus,"https://lemonadefi.app.link/fKuK5DYCkRb
The ARUNU75W promo code is a great opportunity for anyone looking to get ""free money"" when transferring funds internationally. By entering the promo code, you will receive a $30 bonus for sending $100 or more through L…",2025-03-17 03:35:26+00:00,Wolfram.com,https://community.wolfram.com/groups/-/m/t/3417875,"Lemfi Promo Code ARUNU75W: {Get $30 on $100 Transfer}Claim Your Bonus https://lemonadefi.app.link/fKuK5DYCkRb
The ARUNU75W promo code is a great opportunity for anyone looking to get ""free money"" when transferring funds internationally. By entering the promo code, you will receive a $30 bonus for sending $100 or more through L…",lemfi promo code arunuw transferclaim bonus arunuw promo code great opportunity looking free money transferring funds internationally entering promo code receive bonus sending,2025-03-17 03:35:26+00:00,-1
Apple earnings,Lemfi Promo Code ARUNU75W: {Get $30 on $100 Transfer}Claim Your Bonus,"https://lemonadefi.app.link/fKuK5DYCkRb
The ARUNU75W promo code is a great opportunity for anyone looking to get ""free money"" when transferring funds internationally. By entering the promo code, you will receive a $30 bonus for sending $100 or more through L…",2025-03-17 03:33:58+00:00,Wolfram.com,https://community.wolfram.com/groups/-/m/t/3417865,"Lemfi Promo Code ARUNU75W: {Get $30 on $100 Transfer}Claim Your Bonus https://lemonadefi.app.link/fKuK5DYCkRb
The ARUNU75W promo code is a great opportunity for anyone looking to get ""free money"" when transferring funds internationally. By entering the promo code, you will receive a $30 bonus for sending $100 or more through L…",lemfi promo code arunuw transferclaim bonus arunuw promo code great opportunity looking free money transferring funds internationally entering promo code receive bonus sending,2025-03-17 03:33:58+00:00,-1
Apple earnings,Big tech stocks at cheapest in months,The price that investors are paying for anticipated earnings from the Magnificent Seven companies hit the lowest level since September this week as the broader S&P 500 dropped 10% from its recent peak.,2025-03-17 00:08:16+00:00,The Times of India,https://economictimes.indiatimes.com/markets/stocks/news/big-tech-stocks-at-cheapest-in-months/articleshow/119093158.cms,Big tech stocks at cheapest in months The price that investors are paying for anticipated earnings from the Magnificent Seven companies hit the lowest level since September this week as the broader S&P 500 dropped 10% from its recent peak.,big tech stocks cheapest months price investors paying anticipated earnings magnificent seven companies hit lowest level september week broader dropped recent peak,2025-03-17 00:08:16+00:00,2
Apple earnings,Could the 'Magnificent Seven' rise from the ashes? Here's why I think it's possible,"In his Sunday column for Club subscribers, Jim Cramer examines whether large-cap tech stocks could once again act as safe-haven names.",2025-03-16 21:06:37+00:00,CNBC,https://www.cnbc.com/2025/03/16/why-jim-cramer-thinks-the-magnificent-seven-trade-could-be-revived.html,"Could the 'Magnificent Seven' rise from the ashes? Here's why I think it's possible In his Sunday column for Club subscribers, Jim Cramer examines whether large-cap tech stocks could once again act as safe-haven names.",magnificent seven rise ashes heres think possible sunday column club subscribers jim cramer examines largecap tech stocks act safehaven names,2025-03-16 21:06:37+00:00,2
Apple earnings,Where Will Apple Stock Be In 5 Years?,Wondering where Apple stock may be in five years? Learn what the current state of AAPL stock is and what its five year outlook may contain.,2025-03-16 18:00:00+00:00,Forbes,https://www.forbes.com/sites/investor-hub/article/where-will-apple-aapl-stock-be-in-5-years/,Where Will Apple Stock Be In 5 Years? Wondering where Apple stock may be in five years? Learn what the current state of AAPL stock is and what its five year outlook may contain.,apple stock years wondering apple stock years learn current state aapl stock year outlook contain,2025-03-16 18:00:00+00:00,3
Apple earnings,A Fed meeting and retail sales data greet a flailing stock market: What to know this week,"With the stock market on its worst stretch of 2025, investors will be looking for clues on when, or if, the Federal Reserve will cut interest rates further...",2025-03-16 11:42:18+00:00,Yahoo Entertainment,https://finance.yahoo.com/news/a-fed-meeting-and-retail-sales-data-greet-a-flailing-stock-market-what-to-know-this-week-114218621.html,"A Fed meeting and retail sales data greet a flailing stock market: What to know this week With the stock market on its worst stretch of 2025, investors will be looking for clues on when, or if, the Federal Reserve will cut interest rates further...",fed meeting retail sales data greet flailing stock market know week stock market worst stretch investors looking clues federal reserve cut rates,2025-03-16 11:42:18+00:00,2
Apple earnings,"Facts About The Stock Corrections, Tariffs, And Consumer Confidence",Stocks entered into a correction with a decline of 10%. What can history teach us about stocks after a correction in a time of tariffs and plunging consumer confidence?,2025-03-16 11:00:00+00:00,Forbes,https://www.forbes.com/sites/bill_stone/2025/03/16/facts-about-the-stock--corrections-tariffs-and-consumer-confidence/,"Facts About The Stock Corrections, Tariffs, And Consumer Confidence Stocks entered into a correction with a decline of 10%. What can history teach us about stocks after a correction in a time of tariffs and plunging consumer confidence?",facts stock corrections tariffs consumer confidence stocks entered correction decline history teach stocks correction time tariffs plunging consumer confidence,2025-03-16 11:00:00+00:00,2
Apple earnings,Greater Midwest Financial Group LLC Grows Stock Position in Apple Inc. (NASDAQ:AAPL),"Greater Midwest Financial Group LLC lifted its holdings in Apple Inc. (NASDAQ:AAPL – Free Report) by 3.3% during the fourth quarter, HoldingsChannel reports. The institutional investor owned 54,187 shares of the iPhone maker’s stock after purchasing an additi…",2025-03-16 07:39:00+00:00,ETF Daily News,https://www.etfdailynews.com/2025/03/16/greater-midwest-financial-group-llc-grows-stock-position-in-apple-inc-nasdaqaapl/,"Greater Midwest Financial Group LLC Grows Stock Position in Apple Inc. (NASDAQ:AAPL) Greater Midwest Financial Group LLC lifted its holdings in Apple Inc. (NASDAQ:AAPL – Free Report) by 3.3% during the fourth quarter, HoldingsChannel reports. The institutional investor owned 54,187 shares of the iPhone maker’s stock after purchasing an additi…",greater midwest financial group llc grows stock position apple nasdaqaapl greater midwest financial group llc lifted holdings apple nasdaqaapl free report fourth quarter holdingschannel reports institutional investor owned shares iphone makers stock purchasing additi,2025-03-16 07:39:00+00:00,3
Apple earnings,"MFA Wealth Services Purchases Shares of 12,741 Apple Inc. (NASDAQ:AAPL)","MFA Wealth Services acquired a new position in Apple Inc. (NASDAQ:AAPL – Free Report) in the 4th quarter, according to the company in its most recent Form 13F filing with the Securities and Exchange Commission (SEC). The institutional investor acquired 12,741…",2025-03-16 07:39:00+00:00,ETF Daily News,https://www.etfdailynews.com/2025/03/16/mfa-wealth-services-purchases-shares-of-12741-apple-inc-nasdaqaapl/,"MFA Wealth Services Purchases Shares of 12,741 Apple Inc. (NASDAQ:AAPL) MFA Wealth Services acquired a new position in Apple Inc. (NASDAQ:AAPL – Free Report) in the 4th quarter, according to the company in its most recent Form 13F filing with the Securities and Exchange Commission (SEC). The institutional investor acquired 12,741…",mfa wealth services purchases shares apple nasdaqaapl mfa wealth services acquired new position apple nasdaqaapl free report quarter according company recent form filing securities exchange commission sec institutional investor acquired,2025-03-16 07:39:00+00:00,3
Apple earnings,Shilanski & Associates Inc. Has $4.29 Million Stock Holdings in Apple Inc. (NASDAQ:AAPL),"Shilanski & Associates Inc. lowered its position in Apple Inc. (NASDAQ:AAPL – Free Report) by 1.2% in the 4th quarter, HoldingsChannel.com reports. The institutional investor owned 17,127 shares of the iPhone maker’s stock after selling 204 shares during the …",2025-03-16 07:38:55+00:00,ETF Daily News,https://www.etfdailynews.com/2025/03/16/shilanski-associates-inc-has-4-29-million-stock-holdings-in-apple-inc-nasdaqaapl/,"Shilanski & Associates Inc. Has $4.29 Million Stock Holdings in Apple Inc. (NASDAQ:AAPL) Shilanski & Associates Inc. lowered its position in Apple Inc. (NASDAQ:AAPL – Free Report) by 1.2% in the 4th quarter, HoldingsChannel.com reports. The institutional investor owned 17,127 shares of the iPhone maker’s stock after selling 204 shares during the …",shilanski associates million stock holdings apple nasdaqaapl shilanski associates lowered position apple nasdaqaapl free report quarter holdingschannelcom reports institutional investor owned shares iphone makers stock selling shares,2025-03-16 07:38:55+00:00,3
Apple earnings,RFG Advisory LLC Has $42.69 Million Stake in Apple Inc. (NASDAQ:AAPL),"RFG Advisory LLC increased its stake in shares of Apple Inc. (NASDAQ:AAPL – Free Report) by 3.1% during the 4th quarter, Holdings Channel.com reports. The firm owned 170,468 shares of the iPhone maker’s stock after acquiring an additional 5,086 shares during …",2025-03-16 07:38:55+00:00,ETF Daily News,https://www.etfdailynews.com/2025/03/16/rfg-advisory-llc-has-42-69-million-stake-in-apple-inc-nasdaqaapl/,"RFG Advisory LLC Has $42.69 Million Stake in Apple Inc. (NASDAQ:AAPL) RFG Advisory LLC increased its stake in shares of Apple Inc. (NASDAQ:AAPL – Free Report) by 3.1% during the 4th quarter, Holdings Channel.com reports. The firm owned 170,468 shares of the iPhone maker’s stock after acquiring an additional 5,086 shares during …",rfg advisory llc million stake apple nasdaqaapl rfg advisory llc increased stake shares apple nasdaqaapl free report quarter holdings channelcom reports firm owned shares iphone makers stock acquiring additional shares,2025-03-16 07:38:55+00:00,3
Apple earnings,Johnson Bixby & Associates LLC Sells 619 Shares of Apple Inc. (NASDAQ:AAPL),"Johnson Bixby & Associates LLC trimmed its position in shares of Apple Inc. (NASDAQ:AAPL – Free Report) by 1.5% during the 4th quarter, according to its most recent 13F filing with the Securities and Exchange Commission (SEC). The firm owned 39,566 shares of …",2025-03-16 07:38:54+00:00,ETF Daily News,https://www.etfdailynews.com/2025/03/16/johnson-bixby-associates-llc-sells-619-shares-of-apple-inc-nasdaqaapl/,"Johnson Bixby & Associates LLC Sells 619 Shares of Apple Inc. (NASDAQ:AAPL) Johnson Bixby & Associates LLC trimmed its position in shares of Apple Inc. (NASDAQ:AAPL – Free Report) by 1.5% during the 4th quarter, according to its most recent 13F filing with the Securities and Exchange Commission (SEC). The firm owned 39,566 shares of …",johnson bixby associates llc sells shares apple nasdaqaapl johnson bixby associates llc trimmed position shares apple nasdaqaapl free report quarter according recent filing securities exchange commission sec firm owned shares,2025-03-16 07:38:54+00:00,3
Apple Vision Pro,Now available for order: Alice AI-powered mirrorless camera add-on for smartphones,The Alice mirrorless camera add-on for smartphones is now available for pre-order at B&H Photo (see previous coverage). Additional information: Main features: Upgrades Phone to Mirrorless Camera 11MP Dual-Native ISO CMOS Sensor Qualcomm Snapdragon Processor U…,2025-03-20 01:38:28+00:00,Photorumors.com,https://photorumors.com/2025/03/19/now-available-for-order-alice-mirrorless-camera-add-on-for-smartphones/,Now available for order: Alice AI-powered mirrorless camera add-on for smartphones The Alice mirrorless camera add-on for smartphones is now available for pre-order at B&H Photo (see previous coverage). Additional information: Main features: Upgrades Phone to Mirrorless Camera 11MP Dual-Native ISO CMOS Sensor Qualcomm Snapdragon Processor U…,available order alice aipowered mirrorless camera addon smartphones alice mirrorless camera addon smartphones available preorder photo previous coverage additional information main features upgrades phone mirrorless camera dualnative iso cmos sensor qualcomm snapdragon processor,2025-03-20 01:38:28+00:00,0
Apple Vision Pro,"The VR Hype Cycle Is Over, and Just in Time for the AR Hype Cycle to Begin","Say goodbye to the 'metaverse' as even a cheap Meta Quest hasn't turned things around. Instead, say hello to the return of 'glassholes.'",2025-03-19 21:10:21+00:00,Gizmodo.com,https://gizmodo.com/the-vr-hype-cycle-is-over-and-just-in-time-for-the-ar-hype-cycle-to-begin-2000578035,"The VR Hype Cycle Is Over, and Just in Time for the AR Hype Cycle to Begin Say goodbye to the 'metaverse' as even a cheap Meta Quest hasn't turned things around. Instead, say hello to the return of 'glassholes.'",hype cycle just time hype cycle begin say goodbye metaverse cheap meta quest turned things instead say hello return glassholes,2025-03-19 21:10:21+00:00,-1
Apple Vision Pro,Apple’s Passwords App Exposed Users to Phishing Attacks,"Apple's Passwords app was found to have a significant security vulnerability that left users susceptible to phishing attacks for nearly 3 months.
The post Apple’s Passwords App Exposed Users to Phishing Attacks first appeared on iPhone in Canada Blog.",2025-03-19 18:53:34+00:00,iPhone in Canada,https://www.iphoneincanada.ca/2025/03/19/apple-passwords-app-phishing-attacks-vulnerability/,"Apple’s Passwords App Exposed Users to Phishing Attacks Apple's Passwords app was found to have a significant security vulnerability that left users susceptible to phishing attacks for nearly 3 months.
The post Apple’s Passwords App Exposed Users to Phishing Attacks first appeared on iPhone in Canada Blog.",apples passwords app exposed users phishing attacks apples passwords app significant security vulnerability left users susceptible phishing attacks nearly months post apples passwords app exposed users phishing attacks appeared iphone canada blog,2025-03-19 18:53:34+00:00,8
Apple Vision Pro,Demand for VR headsets remains low,"Sales of virtual reality (VR) headsets fell by 12% in 2024 compared to the previous year, according to a new report from analyst firm Counterpoint. The decline markers the third year in a row sales have fallen — and it is mainly on the consumer side that dema…",2025-03-19 15:51:13+00:00,Computerworld,https://www.computerworld.com/article/3849506/demand-for-vr-headsets-remains-low.html,"Demand for VR headsets remains low Sales of virtual reality (VR) headsets fell by 12% in 2024 compared to the previous year, according to a new report from analyst firm Counterpoint. The decline markers the third year in a row sales have fallen — and it is mainly on the consumer side that dema…",demand headsets remains low sales virtual reality headsets fell compared previous year according new report analyst firm counterpoint decline markers year row sales fallen mainly consumer dema,2025-03-19 15:51:13+00:00,13
Apple Vision Pro,Hugging Face’s new iOS app taps AI to describe what you’re looking at,"AI startup Hugging Face has released a new app for iOS that only does one thing: uses offline, local AI to describe what’s in view of your iPhone’s camera. The app, called HuggingSnap, taps Hugging Face’s in-house vision model, smolvlm2, to analyze what your …",2025-03-19 15:16:42+00:00,TechCrunch,https://techcrunch.com/2025/03/19/hugging-faces-new-ios-app-taps-ai-to-describe-what-youre-looking-at/,"Hugging Face’s new iOS app taps AI to describe what you’re looking at AI startup Hugging Face has released a new app for iOS that only does one thing: uses offline, local AI to describe what’s in view of your iPhone’s camera. The app, called HuggingSnap, taps Hugging Face’s in-house vision model, smolvlm2, to analyze what your …",hugging faces new ios app taps youre looking startup hugging face released new app ios does thing uses offline local whats view iphones camera app called huggingsnap taps hugging faces inhouse vision model smolvlm analyze,2025-03-19 15:16:42+00:00,0
Apple Vision Pro,"Apple's Passwords App Had a Security Flaw, Potentially 'For Years'",The chances of someone being affected by this bug are relatively low.,2025-03-19 14:30:00+00:00,CNET,https://www.cnet.com/tech/services-and-software/apples-passwords-app-had-a-security-flaw-potentially-for-years/,"Apple's Passwords App Had a Security Flaw, Potentially 'For Years' The chances of someone being affected by this bug are relatively low.",apples passwords app security flaw potentially years chances affected bug relatively low,2025-03-19 14:30:00+00:00,8
Apple Vision Pro,Amazon Fire TV Omni Mini LED review: Here's why it's the brand's most impressive TV so far,"Amazon's Omni Mini LED TV offers a big step up in performance compared to its other smart TV models, but it's beaten by similarly priced competitors.",2025-03-19 14:02:32+00:00,Business Insider,https://www.businessinsider.com/guides/tech/amazon-fire-tv-omni-mini-led-review,"Amazon Fire TV Omni Mini LED review: Here's why it's the brand's most impressive TV so far Amazon's Omni Mini LED TV offers a big step up in performance compared to its other smart TV models, but it's beaten by similarly priced competitors.",amazon omni mini led review heres brands impressive far amazons omni mini led offers big step performance compared smart models beaten similarly priced competitors,2025-03-19 14:02:32+00:00,1
Apple Vision Pro,Comment on Why the Best Days of Open Hardware are Yet to Come by INP Technologies,"The article makes a strong case for open hardware’s future, tied to Moore’s Law slowing and rising repairability. However, it could also address challenges like supply chains, IP issues, and competition from big industry players.",2025-03-19 13:52:20+00:00,Bunniestudios.com,https://www.bunniestudios.com/blog/why-the-best-days-of-open-hardware-are-yet-to-come/,"Comment on Why the Best Days of Open Hardware are Yet to Come by INP Technologies The article makes a strong case for open hardware’s future, tied to Moore’s Law slowing and rising repairability. However, it could also address challenges like supply chains, IP issues, and competition from big industry players.",comment best days open hardware come inp technologies article makes strong case open hardwares future tied moores law slowing rising repairability address challenges like supply chains issues competition big industry players,2025-03-19 13:52:20+00:00,-1
Apple Vision Pro,Apple Passwords App Bug Left Users Unprotected Against Phishing Attacks for Months,A bug in the Apple Passwords app left users open to phishing attacks during the first three months following the release of iOS 18.Read More...,2025-03-19 12:34:33+00:00,Mactrast.com,https://www.mactrast.com/2025/03/apple-passwords-app-bug-left-users-open-to-phishing-attacks-for-months/,Apple Passwords App Bug Left Users Unprotected Against Phishing Attacks for Months A bug in the Apple Passwords app left users open to phishing attacks during the first three months following the release of iOS 18.Read More...,apple passwords app bug left users unprotected phishing attacks months bug apple passwords app left users open phishing attacks months following release ios read,2025-03-19 12:34:33+00:00,8
Apple Vision Pro,Leaked 'iPhone 17' images fuel wild speculation: Is Apple planning to surprise us with its boldest redesign yet?,"Leaked images of the anticipated iPhone 17 reveal a slimmer frame, new horizontal camera layout, and potential shift from titanium to aluminum finishes. Dividing opinions, the possible inclusion of an iPhone 17 Air, featuring a minimalist design, sparks both …",2025-03-19 12:06:47+00:00,The Times of India,https://economictimes.indiatimes.com/magazines/panache/leaked-iphone-17-images-fuel-wild-speculation-is-apple-planning-to-surprise-us-with-its-boldest-redesign-yet/articleshow/119212159.cms,"Leaked 'iPhone 17' images fuel wild speculation: Is Apple planning to surprise us with its boldest redesign yet? Leaked images of the anticipated iPhone 17 reveal a slimmer frame, new horizontal camera layout, and potential shift from titanium to aluminum finishes. Dividing opinions, the possible inclusion of an iPhone 17 Air, featuring a minimalist design, sparks both …",leaked iphone images fuel wild speculation apple planning surprise boldest redesign leaked images anticipated iphone reveal slimmer frame new horizontal camera layout potential shift titanium aluminum finishes dividing opinions possible inclusion iphone air featuring minimalist design sparks,2025-03-19 12:06:47+00:00,0
Apple Vision Pro,Palmer Luckey's take on the 'ludicrously expensive' Vision Pro,"The Oculus founder discussed the ""ludicrously expensive"" Apple Vision Pro, which retails for $3,500, on a podcast.",2025-03-19 11:11:58+00:00,Business Insider,https://www.businessinsider.com/palmer-luckey-discusses-apple-vision-pro-headset-vr-2025-3,"Palmer Luckey's take on the 'ludicrously expensive' Vision Pro The Oculus founder discussed the ""ludicrously expensive"" Apple Vision Pro, which retails for $3,500, on a podcast.",palmer luckeys ludicrously expensive vision pro oculus founder discussed ludicrously expensive apple vision pro retails podcast,2025-03-19 11:11:58+00:00,0
Apple Vision Pro,This year’s WWDC keynote will be must-see Apple TV,"Macworld







If we go by the usual schedule, we’re probably a little under three months out from this year’s Worldwide Developers Conference—chances are it’ll be announced before the end of this very month.




It promises to be quite the event.




Tha…",2025-03-19 10:30:00+00:00,Macworld,https://www.macworld.com/article/2641618/all-this-ai-drama-is-making-apple-wwdc-in-june-a-lot-more-interesting.html,"This year’s WWDC keynote will be must-see Apple TV Macworld







If we go by the usual schedule, we’re probably a little under three months out from this year’s Worldwide Developers Conference—chances are it’ll be announced before the end of this very month.




It promises to be quite the event.




Tha…",years wwdc keynote mustsee apple macworld usual schedule probably little months years worldwide developers conferencechances itll announced end month promises quite event tha,2025-03-19 10:30:00+00:00,-1
Apple Vision Pro,Research suggests the VR headset heyday could be behind us,"The VR market is not doing so hot, at least not according to the latest update -- and the Apple Vision Pro is doing even worse.",2025-03-19 10:20:24+00:00,Digital Trends,https://www.digitaltrends.com/computing/vr-headset-market-decline/,"Research suggests the VR headset heyday could be behind us The VR market is not doing so hot, at least not according to the latest update -- and the Apple Vision Pro is doing even worse.",research suggests headset heyday market doing hot according latest update apple vision pro doing worse,2025-03-19 10:20:24+00:00,0
Apple Vision Pro,What Happens if the Internet Archive Goes Dark?,"For decades, the Internet Archive has preserved our digital history. Lately, journalists and ordinary citizens have been turning to it more than ever, as the Trump administration undertakes an ideologically-driven purge of government websites. But the Archive…",2025-03-19 10:00:03+00:00,KQED,https://www.kqed.org/news/12031980/what-happens-if-the-internet-archive-goes-dark,"What Happens if the Internet Archive Goes Dark? For decades, the Internet Archive has preserved our digital history. Lately, journalists and ordinary citizens have been turning to it more than ever, as the Trump administration undertakes an ideologically-driven purge of government websites. But the Archive…",happens internet archive goes dark decades internet archive preserved digital history lately journalists ordinary citizens turning trump administration undertakes ideologicallydriven purge government websites archive,2025-03-19 10:00:03+00:00,-1
Apple Vision Pro,Apple Passwords App Bug Left Users Vulnerable to Phishing Attacks for Months Before Being Fixed,"Apple fixed a bug in its Passwords app with December's iOS 18.2 update that had left users vulnerable to phishing attacks in the three months since the launch of iOS 18.





According to an Apple security update spotted by 9to5Mac, the Passwords app was send…",2025-03-19 09:10:28+00:00,MacRumors,https://www.macrumors.com/2025/03/19/apple-passwords-app-phishing-vulnerability/,"Apple Passwords App Bug Left Users Vulnerable to Phishing Attacks for Months Before Being Fixed Apple fixed a bug in its Passwords app with December's iOS 18.2 update that had left users vulnerable to phishing attacks in the three months since the launch of iOS 18.





According to an Apple security update spotted by 9to5Mac, the Passwords app was send…",apple passwords app bug left users vulnerable phishing attacks months fixed apple fixed bug passwords app decembers ios update left users vulnerable phishing attacks months launch ios according apple security update spotted tomac passwords app send,2025-03-19 09:10:28+00:00,8
Apple Vision Pro,iOS 19 Rumors: What’s the Buzz About?,"Apple’s iOS 19 represents a significant evolution in its software ecosystem, introducing a combination of innovative features and a redesigned interface inspired by VisionOS. This update seeks to unify the design language across iOS, iPadOS, and macOS, creati…",2025-03-19 09:00:03+00:00,Geeky Gadgets,https://www.geeky-gadgets.com/ios-19-rumors/,"iOS 19 Rumors: What’s the Buzz About? Apple’s iOS 19 represents a significant evolution in its software ecosystem, introducing a combination of innovative features and a redesigned interface inspired by VisionOS. This update seeks to unify the design language across iOS, iPadOS, and macOS, creati…",ios rumors whats buzz apples ios represents significant evolution software ecosystem introducing combination innovative features redesigned interface inspired visionos update seeks unify design language ios ipados macos creati,2025-03-19 09:00:03+00:00,0
Apple Vision Pro,iOS 18.4 Beta 4: Discovering More Hidden Details,"Apple has officially released iOS 18.4 Beta 4, focusing on incremental improvements, bug fixes, and performance optimizations. While this update does not introduce major new features, it plays a crucial role in preparing for a stable public release, expected …",2025-03-19 07:00:31+00:00,Geeky Gadgets,https://www.geeky-gadgets.com/ios-18-4-beta-4-hidden-details/,"iOS 18.4 Beta 4: Discovering More Hidden Details Apple has officially released iOS 18.4 Beta 4, focusing on incremental improvements, bug fixes, and performance optimizations. While this update does not introduce major new features, it plays a crucial role in preparing for a stable public release, expected …",ios beta discovering hidden details apple officially released ios beta focusing incremental improvements bug fixes performance optimizations update does introduce major new features plays crucial role preparing stable public release expected,2025-03-19 07:00:31+00:00,0
Apple Vision Pro,"MBW 964: I'm Just Disappointed - Apple Intelligence, iOS 19, iPhone 17 Air",Someone is upset over Apple's announcement of an updated Siri will be delayed. Some information about the rumored iPhone 17 Air is starting to come out. Would you watch a performance of Metallica in the Vision Pro? And Apple will soon support encrypted RCS me…,2025-03-19 00:00:00+00:00,Twit.tv,https://twit.tv/shows/macbreak-weekly/episodes/964,"MBW 964: I'm Just Disappointed - Apple Intelligence, iOS 19, iPhone 17 Air Someone is upset over Apple's announcement of an updated Siri will be delayed. Some information about the rumored iPhone 17 Air is starting to come out. Would you watch a performance of Metallica in the Vision Pro? And Apple will soon support encrypted RCS me…",mbw just disappointed apple intelligence ios iphone air upset apples announcement updated siri delayed information rumored iphone air starting come watch performance metallica vision pro apple soon support encrypted rcs,2025-03-19 00:00:00+00:00,4
Apple Vision Pro,Apple has revealed a Passwords app vulnerability that lasted for months,"Apple fixed a bug in the iOS 18.2 Passwords app that, for three months starting with the release of iOS 18, made users vulnerable to phishing attacks, according to an Apple security content update spotted by 9to5Mac. Here’s how Apple describes the bug and its…",2025-03-18 21:27:47+00:00,The Verge,https://www.theverge.com/news/632108/apple-ios-passwords-app-bug-vulnerability-phishing-attacks,"Apple has revealed a Passwords app vulnerability that lasted for months Apple fixed a bug in the iOS 18.2 Passwords app that, for three months starting with the release of iOS 18, made users vulnerable to phishing attacks, according to an Apple security content update spotted by 9to5Mac. Here’s how Apple describes the bug and its…",apple revealed passwords app vulnerability lasted months apple fixed bug ios passwords app months starting release ios users vulnerable phishing attacks according apple security content update spotted tomac heres apple describes bug,2025-03-18 21:27:47+00:00,8
Apple Vision Pro,Everything New in iOS 18.4 Beta 4: AI Features and New Emojis!,"Apple recently released the iOS 18.4 Beta 4 with a sleuth of new features, from CarPlay upgrades to a brand-new Vision Pro app. Here's what to expect from the final beta stage.



1. Priority Notifications



Credit: Apple



You'll finally get the much-await…",2025-03-18 21:06:07+00:00,The Mac Observer,https://www.macobserver.com/tips/round-ups/everything-new-in-ios-18-4-beta-4-ai-features-and-new-emojis/,"Everything New in iOS 18.4 Beta 4: AI Features and New Emojis! Apple recently released the iOS 18.4 Beta 4 with a sleuth of new features, from CarPlay upgrades to a brand-new Vision Pro app. Here's what to expect from the final beta stage.



1. Priority Notifications



Credit: Apple



You'll finally get the much-await…",new ios beta features new emojis apple recently released ios beta sleuth new features carplay upgrades brandnew vision pro app heres expect final beta stage priority notifications credit apple youll finally muchawait,2025-03-18 21:06:07+00:00,0
Apple Vision Pro,"Meta CTO Responds To Controversy Around Using ""MR"" To Mean Both MR And VR","Meta's CTO has responded to the controversy around using ""MR"" to mean both MR and VR, calling it ""one of the most absolutely manufactured controversies of all time"" and ""a total fabrication of the community out of nothingness"", and telling complainers to ""mov…",2025-03-18 20:37:59+00:00,UploadVR,https://www.uploadvr.com/meta-cto-responds-to-rebranding-vr-to-mr-controversy/,"Meta CTO Responds To Controversy Around Using ""MR"" To Mean Both MR And VR Meta's CTO has responded to the controversy around using ""MR"" to mean both MR and VR, calling it ""one of the most absolutely manufactured controversies of all time"" and ""a total fabrication of the community out of nothingness"", and telling complainers to ""mov…",meta cto responds controversy using mean metas cto responded controversy using mean calling absolutely manufactured controversies time total fabrication community nothingness telling complainers mov,2025-03-18 20:37:59+00:00,-1
Apple Vision Pro,iOS 18.4 Public Beta 4: Your iPhone Could Get New Emoji and More Soon,"Developers and beta testers can use my favorite new emoji, and other new feautres, right now.",2025-03-18 18:12:28+00:00,CNET,https://www.cnet.com/tech/services-and-software/ios-18-4-public-beta-4-your-iphone-could-get-new-emoji-and-more-soon/,"iOS 18.4 Public Beta 4: Your iPhone Could Get New Emoji and More Soon Developers and beta testers can use my favorite new emoji, and other new feautres, right now.",ios public beta iphone new emoji soon developers beta testers use favorite new emoji new feautres right,2025-03-18 18:12:28+00:00,0
Apple Vision Pro,How to use these 14 Apple services on your Windows PC,"Learn how to use different Apple services on your Windows computer for a seamless experience with your iPhone, iPad, and Mac.",2025-03-18 17:30:12+00:00,Idownloadblog.com,https://www.idownloadblog.com/2025/03/18/how-to-use-apple-services-on-windows-pc/,"How to use these 14 Apple services on your Windows PC Learn how to use different Apple services on your Windows computer for a seamless experience with your iPhone, iPad, and Mac.",use apple services windows learn use different apple services windows computer seamless experience iphone ipad mac,2025-03-18 17:30:12+00:00,5
Apple Vision Pro,AirPods Pro 3 Launch Now Just Months Away: Here's What We Know,"Despite being released over two years ago, Apple's AirPods Pro 2 continue to dominate the wireless earbud market. However, with the AirPods Pro 3...",2025-03-18 17:09:05+00:00,MacRumors,https://www.macrumors.com/2025/03/18/airpods-pro-3-months-away-heres-what-we-know/,"AirPods Pro 3 Launch Now Just Months Away: Here's What We Know Despite being released over two years ago, Apple's AirPods Pro 2 continue to dominate the wireless earbud market. However, with the AirPods Pro 3...",airpods pro launch just months away heres know despite released years ago apples airpods pro continue dominate wireless earbud market airpods pro,2025-03-18 17:09:05+00:00,13
Apple Vision Pro,‘The Buccaneers’ season two debuts June 18th on Apple TV+,"Apple TV+ on Tuesday revealed a first look and premiere date for the second season of “The Buccaneers.” In the acclaimed, returning drama…
The post ‘The Buccaneers’ season two debuts June 18th on Apple TV+ appeared first on MacDailyNews.",2025-03-18 14:01:01+00:00,Macdailynews.com,https://macdailynews.com/2025/03/18/the-buccaneers-season-two-debuts-june-18th-on-apple-tv/,"‘The Buccaneers’ season two debuts June 18th on Apple TV+ Apple TV+ on Tuesday revealed a first look and premiere date for the second season of “The Buccaneers.” In the acclaimed, returning drama…
The post ‘The Buccaneers’ season two debuts June 18th on Apple TV+ appeared first on MacDailyNews.",buccaneers season debuts june apple apple tuesday revealed look premiere date second season buccaneers acclaimed returning drama post buccaneers season debuts june apple appeared macdailynews,2025-03-18 14:01:01+00:00,7
Apple Vision Pro,"Apple Fifth Avenue is Closing Overnight Later This Week, Here's Why","Apple's iconic Fifth Avenue store in New York City is normally open 24/7, but it will be closed overnight on some days this week.





According to Apple's website, the store will be closed between the hours of 10 p.m. and 8 a.m. local time starting Wednesday…",2025-03-18 13:49:43+00:00,MacRumors,https://www.macrumors.com/2025/03/18/apple-fifth-avenue-reduced-hours/,"Apple Fifth Avenue is Closing Overnight Later This Week, Here's Why Apple's iconic Fifth Avenue store in New York City is normally open 24/7, but it will be closed overnight on some days this week.





According to Apple's website, the store will be closed between the hours of 10 p.m. and 8 a.m. local time starting Wednesday…",apple fifth avenue closing overnight later week heres apples iconic fifth avenue store new york city normally open closed overnight days week according apples website store closed hours local time starting wednesday,2025-03-18 13:49:43+00:00,14
Apple Vision Pro,I switched to the iPhone 16e to see if it can beat Android’s best affordable flagships,"Apple packed the best parts of its iOS experience into the iPhone 16e, but I'm not sure its better than the Pixel 8a or Galaxy S24 FE.",2025-03-18 12:30:08+00:00,Android Authority,https://www.androidauthority.com/apple-iphone-16e-review-3533939/,"I switched to the iPhone 16e to see if it can beat Android’s best affordable flagships Apple packed the best parts of its iOS experience into the iPhone 16e, but I'm not sure its better than the Pixel 8a or Galaxy S24 FE.",switched iphone beat androids best affordable flagships apple packed best parts ios experience iphone sure better pixel galaxy,2025-03-18 12:30:08+00:00,15
Apple Vision Pro,Apple Seeds Fourth visionOS 2.4 Beta,Apple on Monday released the fourth beta of its upcoming visionOS 2.4 update to developers for testing.Read More...,2025-03-18 12:01:52+00:00,Mactrast.com,https://www.mactrast.com/2025/03/apple-seeds-fourth-visionos-2-4-beta/,Apple Seeds Fourth visionOS 2.4 Beta Apple on Monday released the fourth beta of its upcoming visionOS 2.4 update to developers for testing.Read More...,apple seeds fourth visionos beta apple monday released fourth beta upcoming visionos update developers testingread,2025-03-18 12:01:52+00:00,0
Apple Vision Pro,iPhone 17 Ultra: The Leaks That Have Everyone Talking,"Apple is reportedly preparing to make a significant shift in its iPhone lineup with the anticipated release of the iPhone 17 Ultra. This premium model is expected to replace the Pro Max, signaling a strategic evolution in Apple’s flagship offerings. Leaks sug…",2025-03-18 11:00:37+00:00,Geeky Gadgets,https://www.geeky-gadgets.com/iphone-17-ultra/,"iPhone 17 Ultra: The Leaks That Have Everyone Talking Apple is reportedly preparing to make a significant shift in its iPhone lineup with the anticipated release of the iPhone 17 Ultra. This premium model is expected to replace the Pro Max, signaling a strategic evolution in Apple’s flagship offerings. Leaks sug…",iphone ultra leaks talking apple reportedly preparing make significant shift iphone lineup anticipated release iphone ultra premium model expected replace pro max signaling strategic evolution apples flagship offerings leaks sug,2025-03-18 11:00:37+00:00,0
Apple Vision Pro,iOS 18.4 Beta 4: What’s Missing in the Latest Update?,"Apple has officially released iOS 18.4 Developer Beta 4, signaling the final stages of development before the public rollout of iOS 18.4. This update is part of Apple’s broader ecosystem refresh, which aims to enhance the user experience across its devices. T…",2025-03-18 10:30:24+00:00,Geeky Gadgets,https://www.geeky-gadgets.com/iios-18-4-beta-4-whats-missing/,"iOS 18.4 Beta 4: What’s Missing in the Latest Update? Apple has officially released iOS 18.4 Developer Beta 4, signaling the final stages of development before the public rollout of iOS 18.4. This update is part of Apple’s broader ecosystem refresh, which aims to enhance the user experience across its devices. T…",ios beta whats missing latest update apple officially released ios developer beta signaling final stages development public rollout ios update apples broader ecosystem refresh aims enhance user experience devices,2025-03-18 10:30:24+00:00,0
Apple Vision Pro,Apple iPhone 16e review: Elevated basics,"The iPhone 16e is Apple's affordable phone for 2025. While it has considerable upgrades, it just costs too much at launch.",2025-03-18 10:27:10+00:00,Android Central,https://www.androidcentral.com/phones/apple-iphone-16e-review,"Apple iPhone 16e review: Elevated basics The iPhone 16e is Apple's affordable phone for 2025. While it has considerable upgrades, it just costs too much at launch.",apple iphone review elevated basics iphone apples affordable phone considerable upgrades just costs launch,2025-03-18 10:27:10+00:00,0
Apple Vision Pro,"Cisco unveils Webex agentic AI systems to automate CX, EX",Mission to transform contact centres into customer experience centres sees systems for core collaboration platform designed to predict and automate customer and employee experiences,2025-03-18 06:47:00+00:00,ComputerWeekly.com,https://www.computerweekly.com/news/366620922/Cisco-unveils-Webex-agentic-AI-systems-to-automate-CX-EX,"Cisco unveils Webex agentic AI systems to automate CX, EX Mission to transform contact centres into customer experience centres sees systems for core collaboration platform designed to predict and automate customer and employee experiences",cisco unveils webex agentic systems automate mission transform contact centres customer experience centres sees systems core collaboration platform designed predict automate customer employee experiences,2025-03-18 06:47:00+00:00,-1
Apple Vision Pro,"The Second Season of Apple's Acclaimed Drama ""The Buccaneers"" to Debut June 18","The eight-episode second season will make its global debut on Apple TV+ with one episode on Wednesday, June 18 followed by one new episode every Wednesday through August 6.",2025-03-18 06:16:00+00:00,Thefutoncritic.com,http://www.thefutoncritic.com/news/2025/03/18/the-second-season-of-apples-acclaimed-drama-the-buccaneers-to-debut-june-18-418011/20250318apple01/,"The Second Season of Apple's Acclaimed Drama ""The Buccaneers"" to Debut June 18 The eight-episode second season will make its global debut on Apple TV+ with one episode on Wednesday, June 18 followed by one new episode every Wednesday through August 6.",second season apples acclaimed drama buccaneers debut june eightepisode second season make global debut apple episode wednesday june followed new episode wednesday august,2025-03-18 06:16:00+00:00,7
Apple Vision Pro,Enhanced Guest User Feature for Vision Pro,"The latest beta of visionOS 2.4 introduces improvements to the Guest User feature for Apple Vision Pro, enhancing the device's shareability and multi-user capabilities. One of the key enhancements in this update is the ability for Vision Pro owners to customi…",2025-03-18 05:25:15+00:00,The Mac Observer,https://www.macobserver.com/news/enhanced-guest-user-feature-for-vision-pro/,"Enhanced Guest User Feature for Vision Pro The latest beta of visionOS 2.4 introduces improvements to the Guest User feature for Apple Vision Pro, enhancing the device's shareability and multi-user capabilities. One of the key enhancements in this update is the ability for Vision Pro owners to customi…",enhanced guest user feature vision pro latest beta visionos introduces improvements guest user feature apple vision pro enhancing devices shareability multiuser capabilities key enhancements update ability vision pro owners customi,2025-03-18 05:25:15+00:00,0
Apple Vision Pro,Apple Releases iOS 18.4 Beta 4 Update for iPhone With Bug Fixes and New Features,"Apple on Monday released the iOS 18.4 Beta 4 update for iPhone to developers and beta testers. In line with the previous update, the latest version of iOS 18 beta does not contain any standout new features but focuses more on fixing issues reported by iPhone …",2025-03-18 04:57:01+00:00,Gadgets360.com,https://www.gadgets360.com/mobiles/news/ios-18-4-beta-4-update-iphone-features-bug-fixes-changelog-apple-7948363,"Apple Releases iOS 18.4 Beta 4 Update for iPhone With Bug Fixes and New Features Apple on Monday released the iOS 18.4 Beta 4 update for iPhone to developers and beta testers. In line with the previous update, the latest version of iOS 18 beta does not contain any standout new features but focuses more on fixing issues reported by iPhone …",apple releases ios beta update iphone bug fixes new features apple monday released ios beta update iphone developers beta testers line previous update latest version ios beta does contain standout new features focuses fixing issues reported iphone,2025-03-18 04:57:01+00:00,0
Apple Vision Pro,"visionOS 2.4 Beta 4 Is Out, Here’s Everything New","Apple has released the fourth beta of visionOS 2.4, bringing significant enhancements to the Vision Pro headset experience. This update introduces Apple Intelligence features to the platform, marking a major step forward in the capabilities of spatial computi…",2025-03-18 04:53:24+00:00,The Mac Observer,https://www.macobserver.com/news/visionos-2-4-beta-4-is-out-heres-everything-new/,"visionOS 2.4 Beta 4 Is Out, Here’s Everything New Apple has released the fourth beta of visionOS 2.4, bringing significant enhancements to the Vision Pro headset experience. This update introduces Apple Intelligence features to the platform, marking a major step forward in the capabilities of spatial computi…",visionos beta heres new apple released fourth beta visionos bringing significant enhancements vision pro headset experience update introduces apple intelligence features platform marking major step forward capabilities spatial computi,2025-03-18 04:53:24+00:00,0
Apple Vision Pro,Apple Seeds Fourth Betas of iOS 18.4 & iPadOS 18.4 to Developers,Apple today seeded the fourth betas of its upcoming iOS 18.4 and iPadOS 18.4 updates to developers for testing.Read More...,2025-03-17 22:06:23+00:00,Mactrast.com,https://www.mactrast.com/2025/03/apple-seeds-fourth-betas-of-ios-18-4-ipados-18-4-to-developers/,Apple Seeds Fourth Betas of iOS 18.4 & iPadOS 18.4 to Developers Apple today seeded the fourth betas of its upcoming iOS 18.4 and iPadOS 18.4 updates to developers for testing.Read More...,apple seeds fourth betas ios ipados developers apple today seeded fourth betas upcoming ios ipados updates developers testingread,2025-03-17 22:06:23+00:00,0
Apple Vision Pro,AirPods might get a live translation feature soon,Apple could bring a live translation feature to its AirPods earbuds when this year's iOS 19 update arrives sometime in the fall.,2025-03-17 22:06:05+00:00,Idownloadblog.com,https://www.idownloadblog.com/2025/03/17/airpods-live-translation-rumor/,AirPods might get a live translation feature soon Apple could bring a live translation feature to its AirPods earbuds when this year's iOS 19 update arrives sometime in the fall.,airpods live translation feature soon apple bring live translation feature airpods earbuds years ios update arrives fall,2025-03-17 22:06:05+00:00,13
Apple Vision Pro,The Google Pixel Tablet has been my smart home display for almost a year (and it's on sale),Here's how the Google Pixel Tablet performs better (and worse) than stationary displays like the Nest and Echo Hub.,2025-03-17 20:20:42+00:00,ZDNet,https://www.zdnet.com/article/the-google-pixel-tablet-has-been-my-smart-home-display-for-almost-a-year-and-its-on-sale/,The Google Pixel Tablet has been my smart home display for almost a year (and it's on sale) Here's how the Google Pixel Tablet performs better (and worse) than stationary displays like the Nest and Echo Hub.,google pixel tablet smart home display year sale heres google pixel tablet performs better worse stationary displays like nest echo hub,2025-03-17 20:20:42+00:00,15
Apple Vision Pro,See in the Dark: Experience True Color Night Vision Like Never Before,"The Aqara Camera Hub G5 Pro combines advanced security and smart home integration in one compact device. Its AI-powered detection distinguishes between faces, vehicles, and significant sounds, ensuring reliable monitoring without relying on internet connectiv…",2025-03-17 20:00:00+00:00,AndroidGuys,https://androidguys.com/news/see-in-the-dark-experience-true-color-night-vision-like-never-before/,"See in the Dark: Experience True Color Night Vision Like Never Before The Aqara Camera Hub G5 Pro combines advanced security and smart home integration in one compact device. Its AI-powered detection distinguishes between faces, vehicles, and significant sounds, ensuring reliable monitoring without relying on internet connectiv…",dark experience true color night vision like aqara camera hub pro combines advanced security smart home integration compact device aipowered detection distinguishes faces vehicles significant sounds ensuring reliable monitoring relying internet connectiv,2025-03-17 20:00:00+00:00,0
Apple Vision Pro,Download: iOS 18.4 Beta 4 And iPadOS 18.4 Beta 4 Released,"Apple has today released for download iOS 18.4 beta 4 and iPadOS 18.4 beta 4 to developers, The release comes a week after Apple shared the third beta with the same group ahead of what is expected to be a final release next month.
The post Download: iOS 18.4 …",2025-03-17 19:30:48+00:00,redmondpie.com,https://www.redmondpie.com/download-ios-18.4-beta-4-and-ipados-18.4-beta-4-released/,"Download: iOS 18.4 Beta 4 And iPadOS 18.4 Beta 4 Released Apple has today released for download iOS 18.4 beta 4 and iPadOS 18.4 beta 4 to developers, The release comes a week after Apple shared the third beta with the same group ahead of what is expected to be a final release next month.
The post Download: iOS 18.4 …",download ios beta ipados beta released apple today released download ios beta ipados beta developers release comes week apple shared beta group ahead expected final release month post download ios,2025-03-17 19:30:48+00:00,0
Apple Vision Pro,Apple’s New Mac Lineup: M4 MacBook Air and Mac Studio Raise the Bar,Apple has unveiled two impressive additions to its Mac lineup that deserve serious attention from tech enthusiasts. The new MacBook Air powered by the M4 chip and a significantly enhanced Mac Studio featuring both M4 Max and M3 Ultra processors represent mean…,2025-03-17 19:24:42+00:00,Gearculture.com,https://gearculture.com/goods/apples-new-mac-lineup-m4-macbook-air-and-mac-studio-raise-the-bar/,Apple’s New Mac Lineup: M4 MacBook Air and Mac Studio Raise the Bar Apple has unveiled two impressive additions to its Mac lineup that deserve serious attention from tech enthusiasts. The new MacBook Air powered by the M4 chip and a significantly enhanced Mac Studio featuring both M4 Max and M3 Ultra processors represent mean…,apples new mac lineup macbook air mac studio raise bar apple unveiled impressive additions mac lineup deserve attention tech enthusiasts new macbook air powered chip significantly enhanced mac studio featuring max ultra processors represent mean,2025-03-17 19:24:42+00:00,9
Apple Vision Pro,"Apple preps dramatic overhauls to iOS, iPadOS, and MacOS this year","Apple is said to be set to undertake comprehensive software redesigns for iOS 19, iPadOS 19, and macOS 16, marking one of the most…
The post Apple preps dramatic overhauls to iOS, iPadOS, and MacOS this year appeared first on MacDailyNews.",2025-03-17 19:22:24+00:00,Macdailynews.com,https://macdailynews.com/2025/03/17/apple-preps-dramatic-overhauls-to-ios-ipados-and-macos-this-year/,"Apple preps dramatic overhauls to iOS, iPadOS, and MacOS this year Apple is said to be set to undertake comprehensive software redesigns for iOS 19, iPadOS 19, and macOS 16, marking one of the most…
The post Apple preps dramatic overhauls to iOS, iPadOS, and MacOS this year appeared first on MacDailyNews.",apple preps dramatic overhauls ios ipados macos year apple said set undertake comprehensive software redesigns ios ipados macos marking post apple preps dramatic overhauls ios ipados macos year appeared macdailynews,2025-03-17 19:22:24+00:00,0
Apple Vision Pro,"iOS 19 Redesign 'Simpler to Use, Faster to Navigate, Easier to Learn'","Apple executives are confident that users will embrace what's being described as ""one of the most dramatic overhauls to the company's...",2025-03-17 17:26:33+00:00,MacRumors,https://www.macrumors.com/2025/03/17/apple-believes-users-love-major-ios-19-redesign/,"iOS 19 Redesign 'Simpler to Use, Faster to Navigate, Easier to Learn' Apple executives are confident that users will embrace what's being described as ""one of the most dramatic overhauls to the company's...",ios redesign simpler use faster navigate easier learn apple executives confident users embrace whats described dramatic overhauls companys,2025-03-17 17:26:33+00:00,0
Apple Vision Pro,"Fourth iOS 18.4, macOS 15.4 developer beta round begins","Apple's moved on to the fourth generation of its operating system updates, testing new builds of iOS 18.4, iPadOS 18.4, macOS 15.4, tvOS 18.4, watchOS 11.4, and visionOS 2.4 set.Examples of Apple Intelligence at work. The fourth beta round follows after the f…",2025-03-17 17:18:40+00:00,AppleInsider,https://appleinsider.com/articles/25/03/17/fourth-ios-184-macos-164-developer-beta-round-begins,"Fourth iOS 18.4, macOS 15.4 developer beta round begins Apple's moved on to the fourth generation of its operating system updates, testing new builds of iOS 18.4, iPadOS 18.4, macOS 15.4, tvOS 18.4, watchOS 11.4, and visionOS 2.4 set.Examples of Apple Intelligence at work. The fourth beta round follows after the f…",fourth ios macos developer beta round begins apples moved fourth generation operating updates testing new builds ios ipados macos tvos watchos visionos setexamples apple intelligence work fourth beta round follows,2025-03-17 17:18:40+00:00,0
Apple Vision Pro,Apple Intelligence debacle to headline Apple’s Top 100 offsite meeting this week,"From the day Apple announced the Apple Intelligence platform last year, it was a disappointment — with a roster of features that didn’t…
The post Apple Intelligence debacle to headline Apple’s Top 100 offsite meeting this week appeared first on MacDailyNews.",2025-03-17 17:15:38+00:00,Macdailynews.com,https://macdailynews.com/2025/03/17/apple-intelligence-debacle-to-headline-apples-top-100-offsite-meeting-this-week/,"Apple Intelligence debacle to headline Apple’s Top 100 offsite meeting this week From the day Apple announced the Apple Intelligence platform last year, it was a disappointment — with a roster of features that didn’t…
The post Apple Intelligence debacle to headline Apple’s Top 100 offsite meeting this week appeared first on MacDailyNews.",apple intelligence debacle headline apples offsite meeting week day apple announced apple intelligence platform year disappointment roster features didnt post apple intelligence debacle headline apples offsite meeting week appeared macdailynews,2025-03-17 17:15:38+00:00,-1
Apple Vision Pro,"Apple releases visionOS 2.4 beta 4 with watchOS 11.4, tvOS 18.4","The newest Apple beta releases have arrived. Developers can now install beta 4 of visionOS 2.4, watchOS 11.4, tvOS 18.4, and more.



 more…",2025-03-17 17:08:46+00:00,9to5Mac,https://9to5mac.com/2025/03/17/apple-releases-visionos-24-beta-4-plus-watchos-114-tvos-184-more/,"Apple releases visionOS 2.4 beta 4 with watchOS 11.4, tvOS 18.4 The newest Apple beta releases have arrived. Developers can now install beta 4 of visionOS 2.4, watchOS 11.4, tvOS 18.4, and more.



 more…",apple releases visionos beta watchos tvos newest apple beta releases arrived developers install beta visionos watchos tvos,2025-03-17 17:08:46+00:00,0
Apple Vision Pro,"Apple Seeds Fourth iOS 18.4 and iPadOS 18.4 Betas With Priority Notifications, Ambient Music and More","Apple today seeded the fourth betas of upcoming iOS 18.4 and iPadOS 18.4 updates to developers for testing purposes, with the software coming a week after Apple released the third betas.





iOS 18.4 and iPadOS 18.4 can be downloaded from the Settings app on…",2025-03-17 17:08:33+00:00,MacRumors,https://www.macrumors.com/2025/03/17/apple-seeds-ios-18-4-beta-4/,"Apple Seeds Fourth iOS 18.4 and iPadOS 18.4 Betas With Priority Notifications, Ambient Music and More Apple today seeded the fourth betas of upcoming iOS 18.4 and iPadOS 18.4 updates to developers for testing purposes, with the software coming a week after Apple released the third betas.





iOS 18.4 and iPadOS 18.4 can be downloaded from the Settings app on…",apple seeds fourth ios ipados betas priority notifications ambient music apple today seeded fourth betas upcoming ios ipados updates developers testing purposes software coming week apple released betas ios ipados downloaded settings app,2025-03-17 17:08:33+00:00,0
Apple Vision Pro,iOS 18.4 beta 4 now available with 12 new features,"With a release date expected for early April, Apple follows its iOS 18.4 beta testing with its fourth build. At this moment, it’s unclear what’s …
The post iOS 18.4 beta 4 now available with 12 new features appeared first on BGR.",2025-03-17 17:08:07+00:00,BGR,https://bgr.com/tech/ios-18-4-beta-4-now-available-with-12-new-features/,"iOS 18.4 beta 4 now available with 12 new features With a release date expected for early April, Apple follows its iOS 18.4 beta testing with its fourth build. At this moment, it’s unclear what’s …
The post iOS 18.4 beta 4 now available with 12 new features appeared first on BGR.",ios beta available new features release date expected early april apple follows ios beta testing fourth build moment unclear whats post ios beta available new features appeared bgr,2025-03-17 17:08:07+00:00,0
Apple Vision Pro,"Apple Seeds Fourth Betas of visionOS 2.4, tvOS 18.4, and watchOS 11.4","Apple today provided developers with the fourth betas of upcoming visionOS 2.4, tvOS 18.4, and watchOS 11.4 updates for testing purposes. The software is available a week after Apple seeded the third betas.





The betas are available to registered developer…",2025-03-17 17:04:00+00:00,MacRumors,https://www.macrumors.com/2025/03/17/apple-seeds-visionos-2-4-beta-4/,"Apple Seeds Fourth Betas of visionOS 2.4, tvOS 18.4, and watchOS 11.4 Apple today provided developers with the fourth betas of upcoming visionOS 2.4, tvOS 18.4, and watchOS 11.4 updates for testing purposes. The software is available a week after Apple seeded the third betas.





The betas are available to registered developer…",apple seeds fourth betas visionos tvos watchos apple today provided developers fourth betas upcoming visionos tvos watchos updates testing purposes software available week apple seeded betas betas available registered developer,2025-03-17 17:04:00+00:00,0
Apple Vision Pro,"Apple should focus on fixing Siri, not redesigning iOS again","Now that Apple’s recent slew of hardware releases are behind us, we got some news on the software side last week. First, the company publicly announced that it was delaying the smarter, more personal version of Siri that’ll be powered by Apple Intelligence. T…",2025-03-17 16:52:22+00:00,Slashdot.org,https://slashdot.org/firehose.pl?op=view&amp;id=176753701,"Apple should focus on fixing Siri, not redesigning iOS again Now that Apple’s recent slew of hardware releases are behind us, we got some news on the software side last week. First, the company publicly announced that it was delaying the smarter, more personal version of Siri that’ll be powered by Apple Intelligence. T…",apple focus fixing siri redesigning ios apples recent slew hardware releases got news software week company publicly announced delaying smarter personal version siri thatll powered apple intelligence,2025-03-17 16:52:22+00:00,4
Apple Vision Pro,Show HN: 70% Off Soundboard Pro App Laucnh,"‎Soundboard Pro – Your Ultimate Audio Companion

Discover the freedom to control, organize, and elevate your sound experience with Soundboard Pro – the essential tool for radio hosts, podcasters, performers, and creative audio enthusiasts. Whether you’re mixi…",2025-03-17 16:41:59+00:00,Apple Newsroom,https://apps.apple.com/us/app/soundboard-pro/id6742661204,"Show HN: 70% Off Soundboard Pro App Laucnh ‎Soundboard Pro – Your Ultimate Audio Companion

Discover the freedom to control, organize, and elevate your sound experience with Soundboard Pro – the essential tool for radio hosts, podcasters, performers, and creative audio enthusiasts. Whether you’re mixi…",soundboard pro app laucnh soundboard pro ultimate audio companion discover freedom control organize elevate sound experience soundboard pro essential tool radio hosts podcasters performers creative audio enthusiasts youre mixi,2025-03-17 16:41:59+00:00,-1
Apple Vision Pro,Hype-driven CEOs: when innovation misses the point,"Yes, we’re being pulled away — from essential topics like accessibility, which are often overshadowed by technological distractions. A 2024 study by WebAIM analyzed the top 1 million homepages…",2025-03-17 15:46:00+00:00,Uxdesign.cc,https://uxdesign.cc/hype-driven-ceos-when-innovation-misses-the-point-9f9c7f44d323,"Hype-driven CEOs: when innovation misses the point Yes, we’re being pulled away — from essential topics like accessibility, which are often overshadowed by technological distractions. A 2024 study by WebAIM analyzed the top 1 million homepages…",hypedriven ceos innovation misses point yes pulled away essential topics like accessibility overshadowed technological distractions study webaim analyzed million homepages,2025-03-17 15:46:00+00:00,-1
Apple Vision Pro,"Apple TV+ debuts trailer for Apple Original podcast ‘Big Time,’ hosted by Steve Buscemi","Apple TV+ on Monday revealed the trailer for “Big Time,” a new Apple Original podcast launching March 24, 2025. Hosted by Steve Buscemi…
The post Apple TV+ debuts trailer for Apple Original podcast ‘Big Time,’ hosted by Steve Buscemi appeared first on MacDail…",2025-03-17 15:38:22+00:00,Macdailynews.com,https://macdailynews.com/2025/03/17/apple-tv-debuts-trailer-for-apple-original-podcast-big-time-hosted-by-steve-buscemi/,"Apple TV+ debuts trailer for Apple Original podcast ‘Big Time,’ hosted by Steve Buscemi Apple TV+ on Monday revealed the trailer for “Big Time,” a new Apple Original podcast launching March 24, 2025. Hosted by Steve Buscemi…
The post Apple TV+ debuts trailer for Apple Original podcast ‘Big Time,’ hosted by Steve Buscemi appeared first on MacDail…",apple debuts trailer apple original podcast big time hosted steve buscemi apple monday revealed trailer big time new apple original podcast launching march hosted steve buscemi post apple debuts trailer apple original podcast big time hosted steve buscemi appeared macdail,2025-03-17 15:38:22+00:00,7
Apple Vision Pro,Apple TV+ debuts trailer for ‘Fight for Glory: 2024 World Series’,"Apple TV+ on Monday unveiled the trailer for its three-part documentary, “Fight for Glory: 2024 World Series,” premiering on March 28th…
The post Apple TV+ debuts trailer for ‘Fight for Glory: 2024 World Series’ appeared first on MacDailyNews.",2025-03-17 14:10:16+00:00,Macdailynews.com,https://macdailynews.com/2025/03/17/apple-tv-debuts-trailer-for-fight-for-glory-2024-world-series/,"Apple TV+ debuts trailer for ‘Fight for Glory: 2024 World Series’ Apple TV+ on Monday unveiled the trailer for its three-part documentary, “Fight for Glory: 2024 World Series,” premiering on March 28th…
The post Apple TV+ debuts trailer for ‘Fight for Glory: 2024 World Series’ appeared first on MacDailyNews.",apple debuts trailer fight glory world series apple monday unveiled trailer threepart documentary fight glory world series premiering march post apple debuts trailer fight glory world series appeared macdailynews,2025-03-17 14:10:16+00:00,7
Apple Vision Pro,Cisco adds AirPlay & Vision Pro support to Microsoft Teams Rooms,"Cisco is expanding support for Apple users in the workplace with new integrations for AirPlay and Apple Vision Pro.Apple Vision ProAnnounced at Enterprise Connect 2025, the updates improve content sharing and virtual meetings within Cisco's Webex platform.Air…",2025-03-17 13:13:50+00:00,AppleInsider,https://appleinsider.com/articles/25/03/17/cisco-adds-airplay-vision-pro-support-to-microsoft-teams-rooms,"Cisco adds AirPlay & Vision Pro support to Microsoft Teams Rooms Cisco is expanding support for Apple users in the workplace with new integrations for AirPlay and Apple Vision Pro.Apple Vision ProAnnounced at Enterprise Connect 2025, the updates improve content sharing and virtual meetings within Cisco's Webex platform.Air…",cisco adds airplay vision pro support microsoft teams rooms cisco expanding support apple users workplace new integrations airplay apple vision proapple vision proannounced enterprise connect updates improve content sharing virtual meetings ciscos webex platformair,2025-03-17 13:13:50+00:00,0
Apple Vision Pro,M3 iPad Air: Can it convert a stubborn Mac user? [Review] ★★★★☆,"Check out our review of the M3 iPad Air, Apple’s midrange tablet that can do it all. It’s fast, powerful and remarkably capable. 
(via Cult of Mac - Apple news, rumors, reviews and how-tos)",2025-03-17 13:00:36+00:00,Cult of Mac,https://www.cultofmac.com/reviews/m3-ipad-air-review,"M3 iPad Air: Can it convert a stubborn Mac user? [Review] ★★★★☆ Check out our review of the M3 iPad Air, Apple’s midrange tablet that can do it all. It’s fast, powerful and remarkably capable. 
(via Cult of Mac - Apple news, rumors, reviews and how-tos)",ipad air convert stubborn mac user review check review ipad air apples midrange tablet fast powerful remarkably capable cult mac apple news rumors reviews howtos,2025-03-17 13:00:36+00:00,5
Apple Vision Pro,Cisco Paves the Way with Agentic AI Collaboration,"Furthering Cisco’s agentic AI journey, Cisco expands its Collaboration portfolio to include the general availability of Webex AI Agent.More RSS Feeds: https://newsroom.cisco.com/c/r/newsroom/en/us/rss-feeds.html",2025-03-17 13:00:00+00:00,Cisco.com,https://newsroom.cisco.com/c/r/newsroom/en/us/a/y2025/m03/cisco-paves-the-way-with-agentic-ai-collaboration.html,"Cisco Paves the Way with Agentic AI Collaboration Furthering Cisco’s agentic AI journey, Cisco expands its Collaboration portfolio to include the general availability of Webex AI Agent.More RSS Feeds: https://newsroom.cisco.com/c/r/newsroom/en/us/rss-feeds.html",cisco paves way agentic collaboration furthering ciscos agentic journey cisco expands collaboration portfolio include general availability webex agentmore rss feeds,2025-03-17 13:00:00+00:00,-1
Apple Vision Pro,Let the Girls Play,Women have always loved America’s pastime. It has never loved them back.,2025-03-17 12:00:00+00:00,The Atlantic,https://www.theatlantic.com/magazine/archive/2025/04/yankees-womens-baseball-mini-fantasy-camp/681763/,Let the Girls Play Women have always loved America’s pastime. It has never loved them back.,let girls play women loved americas pastime loved,2025-03-17 12:00:00+00:00,7
Apple Vision Pro,iOS 19 is set to usher in a major redesign – here are 4 things being tipped for the upcoming overhaul,"Apple is set unveil major redesigns for iOS, macOS and iPadOS this year. Here’s what one leading Apple watcher says we'll see.",2025-03-17 11:26:42+00:00,TechRadar,https://www.techradar.com/phones/ios/ios-19-is-set-to-usher-in-a-major-redesign-here-are-4-things-being-tipped-for-the-upcoming-overhaul,"iOS 19 is set to usher in a major redesign – here are 4 things being tipped for the upcoming overhaul Apple is set unveil major redesigns for iOS, macOS and iPadOS this year. Here’s what one leading Apple watcher says we'll see.",ios set usher major redesign things tipped upcoming overhaul apple set unveil major redesigns ios macos ipados year heres leading apple watcher says,2025-03-17 11:26:42+00:00,0
Apple Vision Pro,A Chat with Immersive Company and The Spatialists,"Recently, the app Prima Immersive launched, featuring the first episode in the Sessions series. If you missed my article, you can read it here, and if you have access to an Apple Vision Pro, you really should download the app from here. The video and audio qu…",2025-03-17 11:20:28+00:00,Provideocoalition.com,https://www.provideocoalition.com/a-chat-with-immersive-company-and-the-spatialists/,"A Chat with Immersive Company and The Spatialists Recently, the app Prima Immersive launched, featuring the first episode in the Sessions series. If you missed my article, you can read it here, and if you have access to an Apple Vision Pro, you really should download the app from here. The video and audio qu…",chat immersive company spatialists recently app prima immersive launched featuring episode sessions series missed article read access apple vision pro really download app video audio,2025-03-17 11:20:28+00:00,0
Apple Vision Pro,9 Helpful Health Features You Didn't Know Exist on the Apple Watch,The Apple Watch can provide a lot of health insights. Here are the features you might not know about.,2025-03-17 10:06:03+00:00,CNET,https://www.cnet.com/health/medical/helpful-health-features-didnt-know-exist-apple-watch/,9 Helpful Health Features You Didn't Know Exist on the Apple Watch The Apple Watch can provide a lot of health insights. Here are the features you might not know about.,helpful health features didnt know exist apple watch apple watch provide lot health insights features know,2025-03-17 10:06:03+00:00,10
Apple Vision Pro,"Video: Apple TV+ Debuts Gripping Trailer for ""Fight for Glory: 2024 World Series""","The highly-anticipated, all-access three-part documentary premieres globally on Friday, March 28.",2025-03-17 06:00:00+00:00,Thefutoncritic.com,http://www.thefutoncritic.com/video/2025/03/17/video-apple-tvplus-debuts-gripping-trailer-for-fight-for-glory-2024-world-series-823412/20250317apple01/,"Video: Apple TV+ Debuts Gripping Trailer for ""Fight for Glory: 2024 World Series"" The highly-anticipated, all-access three-part documentary premieres globally on Friday, March 28.",video apple debuts gripping trailer fight glory world series highlyanticipated allaccess threepart documentary premieres globally friday march,2025-03-17 06:00:00+00:00,7
Apple Vision Pro,"Reivew: Anker Laptop Power Bank — portable power, smart design","One of the very first accessories that I ever reviewed on this website was a portable battery. I actually reviewed two of them at once back in 2008, two different models made by the now-defunct Richard|Solo, a company started by Richard Thalheimer, who starte…",2025-03-17 05:05:00+00:00,Iphonejd.com,https://www.iphonejd.com/iphone_jd/2025/03/reivew-anker-laptop-power-bank.html,"Reivew: Anker Laptop Power Bank — portable power, smart design One of the very first accessories that I ever reviewed on this website was a portable battery. I actually reviewed two of them at once back in 2008, two different models made by the now-defunct Richard|Solo, a company started by Richard Thalheimer, who starte…",reivew anker laptop power bank portable power smart design accessories reviewed website portable battery actually reviewed different models nowdefunct richardsolo company started richard thalheimer starte,2025-03-17 05:05:00+00:00,12
Apple Vision Pro,"Deals: the Nothing Phone (3a) is here, (3a) Pro coming soon, Galaxy S24 FE gets cheaper","After the MWC rush, this week has been fairly quiet in terms of new launches, but the arrival of the Nothing Phone (3a) could make a big splash in the market – more so than the Galaxy A56, which is yet to come and might have its lunch eaten by the Galaxy S24 …",2025-03-16 18:08:02+00:00,GSMArena.com,https://www.gsmarena.com/deals_the_nothing_phone_3a_is_here_3a_pro_coming_soon_galaxy_s24_fe_gets_cheaper-news-66950.php,"Deals: the Nothing Phone (3a) is here, (3a) Pro coming soon, Galaxy S24 FE gets cheaper After the MWC rush, this week has been fairly quiet in terms of new launches, but the arrival of the Nothing Phone (3a) could make a big splash in the market – more so than the Galaxy A56, which is yet to come and might have its lunch eaten by the Galaxy S24 …",deals phone pro coming soon galaxy gets cheaper mwc rush week fairly quiet terms new launches arrival phone make big splash market galaxy come lunch eaten galaxy,2025-03-16 18:08:02+00:00,15
Apple Vision Pro,iOS 19 to Have Some of the 'Biggest' Design Changes in iPhone's History,"Apple is planning some of the ""biggest iOS and macOS redesigns in its history,"" according to Bloomberg's Mark Gurman.





In his Power On newsletter today, Gurman reiterated that iOS 19 will have a visionOS-like design with more transparent interfaces:The ne…",2025-03-16 17:35:35+00:00,MacRumors,https://www.macrumors.com/2025/03/16/ios-19-big-design-changes/,"iOS 19 to Have Some of the 'Biggest' Design Changes in iPhone's History Apple is planning some of the ""biggest iOS and macOS redesigns in its history,"" according to Bloomberg's Mark Gurman.





In his Power On newsletter today, Gurman reiterated that iOS 19 will have a visionOS-like design with more transparent interfaces:The ne…",ios biggest design changes iphones history apple planning biggest ios macos redesigns history according bloombergs mark gurman power newsletter today gurman reiterated ios visionoslike design transparent interfacesthe,2025-03-16 17:35:35+00:00,0
Apple Vision Pro,Show HN: Kfe – Cross-Platform Search Engine for Local Multimedia Files,"Hi, I had thousands of unorganized (but related) images, short videos and audio recordings on my disk, which I often needed to search through.I built kfe, an application that uses models from Hugging Face to index multimedia files by extracting visual feature…",2025-03-16 17:25:12+00:00,Github.com,https://github.com/Fl0k3n/kfe,"Show HN: Kfe – Cross-Platform Search Engine for Local Multimedia Files Hi, I had thousands of unorganized (but related) images, short videos and audio recordings on my disk, which I often needed to search through.I built kfe, an application that uses models from Hugging Face to index multimedia files by extracting visual feature…",kfe crossplatform search engine local multimedia files thousands unorganized related images short videos audio recordings disk needed search throughi built kfe application uses models hugging face index multimedia files extracting visual feature,2025-03-16 17:25:12+00:00,0
Apple Vision Pro,"Apple executives believe users will ‘love’ upcoming iOS 19 overhaul, per report","Last week, Bloomberg’s Mark Gurman reported that Apple was planning “one of the most dramatic software overhauls” in its history. The company is currently planning a redesign for iOS 19, iPadOS 19, and macOS 16 – all in the name of consistency. Gurman even sa…",2025-03-16 16:46:25+00:00,9to5Mac,https://9to5mac.com/2025/03/16/apple-executives-believe-users-will-love-upcoming-ios-19-overhaul-per-report/,"Apple executives believe users will ‘love’ upcoming iOS 19 overhaul, per report Last week, Bloomberg’s Mark Gurman reported that Apple was planning “one of the most dramatic software overhauls” in its history. The company is currently planning a redesign for iOS 19, iPadOS 19, and macOS 16 – all in the name of consistency. Gurman even sa…",apple executives believe users love upcoming ios overhaul report week bloombergs mark gurman reported apple planning dramatic software overhauls history company currently planning redesign ios ipados macos consistency gurman,2025-03-16 16:46:25+00:00,0
Apple Vision Pro,"Forget Samsung, We Need A Nothing VR Headset Running Android XR Right NOW!","Forget Samsung, We Need A Nothing VR Headset Running Android XR Right NOW!Technology moves really fast until it doesn’t. Facebook rebranded to Meta in 2021, and we’ve had a grand total of 3 companies actually occupy the...",2025-03-16 15:20:43+00:00,Yanko Design,https://www.yankodesign.com/2025/03/16/forget-samsung-we-need-a-nothing-vr-headset-running-android-xr-right-now/,"Forget Samsung, We Need A Nothing VR Headset Running Android XR Right NOW! Forget Samsung, We Need A Nothing VR Headset Running Android XR Right NOW!Technology moves really fast until it doesn’t. Facebook rebranded to Meta in 2021, and we’ve had a grand total of 3 companies actually occupy the...",forget samsung need headset running android right forget samsung need headset running android right nowtechnology moves really fast doesnt facebook rebranded meta weve grand total companies actually occupy,2025-03-16 15:20:43+00:00,15
Apple Vision Pro,The Xreal One AR glasses are a traveller’s best friend,"I spent a lot of time travelling last year, either on business trips to Europe or the U.S. or taking the Go train to visit my friends and family at the east end of the GTA. It’s a lot of time doing nothing except using my phone, tablet, or laptop. I tend to r…",2025-03-16 15:02:34+00:00,MobileSyrup,https://mobilesyrup.com/2025/03/16/xreal-one-ar-glasses/,"The Xreal One AR glasses are a traveller’s best friend I spent a lot of time travelling last year, either on business trips to Europe or the U.S. or taking the Go train to visit my friends and family at the east end of the GTA. It’s a lot of time doing nothing except using my phone, tablet, or laptop. I tend to r…",xreal glasses travellers best friend spent lot time travelling year business trips europe taking train visit friends family east end gta lot time doing using phone tablet laptop tend,2025-03-16 15:02:34+00:00,-1
Apple Vision Pro,"Apple's iOS 19, macOS 16 overhauls aimed at ease of use","Apple's expected upgrades to iOS 19, iPadOS 19, and macOS 16 will be a major overhaul, with executives apparently confident consumers will like the faster and easier to use interfaces.iOS 19 is due this fall, but will be previewed at WWDCEvery year, Apple rev…",2025-03-16 14:54:12+00:00,AppleInsider,https://appleinsider.com/articles/25/03/16/apples-ios-19-macos-16-overhauls-aimed-at-ease-of-use,"Apple's iOS 19, macOS 16 overhauls aimed at ease of use Apple's expected upgrades to iOS 19, iPadOS 19, and macOS 16 will be a major overhaul, with executives apparently confident consumers will like the faster and easier to use interfaces.iOS 19 is due this fall, but will be previewed at WWDCEvery year, Apple rev…",apples ios macos overhauls aimed ease use apples expected upgrades ios ipados macos major overhaul executives apparently confident consumers like faster easier use interfacesios fall previewed wwdcevery year apple rev,2025-03-16 14:54:12+00:00,0
Apple Vision Pro,iPhone 17 Air was supposed to be a portless smartphone but regulations ruined it,The iPhone 17 Air was supposedly going to be Apple's first attempt at a portless future for smartphones but the idea was scrapped to avoid upsetting the EU.,2025-03-16 14:50:30+00:00,PhoneArena,https://www.phonearena.com/news/iphone-17-air-was-a-portless-smartphone-but-regulations-ruined-it_id168529,iPhone 17 Air was supposed to be a portless smartphone but regulations ruined it The iPhone 17 Air was supposedly going to be Apple's first attempt at a portless future for smartphones but the idea was scrapped to avoid upsetting the EU.,iphone air supposed portless smartphone regulations ruined iphone air supposedly going apples attempt portless future smartphones idea scrapped avoid upsetting,2025-03-16 14:50:30+00:00,6
Apple Vision Pro,Who needs Chromecast? I switched to this $20 Google TV box and haven’t looked back,"With the Chromecast brand now dead and the Google TV Streamer retailing for $100, there's a better streaming box you should consider for $20.",2025-03-16 13:00:28+00:00,Android Authority,https://www.androidauthority.com/onn-4k-best-chromecast-alternative-3533035/,"Who needs Chromecast? I switched to this $20 Google TV box and haven’t looked back With the Chromecast brand now dead and the Google TV Streamer retailing for $100, there's a better streaming box you should consider for $20.",needs chromecast switched google box havent looked chromecast brand dead google streamer retailing theres better streaming box consider,2025-03-16 13:00:28+00:00,-1
Apple Vision Pro,"Apple's Secretive UK Court Hearing, Metallica Concert On Vision Pro, iPhone 16e, And Major Overhaul In Store: This Week In Appleverse","It was a busy week for Apple Inc. (NASDAQ:AAPL) with a series of events that kept the tech giant in the spotlight. From a secretive court hearing in the UK to the launch of a Metallica concert experience for its Vision Pro headset, Apple made headlines for va…",2025-03-16 11:06:23+00:00,Biztoc.com,https://biztoc.com/x/f7ca75257c3256df,"Apple's Secretive UK Court Hearing, Metallica Concert On Vision Pro, iPhone 16e, And Major Overhaul In Store: This Week In Appleverse It was a busy week for Apple Inc. (NASDAQ:AAPL) with a series of events that kept the tech giant in the spotlight. From a secretive court hearing in the UK to the launch of a Metallica concert experience for its Vision Pro headset, Apple made headlines for va…",apples secretive court hearing metallica concert vision pro iphone major overhaul store week appleverse busy week apple nasdaqaapl series events kept tech giant spotlight secretive court hearing launch metallica concert experience vision pro headset apple headlines,2025-03-16 11:06:23+00:00,-1
Apple Vision Pro,"iOS 19 Rumors Roundup: Leaks, Expected Features, and Surprises","Apple is still rolling out iOS 18 updates, yet all eyes are already on iOS 19, and for good reason. While we won’t get our first glimpse of the next major software update until WWDC in June, the excitement is already building. Early forecasts hint at some big…",2025-03-16 09:04:47+00:00,The Mac Observer,https://www.macobserver.com/news/ios-19-rumors-roundup-leaks-expected-features-and-surprises/,"iOS 19 Rumors Roundup: Leaks, Expected Features, and Surprises Apple is still rolling out iOS 18 updates, yet all eyes are already on iOS 19, and for good reason. While we won’t get our first glimpse of the next major software update until WWDC in June, the excitement is already building. Early forecasts hint at some big…",ios rumors roundup leaks expected features surprises apple rolling ios updates eyes ios good reason wont glimpse major software update wwdc june excitement building early forecasts hint big,2025-03-16 09:04:47+00:00,0
Apple Vision Pro,Apple’s April Event: What’s On The Horizon?,"Apple has once again captured the tech world’s attention with the announcement of several new products and updates. From advancements in iPhones and iPads to powerful upgrades for Mac Studio and potential smart home innovations, the company continues to push …",2025-03-16 09:00:03+00:00,Geeky Gadgets,https://www.geeky-gadgets.com/?p=453527,"Apple’s April Event: What’s On The Horizon? Apple has once again captured the tech world’s attention with the announcement of several new products and updates. From advancements in iPhones and iPads to powerful upgrades for Mac Studio and potential smart home innovations, the company continues to push …",apples april event whats horizon apple captured tech worlds attention announcement new products updates advancements iphones ipads powerful upgrades mac studio potential smart home innovations company continues push,2025-03-16 09:00:03+00:00,0
Apple Vision Pro,Visions Without Images: Demonstrating Immersion,,2025-03-16 05:35:43+00:00,Mubi.com,https://mubi.com/en/notebook/posts/apple-vision-pro-visions-without-images-demonstrating-immersion,Visions Without Images: Demonstrating Immersion ,visions images demonstrating immersion,2025-03-16 05:35:43+00:00,0
Apple Vision Pro,Apple quietly launches new app to help firms improve Apple Maps,"Apple appears to be expanding its pool of partner companies supplying data for Apple Maps, as it has now released an app especially for firms to contribute updated information.Apple MapsJust as it did with the Apple Vision Pro Demo Fit app — releasing it in t…",2025-03-15 23:55:25+00:00,AppleInsider,https://appleinsider.com/articles/25/03/15/apple-quietly-launches-new-app-to-help-firms-improve-apple-maps,"Apple quietly launches new app to help firms improve Apple Maps Apple appears to be expanding its pool of partner companies supplying data for Apple Maps, as it has now released an app especially for firms to contribute updated information.Apple MapsJust as it did with the Apple Vision Pro Demo Fit app — releasing it in t…",apple quietly launches new app help firms improve apple maps apple appears expanding pool partner companies supplying data apple maps released app especially firms contribute updated informationapple mapsjust did apple vision pro demo fit app releasing,2025-03-15 23:55:25+00:00,0
Apple Vision Pro,XR At SXSW 2025: Expanding The Boundaries Of Immersion,"SXSW 2025’s XR showcase pushed the limits of immersive storytelling, featuring award-winning VR, AR, and MR experiences, from haptic empathy-driven VR to large-scale dome projections.",2025-03-15 22:26:55+00:00,Forbes,https://www.forbes.com/sites/charliefink/2025/03/15/xr-at-sxsw-2025-expanding-the-boundaries-of-immersion/,"XR At SXSW 2025: Expanding The Boundaries Of Immersion SXSW 2025’s XR showcase pushed the limits of immersive storytelling, featuring award-winning VR, AR, and MR experiences, from haptic empathy-driven VR to large-scale dome projections.",sxsw expanding boundaries immersion sxsw showcase pushed limits immersive storytelling featuring awardwinning experiences haptic empathydriven largescale dome projections,2025-03-15 22:26:55+00:00,0
Apple Vision Pro,Explore Apple 2025 Products Roadmap,"Apple follows annual release cycles for its products, so it's pretty easy to guess what we might see in 2025. While some things are certain, like the new iPhone 17 lineup for example, others are merely speculations that we can't confirm yet. Either way, it pr…",2025-03-15 20:23:45+00:00,The Mac Observer,https://www.macobserver.com/tips/round-ups/explore-apple-2025-product-roadmap/,"Explore Apple 2025 Products Roadmap Apple follows annual release cycles for its products, so it's pretty easy to guess what we might see in 2025. While some things are certain, like the new iPhone 17 lineup for example, others are merely speculations that we can't confirm yet. Either way, it pr…",explore apple products roadmap apple follows annual release cycles products pretty easy guess things certain like new iphone lineup example merely speculations confirm way,2025-03-15 20:23:45+00:00,0
Apple Vision Pro,Indie App Spotlight: ‘Remind Me Faster’ is an ultimate companion app for Apple Reminders,"Welcome to Indie App Spotlight. This is a weekly 9to5Mac series where we showcase the latest apps in the indie app world. If you’re a developer and would like your app featured, get in contact.







Remind Me Faster is a nice companion app for Apple Reminde…",2025-03-15 19:30:00+00:00,9to5Mac,https://9to5mac.com/2025/03/15/indie-app-spotlight-remind-me-faster/,"Indie App Spotlight: ‘Remind Me Faster’ is an ultimate companion app for Apple Reminders Welcome to Indie App Spotlight. This is a weekly 9to5Mac series where we showcase the latest apps in the indie app world. If you’re a developer and would like your app featured, get in contact.







Remind Me Faster is a nice companion app for Apple Reminde…",indie app spotlight remind faster ultimate companion app apple reminders welcome indie app spotlight weekly tomac series showcase latest apps indie app world youre developer like app featured contact remind faster nice companion app apple reminde,2025-03-15 19:30:00+00:00,0
Apple Vision Pro,Apple Engineers continue to seek out new HMD Securement Systems that could provide users with Superior Comfort,"Apple has received the message loud and clear that Apple Vision was too expensive, too heavy with not enough power and more. One key area that Apple has gone back to the drawing board on is its securement system for Vision Pro and for future smartglasses. Las…",2025-03-15 17:27:31+00:00,Patently Apple,https://www.patentlyapple.com/2025/03/apple-engineers-continue-to-seek-out-new-hmd-securement-systems-that-could-provide-users-with-superior-comfort.html,"Apple Engineers continue to seek out new HMD Securement Systems that could provide users with Superior Comfort Apple has received the message loud and clear that Apple Vision was too expensive, too heavy with not enough power and more. One key area that Apple has gone back to the drawing board on is its securement system for Vision Pro and for future smartglasses. Las…",apple engineers continue seek new hmd securement systems provide users superior comfort apple received message loud clear apple vision expensive heavy power key area apple gone drawing board securement vision pro future smartglasses las,2025-03-15 17:27:31+00:00,0
AirPods,Best Amazon Spring Sale Headphone and Speaker Deals,"Whatever your vibe, from streaming podcasts or your favorite songs to pumping up the music poolside and beyond, we've got all the best deals for you.",2025-03-19 18:48:00+00:00,CNET,https://www.cnet.com/deals/best-amazon-spring-sale-headphone-and-speaker-deals/,"Best Amazon Spring Sale Headphone and Speaker Deals Whatever your vibe, from streaming podcasts or your favorite songs to pumping up the music poolside and beyond, we've got all the best deals for you.",best amazon spring sale headphone speaker deals vibe streaming podcasts favorite songs pumping music poolside weve got best deals,2025-03-19 18:48:00+00:00,13
AirPods,EU orders Apple to open up iOS connectivity features,"Macworld







With the Digital Markets Act adopted in 2022, the European Union has identified Apple’s iOS (as well as other companies’ products) as “Gatekeepers” that have such a stranglehold on the market that they should be required to comply with certai…",2025-03-19 18:25:46+00:00,Macworld,https://www.macworld.com/article/2642878/eu-orders-apple-to-open-up-ios-connectivity-features.html,"EU orders Apple to open up iOS connectivity features Macworld







With the Digital Markets Act adopted in 2022, the European Union has identified Apple’s iOS (as well as other companies’ products) as “Gatekeepers” that have such a stranglehold on the market that they should be required to comply with certai…",orders apple open ios connectivity features macworld digital markets act adopted european union identified apples ios companies products gatekeepers stranglehold market required comply certai,2025-03-19 18:25:46+00:00,6
AirPods,"iOS 19 and iOS 20 Must Include a Long List of Major Changes, EU Says","The European Commission today announced a long list of changes that Apple is legally required to implement in future iOS 19 and iOS 20 updates.





The announcement clarifies interoperability requirements that Apple is required to adhere to in the EU, under …",2025-03-19 17:26:45+00:00,MacRumors,https://www.macrumors.com/2025/03/19/ios-19-ios-20-deadlines-for-eu-changes/,"iOS 19 and iOS 20 Must Include a Long List of Major Changes, EU Says The European Commission today announced a long list of changes that Apple is legally required to implement in future iOS 19 and iOS 20 updates.





The announcement clarifies interoperability requirements that Apple is required to adhere to in the EU, under …",ios ios include long list major changes says european commission today announced long list changes apple legally required implement future ios ios updates announcement clarifies interoperability requirements apple required adhere,2025-03-19 17:26:45+00:00,6
AirPods,My favorite songs never sounded better with Sennheiser's new flagship earbuds - and they're $100 off,Sennheiser's latest Momentum True Wireless 4 earbuds deliver studio-level sound in a sleek and comfortable package and are currently $100 off at Walmart.,2025-03-19 17:21:43+00:00,ZDNet,https://www.zdnet.com/article/my-favorite-songs-never-sounded-better-with-sennheisers-new-flagship-earbuds-and-theyre-100-off/,My favorite songs never sounded better with Sennheiser's new flagship earbuds - and they're $100 off Sennheiser's latest Momentum True Wireless 4 earbuds deliver studio-level sound in a sleek and comfortable package and are currently $100 off at Walmart.,favorite songs sounded better sennheisers new flagship earbuds theyre sennheisers latest momentum true wireless earbuds deliver studiolevel sound sleek comfortable package currently walmart,2025-03-19 17:21:43+00:00,13
AirPods,The EU just hit Apple with its biggest demand yet—here’s what’s changing,"The EU is once again forcing Apple to open up its tightly controlled ecosystem, this time targeting AirDrop, AirPlay, and even AirPods. With deadlines stretching to 2027, Apple is pushing back hard—but will it be able to stop the inevitable?",2025-03-19 16:31:56+00:00,PhoneArena,https://www.phonearena.com/news/eu-apple-demand_id168651,"The EU just hit Apple with its biggest demand yet—here’s what’s changing The EU is once again forcing Apple to open up its tightly controlled ecosystem, this time targeting AirDrop, AirPlay, and even AirPods. With deadlines stretching to 2027, Apple is pushing back hard—but will it be able to stop the inevitable?",just hit apple biggest demand yetheres whats changing forcing apple open tightly controlled ecosystem time targeting airdrop airplay airpods deadlines stretching apple pushing hardbut able stop inevitable,2025-03-19 16:31:56+00:00,13
AirPods,How to Update Your iPhone or iPad to iOS 18,We are going to cover step by step guide on how to update your iPhone or iPad to iOS 18 - the best part is that no tech expertise required to update your device to latest iOS.,2025-03-19 15:32:25+00:00,Smashingapps.com,https://www.smashingapps.com/how-to-update-your-iphone-or-ipad-to-ios-18/,How to Update Your iPhone or iPad to iOS 18 We are going to cover step by step guide on how to update your iPhone or iPad to iOS 18 - the best part is that no tech expertise required to update your device to latest iOS.,update iphone ipad ios going cover step step guide update iphone ipad ios best tech expertise required update device latest ios,2025-03-19 15:32:25+00:00,0
AirPods,Snag the lowest price of the year on the Dyson V8 Cordless Vacuum ahead of Amazon’s Big Spring Sale,Clean up today with this great Dyson deal!,2025-03-19 15:02:54+00:00,New York Post,https://nypost.com/2025/03/19/shopping/dyson-v8-plus-cordless-vacuum-is-on-sale-amazon/,Snag the lowest price of the year on the Dyson V8 Cordless Vacuum ahead of Amazon’s Big Spring Sale Clean up today with this great Dyson deal!,snag lowest price year dyson cordless vacuum ahead amazons big spring sale clean today great dyson deal,2025-03-19 15:02:54+00:00,14
AirPods,"EU orders Apple to open up access to iOS notifications, allow alternatives to AirDrop and AirPlay","The EU has followed up on its Digital Markets Act specification procedures for Apple regarding the iPhone’s interoperability with third-party connected devices like smartwatches and headphones, as announced last fall. 



Today’s announcement details exactly …",2025-03-19 14:53:37+00:00,9to5Mac,https://9to5mac.com/2025/03/19/eu-order-apple-interoperability/,"EU orders Apple to open up access to iOS notifications, allow alternatives to AirDrop and AirPlay The EU has followed up on its Digital Markets Act specification procedures for Apple regarding the iPhone’s interoperability with third-party connected devices like smartwatches and headphones, as announced last fall. 



Today’s announcement details exactly …",orders apple open access ios notifications allow alternatives airdrop airplay followed digital markets act specification procedures apple regarding iphones interoperability thirdparty connected devices like smartwatches headphones announced fall todays announcement details exactly,2025-03-19 14:53:37+00:00,6
AirPods,EU will force Apple to totally expose its iPhone features to all who ask,"The European Commission is forcing new rules on Apple — and only Apple — that will likely mean delaying or not releasing more iPhone software updates to the European Union, all in the name of interoperability with rivals.EU flags in Brussels — image credit: E…",2025-03-19 14:51:07+00:00,AppleInsider,https://appleinsider.com/articles/25/03/19/eu-will-force-apple-to-totally-expose-its-iphone-features-to-all-who-ask,"EU will force Apple to totally expose its iPhone features to all who ask The European Commission is forcing new rules on Apple — and only Apple — that will likely mean delaying or not releasing more iPhone software updates to the European Union, all in the name of interoperability with rivals.EU flags in Brussels — image credit: E…",force apple totally expose iphone features ask european commission forcing new rules apple apple likely mean delaying releasing iphone software updates european union interoperability rivalseu flags brussels image credit,2025-03-19 14:51:07+00:00,6
AirPods,"Loud Restaurants May Endanger Your Hearing: How Patrons, Workers and Managers Can Play It Safe",Exposure to loud settings can take a toll on your hearing over time. Here's how to protect your hearing health.,2025-03-19 14:00:00+00:00,CNET,https://www.cnet.com/health/medical/loud-restaurants-may-endanger-your-hearing-how-patrons-workers-and-managers-can-play-it-safe/,"Loud Restaurants May Endanger Your Hearing: How Patrons, Workers and Managers Can Play It Safe Exposure to loud settings can take a toll on your hearing over time. Here's how to protect your hearing health.",loud restaurants endanger hearing patrons workers managers play safe exposure loud settings toll hearing time heres protect hearing health,2025-03-19 14:00:00+00:00,4
AirPods,Pedro Pascal’s RuPaul-worthy dance moves in new Airpods ad break the internet: ‘Masterpiece’,"A new ad for Apple AirPods 4, directed by legendary filmmaker Spike Jonze and starring an all-dancing, all-vogueing Pedro Pascal, has fans losing it. The actor, best-known The Last of Us and The Mandalorian, featured in the clip for the Apple-brand earphones,…",2025-03-19 13:57:48+00:00,Thepinknews.com,https://www.thepinknews.com/2025/03/19/pedro-pascal-ad-airpods-4/,"Pedro Pascal’s RuPaul-worthy dance moves in new Airpods ad break the internet: ‘Masterpiece’ A new ad for Apple AirPods 4, directed by legendary filmmaker Spike Jonze and starring an all-dancing, all-vogueing Pedro Pascal, has fans losing it. The actor, best-known The Last of Us and The Mandalorian, featured in the clip for the Apple-brand earphones,…",pedro pascals rupaulworthy dance moves new airpods break internet masterpiece new apple airpods directed legendary filmmaker spike jonze starring alldancing allvogueing pedro pascal fans losing actor bestknown mandalorian featured clip applebrand earphones,2025-03-19 13:57:48+00:00,11
AirPods,UGREEN’s Uno 2-in-1 Qi2 MagSafe charging dock with adorable robot emoji status is back to $44 low (37% off),"Over at Amazon, you’ll find UGREEN’s official storefront offering Prime members its Uno 2-in-1 Qi2 wireless charging dock down at $43.99 shipped right now. This is regularly a $70 unit which is now going for $26 less. Today’s 37% discount at Amazon marks the …",2025-03-19 13:11:11+00:00,9to5Toys,http://9to5toys.com/2025/03/19/ugreen-uno-2-in-1-qi2-magsafe-charging-dock-back-to-low/,"UGREEN’s Uno 2-in-1 Qi2 MagSafe charging dock with adorable robot emoji status is back to $44 low (37% off) Over at Amazon, you’ll find UGREEN’s official storefront offering Prime members its Uno 2-in-1 Qi2 wireless charging dock down at $43.99 shipped right now. This is regularly a $70 unit which is now going for $26 less. Today’s 37% discount at Amazon marks the …",ugreens uno magsafe charging dock adorable robot emoji status low amazon youll ugreens official storefront offering prime members uno wireless charging dock shipped right regularly unit going todays discount amazon marks,2025-03-19 13:11:11+00:00,12
AirPods,A new AirPods 4 ad has Actor Pedro Pascal relying on Noise Cancellation to drown out City Traffic and Clatter,"Earlier this month, Patently Apple posted a report titled ""Samsung has purchased 18 U.S. Noise Cancellation Patents in an effort to play catch up with the quality of Apple's AirPods feature."" On that note, Apple though it was time to rub it in with a new AirP…",2025-03-19 12:55:29+00:00,Patently Apple,https://www.patentlyapple.com/2025/03/a-new-airpods-4-ad-has-actor-pedro-pascal-relying-on-noise-cancellation-to-drown-out-city-traffic-and-clatter.html,"A new AirPods 4 ad has Actor Pedro Pascal relying on Noise Cancellation to drown out City Traffic and Clatter Earlier this month, Patently Apple posted a report titled ""Samsung has purchased 18 U.S. Noise Cancellation Patents in an effort to play catch up with the quality of Apple's AirPods feature."" On that note, Apple though it was time to rub it in with a new AirP…",new airpods actor pedro pascal relying noise cancellation drown city traffic clatter earlier month patently apple posted report titled samsung purchased noise cancellation patents effort play catch quality apples airpods feature note apple time rub new airp,2025-03-19 12:55:29+00:00,11
AirPods,47 Super Handy Travel Products For Anyone Who Plans Their Life Around Their PTO Schedule,"Go ahead and fire off that, ""So I found a cheap flight to Lisbon"" text to the group chat.View Entire Post ›",2025-03-19 12:31:02+00:00,Buzzfeed,https://www.buzzfeed.com/elizabethlilly/handy-travel-products-plan-life-pto-schedule-an,"47 Super Handy Travel Products For Anyone Who Plans Their Life Around Their PTO Schedule Go ahead and fire off that, ""So I found a cheap flight to Lisbon"" text to the group chat.View Entire Post ›",super handy travel products plans life pto schedule ahead cheap flight lisbon text group chatview entire post,2025-03-19 12:31:02+00:00,-1
AirPods,"Apple Unveils “Someday” Short Film for AirPods 4, Starring Pedro Pascal","Apple has released a new short film to promote its AirPods 4 with Active Noise Cancellation. The film, titled ""Someday,"" is directed by Spike Jonze and stars Pedro Pascal. It was made public on March 18, 2025, and runs for over 5 and a half minutes.



The ad…",2025-03-19 11:45:16+00:00,The Mac Observer,https://www.macobserver.com/news/apple-unveils-someday-short-film-for-airpods-4-starring-pedro-pascal/,"Apple Unveils “Someday” Short Film for AirPods 4, Starring Pedro Pascal Apple has released a new short film to promote its AirPods 4 with Active Noise Cancellation. The film, titled ""Someday,"" is directed by Spike Jonze and stars Pedro Pascal. It was made public on March 18, 2025, and runs for over 5 and a half minutes.



The ad…",apple unveils someday short film airpods starring pedro pascal apple released new short film promote airpods active noise cancellation film titled someday directed spike jonze stars pedro pascal public march runs half minutes,2025-03-19 11:45:16+00:00,11
AirPods,Save 33% on the JBL Live Pro 2 with this limited-time sale at Amazon,"The casual JBL Live Pro 2 are 33% off at Amazon once again, but they won't stay at that discount for long.",2025-03-19 09:46:52+00:00,PhoneArena,https://www.phonearena.com/news/jbl-live-pro-2-limited-time-sale-amazon_id168633,"Save 33% on the JBL Live Pro 2 with this limited-time sale at Amazon The casual JBL Live Pro 2 are 33% off at Amazon once again, but they won't stay at that discount for long.",save jbl live pro limitedtime sale amazon casual jbl live pro amazon wont stay discount long,2025-03-19 09:46:52+00:00,1
AirPods,Dreamy Dance-Centric Ads - Apple and Spike Jonze Reimagine Heartbreak with the AirPods 4 Ad (TrendHunter.com),"(TrendHunter.com) Apple and Spike Jonze reunite for an unforgettable cinematic experience with Someday, a mesmerizing short film starring Pedro Pascal. Created to promote 'AirPods 4' with Active Noise Cancellation...",2025-03-19 08:18:04+00:00,Trendhunter.com,https://www.trendhunter.com/trends/apple-and-spike-jonze,"Dreamy Dance-Centric Ads - Apple and Spike Jonze Reimagine Heartbreak with the AirPods 4 Ad (TrendHunter.com) (TrendHunter.com) Apple and Spike Jonze reunite for an unforgettable cinematic experience with Someday, a mesmerizing short film starring Pedro Pascal. Created to promote 'AirPods 4' with Active Noise Cancellation...",dreamy dancecentric ads apple spike jonze reimagine heartbreak airpods trendhuntercom trendhuntercom apple spike jonze reunite unforgettable cinematic experience someday mesmerizing short film starring pedro pascal created promote airpods active noise cancellation,2025-03-19 08:18:04+00:00,11
AirPods,"Zepto Starts Quick Doorstep Delivery of iPhone, iPad and Other Apple Products in India","Zepto has partnered with Apple to offer doorstep delivery of Apple products in India. The quick product delivery firm announced its collaboration with the iPhone maker on Tuesday. With this partnership, buyers in select locations can order iPhone, iPad, Apple…",2025-03-19 07:15:20+00:00,Gadgets360.com,https://www.gadgets360.com/mobiles/news/zepto-apple-products-instant-deliver-india-iphone-ipad-watches-airpods-7957959,"Zepto Starts Quick Doorstep Delivery of iPhone, iPad and Other Apple Products in India Zepto has partnered with Apple to offer doorstep delivery of Apple products in India. The quick product delivery firm announced its collaboration with the iPhone maker on Tuesday. With this partnership, buyers in select locations can order iPhone, iPad, Apple…",zepto starts quick doorstep delivery iphone ipad apple products india zepto partnered apple offer doorstep delivery apple products india quick product delivery firm announced collaboration iphone maker tuesday partnership buyers select locations order iphone ipad apple,2025-03-19 07:15:20+00:00,5
AirPods,INIU 22.5W 10000mAh USB C Power Bank $16.49 + Delivery ($0 with Prime/ $59 Spend) @ INIU AU via Amazon AU,"Collect the 15% and 30% off coupons.

<ul>
<li>[From INIU - the SAFE Fast Charge Pro] Experience the safest charging with over 38 million global users. At INIU, we use only the highest-grade materials, so we do have the confidence to provide an industry-leadi…",2025-03-19 05:30:06+00:00,Ozbargain.com.au,https://www.ozbargain.com.au/node/898317,"INIU 22.5W 10000mAh USB C Power Bank $16.49 + Delivery ($0 with Prime/ $59 Spend) @ INIU AU via Amazon AU Collect the 15% and 30% off coupons.

<ul>
<li>[From INIU - the SAFE Fast Charge Pro] Experience the safest charging with over 38 million global users. At INIU, we use only the highest-grade materials, so we do have the confidence to provide an industry-leadi…",iniu mah usb power bank delivery prime spend iniu amazon collect coupons lifrom iniu safe fast charge pro experience safest charging million global users iniu use highestgrade materials confidence provide industryleadi,2025-03-19 05:30:06+00:00,12
AirPods,Foxconn to begin commercial production of Apple AirPods in Telangana from April,"Foxconn will start making Apple's AirPods at its new Telangana facility in April. The first phase of the plant is complete and will create over 13,000 jobs. The initial units will be shipped to the US and Europe before targeting the domestic market. This make…",2025-03-19 03:10:45+00:00,The Times of India,https://timesofindia.indiatimes.com/city/hyderabad/foxconn-to-begin-commercial-production-of-apple-airpods-in-telangana-from-april/articleshow/119188007.cms,"Foxconn to begin commercial production of Apple AirPods in Telangana from April Foxconn will start making Apple's AirPods at its new Telangana facility in April. The first phase of the plant is complete and will create over 13,000 jobs. The initial units will be shipped to the US and Europe before targeting the domestic market. This make…",foxconn begin commercial production apple airpods telangana april foxconn start making apples airpods new telangana facility april phase plant complete create jobs initial units shipped europe targeting domestic market make,2025-03-19 03:10:45+00:00,13
AirPods,Pedro Pascal cures his heartbreak thanks to AirPods 4 (and the power of dance) in this new ad,Apple’s new ad stars Pedro Pascal using AirPods 4 to cure his heartbreak.,2025-03-19 01:00:00+00:00,TechRadar,https://www.techradar.com/audio/earbuds-airpods/pedro-pascal-cures-his-heartbreak-thanks-to-airpods-4-and-the-power-of-dance-in-this-new-ad,Pedro Pascal cures his heartbreak thanks to AirPods 4 (and the power of dance) in this new ad Apple’s new ad stars Pedro Pascal using AirPods 4 to cure his heartbreak.,pedro pascal cures heartbreak thanks airpods power dance new apples new stars pedro pascal using airpods cure heartbreak,2025-03-19 01:00:00+00:00,11
AirPods,"Amazon Spring Sale 2025: Early deals from Apple, Bose, Sonos and others, plus everything we know so far","We're still a few months out from the big Amazon Prime Day that typically happens in July, but the online retail giant is having yet another big sale to usher in spring. The Amazon Spring Sale is officially on the books for 2025, starting on March 25 and runn…",2025-03-18 23:13:45+00:00,Slashdot.org,https://slashdot.org/firehose.pl?op=view&amp;id=176766025,"Amazon Spring Sale 2025: Early deals from Apple, Bose, Sonos and others, plus everything we know so far We're still a few months out from the big Amazon Prime Day that typically happens in July, but the online retail giant is having yet another big sale to usher in spring. The Amazon Spring Sale is officially on the books for 2025, starting on March 25 and runn…",amazon spring sale early deals apple bose sonos plus know far months big amazon prime day typically happens july online retail giant having big sale usher spring amazon spring sale officially books starting march runn,2025-03-18 23:13:45+00:00,14
AirPods,Watch: Spike Jonze's 'Someday' Apple AirPods Ad with Pedro Pascal,"""All around the world... you're perfect!""  Another new Spike Jonze film to dance along with! Apple has unveiled their exciting 5-minute music video / promo spot for their AirPods 4 (the 4th generation AirPods featuring Active Noise Cancellation - they're ac…",2025-03-18 22:45:00+00:00,First Showing,https://www.firstshowing.net/2025/watch-spike-jonzes-someday-apple-airpods-ad-with-pedro-pascal/,"Watch: Spike Jonze's 'Someday' Apple AirPods Ad with Pedro Pascal ""All around the world... you're perfect!""  Another new Spike Jonze film to dance along with! Apple has unveiled their exciting 5-minute music video / promo spot for their AirPods 4 (the 4th generation AirPods featuring Active Noise Cancellation - they're ac…",watch spike jonzes someday apple airpods pedro pascal world youre perfect new spike jonze film dance apple unveiled exciting minute music video promo spot airpods generation airpods featuring active noise cancellation theyre,2025-03-18 22:45:00+00:00,11
AirPods,New MagSafe Charger Firmware Version 2A146 Now Available,Apple has released new firmware for its 25W MagSafe charger. The charger is compatible with the iPhone 12 and later and the latest AirPods and Apple Watch models.Read More...,2025-03-18 22:26:35+00:00,Mactrast.com,https://www.mactrast.com/2025/03/new-magsafe-charger-firmware-version-2a146-now-available/,New MagSafe Charger Firmware Version 2A146 Now Available Apple has released new firmware for its 25W MagSafe charger. The charger is compatible with the iPhone 12 and later and the latest AirPods and Apple Watch models.Read More...,new magsafe charger firmware version available apple released new firmware magsafe charger charger compatible iphone later latest airpods apple watch modelsread,2025-03-18 22:26:35+00:00,12
AirPods,"Apple updates MagSafe Charger firmware, but no details are available","Apple has released a firmware update for the 25W MagSafe Charger for the iPhone 12 and later, but it's unclear what the update contains.",2025-03-18 22:00:51+00:00,Idownloadblog.com,https://www.idownloadblog.com/2025/03/18/magsafe-charger-firmware-update-build-number-2a146/,"Apple updates MagSafe Charger firmware, but no details are available Apple has released a firmware update for the 25W MagSafe Charger for the iPhone 12 and later, but it's unclear what the update contains.",apple updates magsafe charger firmware details available apple released firmware update magsafe charger iphone later unclear update contains,2025-03-18 22:00:51+00:00,12
AirPods,"Deals: EarPods Wired Headphones for $16, M3 iPad Air for $549, & More","While AirPods are wildly popular and completely wireless, there’s a growing movement of people who like to use more traditional wired headphones instead of wireless, whether it’s with their iPhone, iPad, or Mac. Many people even prefer the wired headphones ov…",2025-03-18 21:53:25+00:00,Osxdaily.com,https://osxdaily.com/2025/03/18/deals-earpods-wired-headphones-for-16-m3-ipad-air-for-549-more/,"Deals: EarPods Wired Headphones for $16, M3 iPad Air for $549, & More While AirPods are wildly popular and completely wireless, there’s a growing movement of people who like to use more traditional wired headphones instead of wireless, whether it’s with their iPhone, iPad, or Mac. Many people even prefer the wired headphones ov…",deals earpods wired headphones ipad air airpods wildly popular completely wireless theres growing movement people like use traditional wired headphones instead wireless iphone ipad mac people prefer wired headphones,2025-03-18 21:53:25+00:00,13
AirPods,"Pedro Pascal Is Dancing In A Wild Apple Commercial And Rizzing It Up In New Rom-Com Trailer, And Fans Can't Get Enough","Pedro Pascal is taking the internet by storm, and more than usual.",2025-03-18 21:04:31+00:00,CinemaBlend,https://www.cinemablend.com/movies/pedro-pascal-dancing-wild-apple-commercial-rizzing-new-rom-com-materialists-trailer-fans-cant-get-enough,"Pedro Pascal Is Dancing In A Wild Apple Commercial And Rizzing It Up In New Rom-Com Trailer, And Fans Can't Get Enough Pedro Pascal is taking the internet by storm, and more than usual.",pedro pascal dancing wild apple commercial rizzing new romcom trailer fans pedro pascal taking internet storm usual,2025-03-18 21:04:31+00:00,11
AirPods,How Auracast is helping the hard of hearing at Sydney’s iconic Opera House,The iconic Sydney Opera House brings Auracast tech to its venues to help those with hearing issues rediscover their love for live music.,2025-03-18 20:15:49+00:00,Digital Trends,https://www.digitaltrends.com/home-theater/how-auracast-is-helping-hard-of-hearing-at-sydney-opera-house/,How Auracast is helping the hard of hearing at Sydney’s iconic Opera House The iconic Sydney Opera House brings Auracast tech to its venues to help those with hearing issues rediscover their love for live music.,auracast helping hard hearing sydneys iconic opera house iconic sydney opera house brings auracast tech venues help hearing issues rediscover love live music,2025-03-18 20:15:49+00:00,-1
AirPods,Apple releases new firmware for 25W MagSafe Charger,"Apple has rolled out a firmware update for the 25W MagSafe Charger, which works with iPhone 12 and newer models, as well as the…
The post Apple releases new firmware for 25W MagSafe Charger appeared first on MacDailyNews.",2025-03-18 20:01:58+00:00,Macdailynews.com,https://macdailynews.com/2025/03/18/apple-releases-new-firmware-for-25w-magsafe-charger/,"Apple releases new firmware for 25W MagSafe Charger Apple has rolled out a firmware update for the 25W MagSafe Charger, which works with iPhone 12 and newer models, as well as the…
The post Apple releases new firmware for 25W MagSafe Charger appeared first on MacDailyNews.",apple releases new firmware magsafe charger apple rolled firmware update magsafe charger works iphone newer models post apple releases new firmware magsafe charger appeared macdailynews,2025-03-18 20:01:58+00:00,12
AirPods,The 25+ best early Amazon Spring Sale headphone deals,"Amazon's Big Spring Sale returns next week, but there are plenty of headphones and earbuds already on sale from brands like Beats, Sony, Bose, and more.",2025-03-18 19:59:00+00:00,ZDNet,https://www.zdnet.com/article/the-best-amazon-spring-sale-headphone-deals-2025/,"The 25+ best early Amazon Spring Sale headphone deals Amazon's Big Spring Sale returns next week, but there are plenty of headphones and earbuds already on sale from brands like Beats, Sony, Bose, and more.",best early amazon spring sale headphone deals amazons big spring sale returns week plenty headphones earbuds sale brands like beats sony bose,2025-03-18 19:59:00+00:00,13
AirPods,Snag The Season's Best Deals on Apple Products Ahead of Amazon's Big Spring Sale,"Amazon's Big Spring Sale is here again with another year of Apple discounts. Save on iPads, AirPods, MacBooks, and the Apple Watch.",2025-03-18 19:29:00+00:00,esquire.com,https://www.esquire.com/lifestyle/a64219049/amazon-spring-sale-apple-deals-2025/,"Snag The Season's Best Deals on Apple Products Ahead of Amazon's Big Spring Sale Amazon's Big Spring Sale is here again with another year of Apple discounts. Save on iPads, AirPods, MacBooks, and the Apple Watch.",snag seasons best deals apple products ahead amazons big spring sale amazons big spring sale year apple discounts save ipads airpods macbooks apple watch,2025-03-18 19:29:00+00:00,14
AirPods,Apple Stealthily Starts Selling an iPhone Accessory Unlike Anything Else,Apple quietly added a uniquely-designed wireless charger to its online store. I've never seen anything quite like it.,2025-03-18 19:28:55+00:00,Gear Patrol,https://www.gearpatrol.com/tech/apple-zens-quattro-wireless-charger-pro-4/,Apple Stealthily Starts Selling an iPhone Accessory Unlike Anything Else Apple quietly added a uniquely-designed wireless charger to its online store. I've never seen anything quite like it.,apple stealthily starts selling iphone accessory unlike apple quietly added uniquelydesigned wireless charger online store ive seen quite like,2025-03-18 19:28:55+00:00,6
AirPods,Tired of restless nights? These sleep earbuds can help you doze off and they're 20% off,"Soundcore's Sleep A20 earbuds offer a comfortable design perfect for side sleepers. Over at Amazon, the devices have been newly discounted.",2025-03-18 19:02:00+00:00,ZDNet,https://www.zdnet.com/article/tired-of-restless-nights-these-sleep-earbuds-can-help-you-doze-off-and-theyre-20-off/,"Tired of restless nights? These sleep earbuds can help you doze off and they're 20% off Soundcore's Sleep A20 earbuds offer a comfortable design perfect for side sleepers. Over at Amazon, the devices have been newly discounted.",tired restless nights sleep earbuds help doze theyre soundcores sleep earbuds offer comfortable design perfect sleepers amazon devices newly discounted,2025-03-18 19:02:00+00:00,13
AirPods,The AirPods Pro 2 is $51 Off,"The AirPods Pro 2 is an excellent hearing device with the addition of the Hearing Aid feature. Today, it’s down to just $199.99 from its original price of $250 on Amazon. The Pro-level AirPods boasts the first hearing health experience and has the Hearing Pro…",2025-03-18 18:36:58+00:00,iLounge,https://www.ilounge.com/news/airpods-pro/the-airpods-pro-2-51-off,"The AirPods Pro 2 is $51 Off The AirPods Pro 2 is an excellent hearing device with the addition of the Hearing Aid feature. Today, it’s down to just $199.99 from its original price of $250 on Amazon. The Pro-level AirPods boasts the first hearing health experience and has the Hearing Pro…",airpods pro airpods pro excellent hearing device addition hearing aid feature today just original price amazon prolevel airpods boasts hearing health experience hearing pro,2025-03-18 18:36:58+00:00,13
AirPods,Apple Releases New MagSafe Charger Firmware,"Apple today released a firmware update for the 25W MagSafe Charger that is compatible with the iPhone 12 and later and the latest AirPods and Apple Watch models. The updated firmware is version 2A146, up from the 2A143 firmware that came out earlier this year…",2025-03-18 18:33:32+00:00,MacRumors,https://www.macrumors.com/2025/03/18/magsafe-charger-firmware-update-march-2025/,"Apple Releases New MagSafe Charger Firmware Apple today released a firmware update for the 25W MagSafe Charger that is compatible with the iPhone 12 and later and the latest AirPods and Apple Watch models. The updated firmware is version 2A146, up from the 2A143 firmware that came out earlier this year…",apple releases new magsafe charger firmware apple today released firmware update magsafe charger compatible iphone later latest airpods apple watch models updated firmware version firmware came earlier year,2025-03-18 18:33:32+00:00,12
AirPods,Beats Fit Pro vs. AirPods Pro 2: Which Apple earbuds offer better value in 2025?,"I’ve always admired folks who hunt for the perfect gear. Not rebels, just smart shoppers. They skip the hype and focus on what fits their vibe. Sure, grabbing Apple’s flagship wireless earbuds, the AirPods Pro 2, feels tempting. Everyone’s got..",2025-03-18 18:17:38+00:00,Gadget Flow,https://thegadgetflow.com/blog/beats-fit-pro-vs-airpods-pro-2/,"Beats Fit Pro vs. AirPods Pro 2: Which Apple earbuds offer better value in 2025? I’ve always admired folks who hunt for the perfect gear. Not rebels, just smart shoppers. They skip the hype and focus on what fits their vibe. Sure, grabbing Apple’s flagship wireless earbuds, the AirPods Pro 2, feels tempting. Everyone’s got..",beats fit pro airpods pro apple earbuds offer better value ive admired folks hunt perfect gear rebels just smart shoppers skip hype focus fits vibe sure grabbing apples flagship wireless earbuds airpods pro feels tempting everyones got,2025-03-18 18:17:38+00:00,13
AirPods,This AirPods change in iOS 18 might save you from constantly switching noise modes,"Adaptive Audio originally shipped for only, but has since expanded to AirPods 4 too. Apple built the feature to be a contender for default noise mode for users. But did you know you can customize Adaptive Audio to better suit your needs? Here’s how an iOS 18 …",2025-03-18 18:17:36+00:00,9to5Mac,https://9to5mac.com/2025/03/18/this-airpods-change-in-ios-18-might-save-you-from-constantly-switching-noise-modes/,"This AirPods change in iOS 18 might save you from constantly switching noise modes Adaptive Audio originally shipped for only, but has since expanded to AirPods 4 too. Apple built the feature to be a contender for default noise mode for users. But did you know you can customize Adaptive Audio to better suit your needs? Here’s how an iOS 18 …",airpods change ios save constantly switching noise modes adaptive audio originally shipped expanded airpods apple built feature contender default noise mode users did know customize adaptive audio better suit needs heres ios,2025-03-18 18:17:36+00:00,13
AirPods,iOS 19 Wishlist: The Features Apple Fans Are Begging For,"We're still over two months away from the first look at iOS 19, but the excitement is already building! Speculation is swirling that this could be the biggest iOS revamp in years. With such high expectations, Apple could finally deliver the long-awaited featu…",2025-03-18 18:14:00+00:00,The Mac Observer,https://www.macobserver.com/tips/round-ups/ios-19-wishlist-the-features-apple-fans-are-begging-for/,"iOS 19 Wishlist: The Features Apple Fans Are Begging For We're still over two months away from the first look at iOS 19, but the excitement is already building! Speculation is swirling that this could be the biggest iOS revamp in years. With such high expectations, Apple could finally deliver the long-awaited featu…",ios wishlist features apple fans begging months away look ios excitement building speculation swirling biggest ios revamp years high expectations apple finally deliver longawaited featu,2025-03-18 18:14:00+00:00,0
AirPods,Apple Secretly Working on AirPod Feature That Translates Speech in Real-Time,"It's late to the party, but behind the scenes, Apple is secretly working on a new feature for its AirPods that could translate face-to-face conversations in real-time, Bloomberg reports.  The live translation tech will be tied to iOS 19, Apple's upcoming upda…",2025-03-18 18:12:01+00:00,Futurism,https://futurism.com/apple-airpod-translates-real-time,"Apple Secretly Working on AirPod Feature That Translates Speech in Real-Time It's late to the party, but behind the scenes, Apple is secretly working on a new feature for its AirPods that could translate face-to-face conversations in real-time, Bloomberg reports.  The live translation tech will be tied to iOS 19, Apple's upcoming upda…",apple secretly working airpod feature translates speech realtime late party scenes apple secretly working new feature airpods translate facetoface conversations realtime bloomberg reports live translation tech tied ios apples upcoming upda,2025-03-18 18:12:01+00:00,13
AirPods,Get the AirPods 4 for Only $15!,"Apple’s latest ad shows the AirPods 4 in action, and now you have a chance to buy them at a discounted price. Today, the AirPods 4 (without ANC) is down to just $115 from its original price of $130 on Amazon. The latest AirPods have all the things you’d want …",2025-03-18 17:48:31+00:00,iLounge,https://www.ilounge.com/news/get-the-airpods-4-for-only-15,"Get the AirPods 4 for Only $15! Apple’s latest ad shows the AirPods 4 in action, and now you have a chance to buy them at a discounted price. Today, the AirPods 4 (without ANC) is down to just $115 from its original price of $130 on Amazon. The latest AirPods have all the things you’d want …",airpods apples latest shows airpods action chance buy discounted price today airpods anc just original price amazon latest airpods things youd want,2025-03-18 17:48:31+00:00,13
AirPods,India set to begin AirPods production in April,"Foxconn is set to begin production of the AirPods in Hyderabad, India, according to the Press Trust of India. The report mentioned that Foxconn is gearing up for AirPods assembly in the country, although it did not say which AirPods model specifically. The Ap…",2025-03-18 17:42:55+00:00,iLounge,https://www.ilounge.com/news/india-set-to-begin-airpods-production-in-april,"India set to begin AirPods production in April Foxconn is set to begin production of the AirPods in Hyderabad, India, according to the Press Trust of India. The report mentioned that Foxconn is gearing up for AirPods assembly in the country, although it did not say which AirPods model specifically. The Ap…",india set begin airpods production april foxconn set begin production airpods hyderabad india according press trust india report mentioned foxconn gearing airpods assembly country did say airpods model specifically,2025-03-18 17:42:55+00:00,13
AirPods,"Apple promotes new ‘Someday, by Spike Jonze’ AirPods 4 Video","Apple’s newest video ad highlights the AirPods 4 and its features. ‘Someday, by Spike Jonze / AirPods 4 with Active Noise Cancellation’ stars Pedro Pascal and is 36 seconds in length. The video shows the actor walking through a snowy field and then a normal s…",2025-03-18 17:38:26+00:00,iLounge,https://www.ilounge.com/news/apple/apple-promotes-new-someday-by-spike-jonze-airpods-4-video,"Apple promotes new ‘Someday, by Spike Jonze’ AirPods 4 Video Apple’s newest video ad highlights the AirPods 4 and its features. ‘Someday, by Spike Jonze / AirPods 4 with Active Noise Cancellation’ stars Pedro Pascal and is 36 seconds in length. The video shows the actor walking through a snowy field and then a normal s…",apple promotes new someday spike jonze airpods video apples newest video highlights airpods features someday spike jonze airpods active noise cancellation stars pedro pascal seconds length video shows actor walking snowy field normal,2025-03-18 17:38:26+00:00,11
AirPods,The future of search isn’t Google — and it’s $10 a month,"I donât remember when I started using Google. Google justâ¦ is. Itâs the verb for internet search, it commands 10 times the market share of all its competitors combined, and it is responsible for routing a huge amount of the internetâs traffic. Almost …",2025-03-18 17:23:02+00:00,The Verge,https://www.theverge.com/web/631636/kagi-review-best-search-engine,"The future of search isn’t Google — and it’s $10 a month I donât remember when I started using Google. Google justâ¦ is. Itâs the verb for internet search, it commands 10 times the market share of all its competitors combined, and it is responsible for routing a huge amount of the internetâs traffic. Almost …",future search isnt google month dont remember started using google google just verb internet search commands times market share competitors combined responsible routing huge internets traffic,2025-03-18 17:23:02+00:00,2
AirPods,I tested the Oura Ring 4 for months — here are my thoughts,"The Oura Ring 4 is sleeker than ever, and is still an excellent sleep and wellness tracker. But is it right for you? Here’s what we learned after months of testing.",2025-03-18 16:59:07+00:00,NBC News,https://www.nbcnews.com/select/shopping/oura-ring-4-review-rcna196889,"I tested the Oura Ring 4 for months — here are my thoughts The Oura Ring 4 is sleeker than ever, and is still an excellent sleep and wellness tracker. But is it right for you? Here’s what we learned after months of testing.",tested oura ring months thoughts oura ring sleeker excellent sleep wellness tracker right heres learned months testing,2025-03-18 16:59:07+00:00,10
AirPods,"9to5Mac Daily: March 18, 2025 – AirPods Pro upgrades, more","Listen to a recap of the top stories of the day from 9to5Mac. 9to5Mac Daily is available on iTunes and Apple’s Podcasts app, Stitcher, TuneIn, Google Play, or through our dedicated RSS feed for Overcast and other podcast players.



Sponsored by CardPointers:…",2025-03-18 16:51:45+00:00,9to5Mac,https://9to5mac.com/2025/03/18/daily-march-18-2025/,"9to5Mac Daily: March 18, 2025 – AirPods Pro upgrades, more Listen to a recap of the top stories of the day from 9to5Mac. 9to5Mac Daily is available on iTunes and Apple’s Podcasts app, Stitcher, TuneIn, Google Play, or through our dedicated RSS feed for Overcast and other podcast players.



Sponsored by CardPointers:…",tomac daily march airpods pro upgrades listen recap stories day tomac tomac daily available itunes apples podcasts app stitcher tunein google play dedicated rss feed overcast podcast players sponsored cardpointers,2025-03-18 16:51:45+00:00,-1
AirPods,Apple Still Working to Expand AirPods Hearing Aid Feature to Canada,"While the AirPods hearing aid and hearing test features received Health Canada approval at the federal level in December, the features are not yet available in Canada. According to reports from CTV News and the Toronto Star this month, the features have yet t…",2025-03-18 16:41:43+00:00,MacRumors,https://www.macrumors.com/2025/03/18/airpods-hearing-aid-feature-canada-update/,"Apple Still Working to Expand AirPods Hearing Aid Feature to Canada While the AirPods hearing aid and hearing test features received Health Canada approval at the federal level in December, the features are not yet available in Canada. According to reports from CTV News and the Toronto Star this month, the features have yet t…",apple working expand airpods hearing aid feature canada airpods hearing aid hearing test features received health canada approval federal level december features available canada according reports ctv news toronto star month features,2025-03-18 16:41:43+00:00,13
AirPods,60k shoppers bought this electric toothbrush last month –– get yours for 20% off,Smile! This Aquasonic is on sale now!,2025-03-18 16:34:18+00:00,New York Post,https://nypost.com/2025/03/18/shopping/aquasonic-black-series-ultra-whitening-toothbrush-is-20-off/,60k shoppers bought this electric toothbrush last month –– get yours for 20% off Smile! This Aquasonic is on sale now!,shoppers bought electric toothbrush month smile aquasonic sale,2025-03-18 16:34:18+00:00,14
AirPods,"This Fire TV is a surprise hit with NYP readers, and it’s 42% off on Amazon",Stream and save ahead of Amazon's Big Spring Sale!,2025-03-18 16:26:03+00:00,New York Post,https://nypost.com/2025/03/18/shopping/insignia-32-class-f20-series-smart-hd-fire-tv-is-42-off-on-amazon/,"This Fire TV is a surprise hit with NYP readers, and it’s 42% off on Amazon Stream and save ahead of Amazon's Big Spring Sale!",surprise hit nyp readers amazon stream save ahead amazons big spring sale,2025-03-18 16:26:03+00:00,14
AirPods,Pedro Pascal stars in new Apple AirPods short film directed by Spike Jonze,"Apple has once more enlisted a Hollywood heavyweight to promote its products — this time tapping Pedro Pascal, who plays a heartbroken…
The post Pedro Pascal stars in new Apple AirPods short film directed by Spike Jonze appeared first on MacDailyNews.",2025-03-18 16:09:18+00:00,Macdailynews.com,https://macdailynews.com/2025/03/18/pedro-pascal-stars-in-new-apple-airpods-short-film-directed-by-spike-jonze/,"Pedro Pascal stars in new Apple AirPods short film directed by Spike Jonze Apple has once more enlisted a Hollywood heavyweight to promote its products — this time tapping Pedro Pascal, who plays a heartbroken…
The post Pedro Pascal stars in new Apple AirPods short film directed by Spike Jonze appeared first on MacDailyNews.",pedro pascal stars new apple airpods short film directed spike jonze apple enlisted hollywood heavyweight promote products time tapping pedro pascal plays heartbroken post pedro pascal stars new apple airpods short film directed spike jonze appeared macdailynews,2025-03-18 16:09:18+00:00,11
AirPods,Spike Jonze made an Apple movie starring AirPods 4 and Pedro Pascal,"Macworld







Apple on Tuesday released Someday, a short film directed by Spike Jonze that promotes the AirPods 4 with Active Noise Cancellation. In the film, Pedro Pascal stars as the main character who has his heart broken but the magical effects of the …",2025-03-18 15:44:32+00:00,Macworld,https://www.macworld.com/article/2641073/spike-jonze-made-an-apple-movie-starring-airpods-4-and-pedro-pascal.html,"Spike Jonze made an Apple movie starring AirPods 4 and Pedro Pascal Macworld







Apple on Tuesday released Someday, a short film directed by Spike Jonze that promotes the AirPods 4 with Active Noise Cancellation. In the film, Pedro Pascal stars as the main character who has his heart broken but the magical effects of the …",spike jonze apple movie starring airpods pedro pascal macworld apple tuesday released someday short film directed spike jonze promotes airpods active noise cancellation film pedro pascal stars main character heart broken magical effects,2025-03-18 15:44:32+00:00,11
AirPods,"Pedro Pascal Shows Off His Moves in Colorful Spike Jonze, Apple Ad","Whether you're going into the second season of HBO and Showrunners and EPs Craig Mazin and Neil Druckmann's Pedro Pascal and Bella Ramsey-starring The Last of Us cold or you have a pretty good idea what's to come, we can all safely say that Season 2 doesn't l…",2025-03-18 15:02:07+00:00,Bleeding Cool News,https://bleedingcool.com/tv/pedro-pascal-shows-off-his-moves-in-colorful-spike-jonze-apple-ad/,"Pedro Pascal Shows Off His Moves in Colorful Spike Jonze, Apple Ad Whether you're going into the second season of HBO and Showrunners and EPs Craig Mazin and Neil Druckmann's Pedro Pascal and Bella Ramsey-starring The Last of Us cold or you have a pretty good idea what's to come, we can all safely say that Season 2 doesn't l…",pedro pascal shows moves colorful spike jonze apple youre going second season hbo showrunners eps craig mazin neil druckmanns pedro pascal bella ramseystarring cold pretty good idea whats come safely say season doesnt,2025-03-18 15:02:07+00:00,11
AirPods,Lowest Price so Far! Apple Watch Series 7 [GPS + Cellular 45mm] just $219.99 (Reg. $400) at WOOT!,"Check out this awesome deal at WOOT! Hurry this will sell out! Get this  Apple Watch Series 7 [GPS + Cellular 45mm] just $219.99 at WOOT! Free standard shipping for Prime members The largest, most advanced Always-on Retina display yet makes everything you do …",2025-03-18 15:00:44+00:00,Livingrichwithcoupons.com,https://www.livingrichwithcoupons.com/2025/03/lowest-price-so-far-apple-watch-series-7-gps-cellular-45mm-just-219-99-reg-400-at-woot.html,"Lowest Price so Far! Apple Watch Series 7 [GPS + Cellular 45mm] just $219.99 (Reg. $400) at WOOT! Check out this awesome deal at WOOT! Hurry this will sell out! Get this  Apple Watch Series 7 [GPS + Cellular 45mm] just $219.99 at WOOT! Free standard shipping for Prime members The largest, most advanced Always-on Retina display yet makes everything you do …",lowest price far apple watch series gps cellular just reg woot check awesome deal woot hurry sell apple watch series gps cellular just woot free standard shipping prime members largest advanced alwayson retina display makes,2025-03-18 15:00:44+00:00,5
AirPods,AirPods 4 help Pedro Pascal beat deep freeze in Spike Jonze’s Someday [Video],"The new Spike Jonze short film ""Someday,"" starring Pedro Pascal, is an evocative ad for AirPods 4 with noise cancellation. Have a look.
(via Cult of Mac - Apple news, rumors, reviews and how-tos)",2025-03-18 14:45:33+00:00,Cult of Mac,https://www.cultofmac.com/news/spike-jonze-short-film-someday,"AirPods 4 help Pedro Pascal beat deep freeze in Spike Jonze’s Someday [Video] The new Spike Jonze short film ""Someday,"" starring Pedro Pascal, is an evocative ad for AirPods 4 with noise cancellation. Have a look.
(via Cult of Mac - Apple news, rumors, reviews and how-tos)",airpods help pedro pascal beat deep freeze spike jonzes someday video new spike jonze short film someday starring pedro pascal evocative airpods noise cancellation look cult mac apple news rumors reviews howtos,2025-03-18 14:45:33+00:00,11
AirPods,Pedro Pascal Is a Heartsick Mess Until Apple’s AirPods Help Him Dance Into a Brighter World in New Ad,"Apple has again turned to Hollywood A-listers to pitch its wares — this time, it’s Pedro Pascal, whose heartbroken character finds his dance grove thanks to the tech giant’s noise-cancelling earbuds. The new commercial starring Pascal is directed by filmmaker…",2025-03-18 14:22:11+00:00,Variety,https://variety.com/2025/digital/news/pedro-pascal-apple-airpod-ad-spike-jonze-1236340326/,"Pedro Pascal Is a Heartsick Mess Until Apple’s AirPods Help Him Dance Into a Brighter World in New Ad Apple has again turned to Hollywood A-listers to pitch its wares — this time, it’s Pedro Pascal, whose heartbroken character finds his dance grove thanks to the tech giant’s noise-cancelling earbuds. The new commercial starring Pascal is directed by filmmaker…",pedro pascal heartsick mess apples airpods help dance brighter world new apple turned hollywood alisters pitch wares time pedro pascal heartbroken character finds dance grove thanks tech giants noisecancelling earbuds new commercial starring pascal directed filmmaker,2025-03-18 14:22:11+00:00,11
AirPods,Spike Jonze pushes AirPods 4 in very long short film starring Pedro Pascal,"Director Spike Jonze has made a beautiful film about AirPods 4 with Active Noise Cancellation, starring Pedro Pascal, but you'll be bored long before it's over.Heartbroken Pedro Pascal is looking at a happy version of himself, though they're both wearing AirP…",2025-03-18 12:41:34+00:00,AppleInsider,https://appleinsider.com/articles/25/03/18/spike-jonze-pushes-airpods-4-in-very-long-short-film-starring-pedro-pascal,"Spike Jonze pushes AirPods 4 in very long short film starring Pedro Pascal Director Spike Jonze has made a beautiful film about AirPods 4 with Active Noise Cancellation, starring Pedro Pascal, but you'll be bored long before it's over.Heartbroken Pedro Pascal is looking at a happy version of himself, though they're both wearing AirP…",spike jonze pushes airpods long short film starring pedro pascal director spike jonze beautiful film airpods active noise cancellation starring pedro pascal youll bored long overheartbroken pedro pascal looking happy version theyre wearing airp,2025-03-18 12:41:34+00:00,11
AirPods,"Apple Releases ‘Someday’ Short Film Directed By Spike Jonze, Co-Starring Pedro Pascal and AirPods 4","Apple has debuted ""Someday,"" a new short YouTube film advertising AirPods 4 with Active Noise Cancellation, directed by Spike Jonze and starring ""Narcos"" star Pedro PascalRead More...",2025-03-18 12:37:10+00:00,Mactrast.com,https://www.mactrast.com/2025/03/apple-releases-someday-short-film-directed-by-spike-jonze-starring-pedro-pascal-with-airpods-4/,"Apple Releases ‘Someday’ Short Film Directed By Spike Jonze, Co-Starring Pedro Pascal and AirPods 4 Apple has debuted ""Someday,"" a new short YouTube film advertising AirPods 4 with Active Noise Cancellation, directed by Spike Jonze and starring ""Narcos"" star Pedro PascalRead More...",apple releases someday short film directed spike jonze costarring pedro pascal airpods apple debuted someday new short youtube film advertising airpods active noise cancellation directed spike jonze starring narcos star pedro pascalread,2025-03-18 12:37:10+00:00,11
AirPods,‘Someday’: Spike Jonze & Pedro Pascal Team-Up In Breakup Short Film For New Apple Ad,"After a previous tease from actor Pedro Pascal (“The Last of Us”) on Instagram that he was cooking something up with filmmaker Spike Jonze (“Her,” “Where The Wild Things Are”) that project has been revealed as a short film for Apple called “Someday” and you c…",2025-03-18 11:40:31+00:00,Theplaylist.net,https://theplaylist.net/apple-short-film-someday-spike-jonze-pedro-pascal-20250318/,"‘Someday’: Spike Jonze & Pedro Pascal Team-Up In Breakup Short Film For New Apple Ad After a previous tease from actor Pedro Pascal (“The Last of Us”) on Instagram that he was cooking something up with filmmaker Spike Jonze (“Her,” “Where The Wild Things Are”) that project has been revealed as a short film for Apple called “Someday” and you c…",someday spike jonze pedro pascal teamup breakup short film new apple previous tease actor pedro pascal instagram cooking filmmaker spike jonze wild things project revealed short film apple called someday,2025-03-18 11:40:31+00:00,11
AirPods,Apple Debuts Short Film Starring Pedro Pascal With AirPods 4,"Apple has debuted ""Someday,"" a short YouTube film by Spike Jonze that serves as a 5+ minute ad for AirPods 4 with Active Noise Cancelation. 






The film stars actor Pedro Pascal, best known as the character Joel Miller in the HBO post-apocalyptic drama se…",2025-03-18 11:18:25+00:00,MacRumors,https://www.macrumors.com/2025/03/18/apple-debuts-spike-jonze-film-airpods-4/,"Apple Debuts Short Film Starring Pedro Pascal With AirPods 4 Apple has debuted ""Someday,"" a short YouTube film by Spike Jonze that serves as a 5+ minute ad for AirPods 4 with Active Noise Cancelation. 






The film stars actor Pedro Pascal, best known as the character Joel Miller in the HBO post-apocalyptic drama se…",apple debuts short film starring pedro pascal airpods apple debuted someday short youtube film spike jonze serves minute airpods active noise cancelation film stars actor pedro pascal best known character joel miller hbo postapocalyptic drama,2025-03-18 11:18:25+00:00,11
AirPods,"Spike Jonze AirPods 4 short film now online, starring Pedro Pascal","Apple yesterday teased a new Spike Jonze short film starring Pedro Pascal, as a creative way to show off the benefits of the Active Noise Cancellation feature on AirPods 4.



The film – just over five-and-a-half minutes long and titled Someday – is now avail…",2025-03-18 11:07:16+00:00,9to5Mac,https://9to5mac.com/2025/03/18/spike-jonze-airpods-4-short-film-now-online-starring-pedro-pascal/,"Spike Jonze AirPods 4 short film now online, starring Pedro Pascal Apple yesterday teased a new Spike Jonze short film starring Pedro Pascal, as a creative way to show off the benefits of the Active Noise Cancellation feature on AirPods 4.



The film – just over five-and-a-half minutes long and titled Someday – is now avail…",spike jonze airpods short film online starring pedro pascal apple yesterday teased new spike jonze short film starring pedro pascal creative way benefits active noise cancellation feature airpods film just fiveandahalf minutes long titled someday avail,2025-03-18 11:07:16+00:00,11
AirPods,I’ve ditched the Pixel Buds A for a new pair of workout earbuds made by Apple,"With a secure fit, powerful sound, and long battery life, the Powerbeats Pro 2 have quickly become my favorite workout earbuds, even as an Android user.",2025-03-18 11:00:32+00:00,Android Authority,https://www.androidauthority.com/best-workout-headphones-android-apple-3533856/,"I’ve ditched the Pixel Buds A for a new pair of workout earbuds made by Apple With a secure fit, powerful sound, and long battery life, the Powerbeats Pro 2 have quickly become my favorite workout earbuds, even as an Android user.",ive ditched pixel buds new pair workout earbuds apple secure fit powerful sound long battery life powerbeats pro quickly favorite workout earbuds android user,2025-03-18 11:00:32+00:00,13
AirPods,Ad of the Day: Spike Jonze directs Pedro Pascal’s heartbreak in Apple film,"The cinematic short sees the actor’s character navigate the emotional journey of moving on after a breakup.In a lengthy five-and-a-half-minute ad, Apple is promoting its new AirPods 4 and the noise canceling function. The contrasting spot begins in a cold, ic…",2025-03-18 10:20:00+00:00,The Drum,https://www.thedrum.com/news/2025/03/18/ad-the-day-spike-jonze-directs-pedro-pascal-s-heartbreak-apple-film,"Ad of the Day: Spike Jonze directs Pedro Pascal’s heartbreak in Apple film The cinematic short sees the actor’s character navigate the emotional journey of moving on after a breakup.In a lengthy five-and-a-half-minute ad, Apple is promoting its new AirPods 4 and the noise canceling function. The contrasting spot begins in a cold, ic…",day spike jonze directs pedro pascals heartbreak apple film cinematic short sees actors character navigate emotional journey moving breakupin lengthy fiveandahalfminute apple promoting new airpods noise canceling function contrasting spot begins cold,2025-03-18 10:20:00+00:00,11
AirPods,Pedro Pascal Dances Through the Pain in Apple’s Cinematic Ad From Spike Jonze,"If Pedro Pascal is sad, the whole world is sad. And dreary, and frigid, and hopeless. But the beloved internet daddy doesn't stay blue for long, according to a new Apple ad that starts with him grieving over a romantic breakup but snapping out of his melancho…",2025-03-18 10:00:00+00:00,Adweek,https://www.adweek.com/brand-marketing/pedro-pascal-dances-apple-ad-spike-jonze/,"Pedro Pascal Dances Through the Pain in Apple’s Cinematic Ad From Spike Jonze If Pedro Pascal is sad, the whole world is sad. And dreary, and frigid, and hopeless. But the beloved internet daddy doesn't stay blue for long, according to a new Apple ad that starts with him grieving over a romantic breakup but snapping out of his melancho…",pedro pascal dances pain apples cinematic spike jonze pedro pascal sad world sad dreary frigid hopeless beloved internet daddy doesnt stay blue long according new apple starts grieving romantic breakup snapping melancho,2025-03-18 10:00:00+00:00,11
AirPods,Apple AirPods Max with USB-C charging are back on sale for $480,"It's not quite a record low price for these headphones. We've seen them drop to $450. But this is still a solid deal on the AirPods Max, especially if you've been waiting for a solid discount. It's also worth noting that this is the updated model with USB-C c…",2025-03-18 08:29:15+00:00,Madshrimps.be,http://www.madshrimps.be/news/item/237712,"Apple AirPods Max with USB-C charging are back on sale for $480 It's not quite a record low price for these headphones. We've seen them drop to $450. But this is still a solid deal on the AirPods Max, especially if you've been waiting for a solid discount. It's also worth noting that this is the updated model with USB-C c…",apple airpods max usbc charging sale quite record low price headphones weve seen drop solid deal airpods max especially youve waiting solid discount worth noting updated model usbc,2025-03-18 08:29:15+00:00,13
AirPods,iOS 18.4 Beta 4: Unexpected Changes Revealed !,"Apple has released iOS 18.4 Beta 4, bringing a combination of performance improvements, bug fixes, and subtle feature updates. While this version doesn’t introduce major overhauls, it focuses on enhancing the overall user experience and addressing known issue…",2025-03-18 08:00:16+00:00,Geeky Gadgets,https://www.geeky-gadgets.com/ios-18-4-beta-4/,"iOS 18.4 Beta 4: Unexpected Changes Revealed ! Apple has released iOS 18.4 Beta 4, bringing a combination of performance improvements, bug fixes, and subtle feature updates. While this version doesn’t introduce major overhauls, it focuses on enhancing the overall user experience and addressing known issue…",ios beta unexpected changes revealed apple released ios beta bringing combination performance improvements bug fixes subtle feature updates version doesnt introduce major overhauls focuses enhancing overall user experience addressing known issue,2025-03-18 08:00:16+00:00,0
Apple M1 Chip,Get the brand-new M3 iPad Air for $50 off with first major discount,"Macworld







The brand-new iPad Air M3 is already on sale even though it’s only been out for a week. You can get the 11-inch model for $549 right now at Amazon, a savings of $50 off Apple’s MSRP.




We’ve said it before and we’ll say it again — this is …",2025-03-19 16:13:05+00:00,Macworld,https://www.macworld.com/article/2642488/get-the-brand-new-m3-ipad-air-for-50-off-with-first-major-discount.html,"Get the brand-new M3 iPad Air for $50 off with first major discount Macworld







The brand-new iPad Air M3 is already on sale even though it’s only been out for a week. You can get the 11-inch model for $549 right now at Amazon, a savings of $50 off Apple’s MSRP.




We’ve said it before and we’ll say it again — this is …",brandnew ipad air major discount macworld brandnew ipad air sale week inch model right amazon savings apples msrp weve said say,2025-03-19 16:13:05+00:00,5
Apple M1 Chip,"2025 iPad 11 review: Incredibly minor improvements, not enough for Apple Intelligence","Apple's latest update to the entry-level iPad doesn't add much, sits in a strange spot in the lineup, and is not powerful to join the company's Apple Intelligence push.2025 iPad 11 review: A new entry-level tabletThe entry-level iPad has always filled the rol…",2025-03-19 14:03:44+00:00,AppleInsider,https://appleinsider.com/articles/25/03/19/2025-ipad-11-review-incredibly-minor-improvements-not-enough-for-apple-intelligence,"2025 iPad 11 review: Incredibly minor improvements, not enough for Apple Intelligence Apple's latest update to the entry-level iPad doesn't add much, sits in a strange spot in the lineup, and is not powerful to join the company's Apple Intelligence push.2025 iPad 11 review: A new entry-level tabletThe entry-level iPad has always filled the rol…",ipad review incredibly minor improvements apple intelligence apples latest update entrylevel ipad doesnt add sits strange spot lineup powerful join companys apple intelligence push ipad review new entrylevel tabletthe entrylevel ipad filled rol,2025-03-19 14:03:44+00:00,5
Apple M1 Chip,"Capcom Releases Resident Evil 3 for iPhone, iPad, and Mac","Capcom has released Resident Evil 3 for iPhone, iPad, and Mac, expanding the availability of this popular survival horror game to Apple devices. Therefore, you can now play Resident Evil on Mac. This release comes after the December launch of Resident Evil 2 …",2025-03-19 06:46:57+00:00,The Mac Observer,https://www.macobserver.com/news/capcom-releases-resident-evil-3-for-iphone-ipad-and-mac/,"Capcom Releases Resident Evil 3 for iPhone, iPad, and Mac Capcom has released Resident Evil 3 for iPhone, iPad, and Mac, expanding the availability of this popular survival horror game to Apple devices. Therefore, you can now play Resident Evil on Mac. This release comes after the December launch of Resident Evil 2 …",capcom releases resident evil iphone ipad mac capcom released resident evil iphone ipad mac expanding availability popular survival horror game apple devices play resident evil mac release comes december launch resident evil,2025-03-19 06:46:57+00:00,-1
Apple M1 Chip,"Resident Evil 3 now available on the App Store for iPhone, iPad and Mac","Following the release of Resident Evil 2 for Apple devices last December, Capcom has now released Resident Evil 3 on the App Store for iPhone, iPad, and Mac. This means that fans of the popular game can now play it on the latest Apple devices.



 more…",2025-03-18 18:55:13+00:00,9to5Mac,https://9to5mac.com/2025/03/18/resident-evil-3-app-store-mac-iphone-ipad/,"Resident Evil 3 now available on the App Store for iPhone, iPad and Mac Following the release of Resident Evil 2 for Apple devices last December, Capcom has now released Resident Evil 3 on the App Store for iPhone, iPad, and Mac. This means that fans of the popular game can now play it on the latest Apple devices.



 more…",resident evil available app store iphone ipad mac following release resident evil apple devices december capcom released resident evil app store iphone ipad mac means fans popular game play latest apple devices,2025-03-18 18:55:13+00:00,-1
Apple M1 Chip,"Capcom launches Resident Evil 3 remake on iPhone, iPad, and Mac","The Resident Evil 3 remake from Capcom has just been released on the App Store, offering the complete horror experience on iPhone, iPad, and Mac. Read more...",2025-03-18 17:16:02+00:00,Neowin,https://www.neowin.net/news/capcom-launches-resident-evil-3-remake-on-iphone-ipad-and-mac/,"Capcom launches Resident Evil 3 remake on iPhone, iPad, and Mac The Resident Evil 3 remake from Capcom has just been released on the App Store, offering the complete horror experience on iPhone, iPad, and Mac. Read more...",capcom launches resident evil remake iphone ipad mac resident evil remake capcom just released app store offering complete horror experience iphone ipad mac read,2025-03-18 17:16:02+00:00,-1
Apple M1 Chip,Resident Evil 3 launches on mobile with a massive discount,"Capcom finally added Resident Evil 3 to its list of mobile Resident Evil offerings, launching the port alongside a series-wide sale with discounts of up to 75%. The best-selling remake is the final game made in the RE Engine to come to mobile, though it’s sti…",2025-03-18 17:02:20+00:00,Pockettactics.com,https://www.pockettactics.com/resident-evil-3/mobile,"Resident Evil 3 launches on mobile with a massive discount Capcom finally added Resident Evil 3 to its list of mobile Resident Evil offerings, launching the port alongside a series-wide sale with discounts of up to 75%. The best-selling remake is the final game made in the RE Engine to come to mobile, though it’s sti…",resident evil launches mobile massive discount capcom finally added resident evil list mobile resident evil offerings launching port alongside serieswide sale discounts bestselling remake final game engine come mobile sti,2025-03-18 17:02:20+00:00,-1
Apple M1 Chip,Resident Evil Fans Surprised With New Release,"Capcom has surprised Resident Evil fans with a new, surprise release. It has been two year since the last major Resident Evil release, Resident Evil 4 Remake. And with Resident Evil 9 seemingly still a little ways off, Resident Evil fans don’t have much going…",2025-03-18 13:43:19+00:00,ComicBook.com,http://comicbook.com/gaming/news/resident-evil-new-release/,"Resident Evil Fans Surprised With New Release Capcom has surprised Resident Evil fans with a new, surprise release. It has been two year since the last major Resident Evil release, Resident Evil 4 Remake. And with Resident Evil 9 seemingly still a little ways off, Resident Evil fans don’t have much going…",resident evil fans surprised new release capcom surprised resident evil fans new surprise release year major resident evil release resident evil remake resident evil seemingly little ways resident evil fans dont going,2025-03-18 13:43:19+00:00,-1
Apple M1 Chip,"'Resident Evil 3' lurches onto iPhone, iPad, and Mac","Gamers can now play ""Resident Evil 3"" on their iPhone, iPad, and Mac, as the zombie horror franchise continues to infest Apple's platforms.Resident Evil 3 — Image Credit: CapcomCapcom's Resident Evil series has gradually been making its way onto Apple's hardw…",2025-03-18 12:46:38+00:00,AppleInsider,https://appleinsider.com/articles/25/03/18/resident-evil-3-lurches-onto-iphone-ipad-and-mac,"'Resident Evil 3' lurches onto iPhone, iPad, and Mac Gamers can now play ""Resident Evil 3"" on their iPhone, iPad, and Mac, as the zombie horror franchise continues to infest Apple's platforms.Resident Evil 3 — Image Credit: CapcomCapcom's Resident Evil series has gradually been making its way onto Apple's hardw…",resident evil lurches iphone ipad mac gamers play resident evil iphone ipad mac zombie horror franchise continues infest apples platformsresident evil image credit capcomcapcoms resident evil series gradually making way apples hardw,2025-03-18 12:46:38+00:00,-1
Apple M1 Chip,"Resident Evil 3 remake now available for iPhone, iPad, and Mac","Capcom has released iPhone, iPad, and Mac versions of the Resident Evil 3 remake will launch via App Store, the company announced. It is compatible with all iPhone 16 models, iPhone 15 Pro models, …",2025-03-18 11:15:10+00:00,Gematsu,https://www.gematsu.com/2025/03/resident-evil-3-remake-now-available-for-iphone-ipad-and-mac,"Resident Evil 3 remake now available for iPhone, iPad, and Mac Capcom has released iPhone, iPad, and Mac versions of the Resident Evil 3 remake will launch via App Store, the company announced. It is compatible with all iPhone 16 models, iPhone 15 Pro models, …",resident evil remake available iphone ipad mac capcom released iphone ipad mac versions resident evil remake launch app store company announced compatible iphone models iphone pro models,2025-03-18 11:15:10+00:00,-1
Apple M1 Chip,"Resident Evil 3 Now Available on iPhone, iPad, and Mac","Capcom's Resident Evil 3 has debuted on Apple devices, making it the fifth Resident Evil title to arrive on Apple's mobile platforms.





The survival horror shooter is available as a free download with a limited part of the game being playable, after which …",2025-03-18 10:57:23+00:00,MacRumors,https://www.macrumors.com/2025/03/18/resident-evil-3-now-available-iphone-ipad-mac/,"Resident Evil 3 Now Available on iPhone, iPad, and Mac Capcom's Resident Evil 3 has debuted on Apple devices, making it the fifth Resident Evil title to arrive on Apple's mobile platforms.





The survival horror shooter is available as a free download with a limited part of the game being playable, after which …",resident evil available iphone ipad mac capcoms resident evil debuted apple devices making fifth resident evil title arrive apples mobile platforms survival horror shooter available free download limited game playable,2025-03-18 10:57:23+00:00,-1
Apple M1 Chip,I finally replaced my M1 MacBook Pro with a base model M4 - and the upgrades were worth it,"Apple's flagship M4 laptop won't dazzle you with flashy features or a fresh design, but it's almost so polished that you can't complain.",2025-03-17 16:17:00+00:00,ZDNet,https://www.zdnet.com/article/i-finally-replaced-my-m1-macbook-pro-with-a-base-model-m4-and-the-upgrades-were-worth-it/,"I finally replaced my M1 MacBook Pro with a base model M4 - and the upgrades were worth it Apple's flagship M4 laptop won't dazzle you with flashy features or a fresh design, but it's almost so polished that you can't complain.",finally replaced macbook pro base model upgrades worth apples flagship laptop wont dazzle flashy features fresh design polished complain,2025-03-17 16:17:00+00:00,1
Apple M1 Chip,2025 iPad Air 11″ vs 13″: Which Size Should YOU Get?,"The 2025 iPad Air lineup introduces two distinct models: the compact 11-inch and the larger 13-inch variants. Both are powered by Apple’s advanced M3 chip, promising enhanced performance, innovative GPU capabilities, and refined designs. These devices cater t…",2025-03-16 14:00:38+00:00,Geeky Gadgets,https://www.geeky-gadgets.com/2025-ipad-air-11-vs-13-which-size-should-you-get/,"2025 iPad Air 11″ vs 13″: Which Size Should YOU Get? The 2025 iPad Air lineup introduces two distinct models: the compact 11-inch and the larger 13-inch variants. Both are powered by Apple’s advanced M3 chip, promising enhanced performance, innovative GPU capabilities, and refined designs. These devices cater t…",ipad air size ipad air lineup introduces distinct models compact inch larger inch variants powered apples advanced chip promising enhanced performance innovative gpu capabilities refined designs devices cater,2025-03-16 14:00:38+00:00,5
Apple M1 Chip,More pro for the DEC Professional 380 (featuring PRO/VENIX),"In computing the DEC PDP-11 is something of a geologic feature. Plus, as most systems in the family were minicomputers, they had the whole m...",2025-03-16 02:31:59+00:00,Blogspot.com,http://oldvcr.blogspot.com/2025/03/more-pro-for-dec-professional-380.html,"More pro for the DEC Professional 380 (featuring PRO/VENIX) In computing the DEC PDP-11 is something of a geologic feature. Plus, as most systems in the family were minicomputers, they had the whole m...",pro dec professional featuring provenix computing dec pdp geologic feature plus systems family minicomputers,2025-03-16 02:31:59+00:00,8
Apple M1 Chip,I replaced my Windows PC with a Mac Studio for a week - here are my takeaways so far,The M4 Max Mac Studio is a compact powerhouse that effortlessly sits on my desk - while outperforming my PC tower in multiple ways.,2025-03-15 11:00:20+00:00,ZDNet,https://www.zdnet.com/article/i-replaced-my-windows-pc-with-a-mac-studio-for-a-week-here-are-my-takeaways-so-far/,I replaced my Windows PC with a Mac Studio for a week - here are my takeaways so far The M4 Max Mac Studio is a compact powerhouse that effortlessly sits on my desk - while outperforming my PC tower in multiple ways.,replaced windows mac studio week takeaways far max mac studio compact powerhouse effortlessly sits desk outperforming tower multiple ways,2025-03-15 11:00:20+00:00,9
Apple M1 Chip,Everything to Know About Apple's New iPad Air,"Apple's new iPad Air﻿ with M3 chip came out on March 12, 2025, and it's a solid option for most users. If you've been eyeing other models, several are on sale.",2025-03-14 17:21:00+00:00,esquire.com,https://www.esquire.com/lifestyle/tech/a64149565/new-ipad-air-march-2025/,"Everything to Know About Apple's New iPad Air Apple's new iPad Air﻿ with M3 chip came out on March 12, 2025, and it's a solid option for most users. If you've been eyeing other models, several are on sale.",know apples new ipad air apples new ipad air chip came march solid option users youve eyeing models sale,2025-03-14 17:21:00+00:00,5
Apple M1 Chip,102 Expert iPhone Tricks You Should Know,"Think you know iOS inside out? Trust us, there's way more to uncover. Unlock your iPhone's full potential with these hidden tweaks.
Apple iPhones arrived in 2007 running an unnamed operating system. A year later, it received this boring sobriquet: iPhone OS 1…",2025-03-14 16:38:25+00:00,PCMag.com,https://uk.pcmag.com/ios/157118/102-expert-iphone-tricks-you-should-know,"102 Expert iPhone Tricks You Should Know Think you know iOS inside out? Trust us, there's way more to uncover. Unlock your iPhone's full potential with these hidden tweaks.
Apple iPhones arrived in 2007 running an unnamed operating system. A year later, it received this boring sobriquet: iPhone OS 1…",expert iphone tricks know think know ios inside trust theres way uncover unlock iphones potential hidden tweaks apple iphones arrived running unnamed operating year later received boring sobriquet iphone,2025-03-14 16:38:25+00:00,0
Apple M1 Chip,"Apple Deals this Week: M1 iPad Pro (Wi-Fi + Cellular) $900 Off, Apple Watch Series 10 $100 Off, and More","Here’s a roundup of the best deals for Apple products we've found this week, including MacBooks, iPads, Apple Watches, and more.



1. Apple iPad (10th Gen)



Image Source: Amazon



Looking for an affordable yet modern iPad? Amazon just dropped the price of…",2025-03-14 16:37:00+00:00,The Mac Observer,https://www.macobserver.com/deals/apple-deals-this-week-m1-ipad-pro-wi-fi-cellular-900-off-and-more/,"Apple Deals this Week: M1 iPad Pro (Wi-Fi + Cellular) $900 Off, Apple Watch Series 10 $100 Off, and More Here’s a roundup of the best deals for Apple products we've found this week, including MacBooks, iPads, Apple Watches, and more.



1. Apple iPad (10th Gen)



Image Source: Amazon



Looking for an affordable yet modern iPad? Amazon just dropped the price of…",apple deals week ipad pro wifi cellular apple watch series heres roundup best deals apple products weve week including macbooks ipads apple watches apple ipad gen image source amazon looking affordable modern ipad amazon just dropped price,2025-03-14 16:37:00+00:00,5
Apple M1 Chip,"M4 MacBook Air Review (15-Inch, 2025): The Best MacBook For Most People Gets Faster and Cheaper","The smaller Air is the perfect student laptop, but once you are out of school you should graduate to the larger but still highly portable 15-inch model.",2025-03-14 16:11:21+00:00,CNET,https://www.cnet.com/tech/computing/m4-macbook-air-review-15-inch-2025-the-best-macbook-for-most-people-gets-faster-and-cheaper/,"M4 MacBook Air Review (15-Inch, 2025): The Best MacBook For Most People Gets Faster and Cheaper The smaller Air is the perfect student laptop, but once you are out of school you should graduate to the larger but still highly portable 15-inch model.",macbook air review inch best macbook people gets faster cheaper smaller air perfect student laptop school graduate larger highly portable inch model,2025-03-14 16:11:21+00:00,1
Apple M1 Chip,M4 MacBook Air: The Sweet Spot of Performance and Value?,"The M4 MacBook Air solidifies its position as one of Apple’s most adaptable and refined laptops. With a combination of thoughtful upgrades in performance, design, and usability, it caters to a wide range of users, including students, professionals, and casual…",2025-03-14 14:00:42+00:00,Geeky Gadgets,https://www.geeky-gadgets.com/m4-macbook-air-the-sweet-spot/,"M4 MacBook Air: The Sweet Spot of Performance and Value? The M4 MacBook Air solidifies its position as one of Apple’s most adaptable and refined laptops. With a combination of thoughtful upgrades in performance, design, and usability, it caters to a wide range of users, including students, professionals, and casual…",macbook air sweet spot performance value macbook air solidifies position apples adaptable refined laptops combination thoughtful upgrades performance design usability caters wide range users including students professionals casual,2025-03-14 14:00:42+00:00,1
Apple M1 Chip,Mac Studio M3 Ultra vs. M2 Ultra: Mind-Blowing Performance Comparison,"Choosing between the Mac Studio M3 Ultra and its predecessor, the M2 Ultra, requires a clear understanding of their differences in performance, cost efficiency, and upgrade value. These factors are particularly relevant for developers, machine learning profes…",2025-03-14 12:00:43+00:00,Geeky Gadgets,https://www.geeky-gadgets.com/mac-studio-m3-ultra-vs-m2-ultra/,"Mac Studio M3 Ultra vs. M2 Ultra: Mind-Blowing Performance Comparison Choosing between the Mac Studio M3 Ultra and its predecessor, the M2 Ultra, requires a clear understanding of their differences in performance, cost efficiency, and upgrade value. These factors are particularly relevant for developers, machine learning profes…",mac studio ultra ultra mindblowing performance comparison choosing mac studio ultra predecessor ultra requires clear understanding differences performance cost efficiency upgrade value factors particularly relevant developers machine learning profes,2025-03-14 12:00:43+00:00,9
Apple M1 Chip,Presentation: Dare Mighty Things: What NASA's Endeavors Teach Us About the Power of Calculated RISCs,"Khawaja Shams explores the essence of calculated risks, discussing why taking these risks, how to identify and mitigate potential downsides, and the characteristics of good risks. By Khawaja Shams",2025-03-14 11:15:00+00:00,InfoQ.com,https://www.infoq.com/presentations/nasa-calculated-risks/,"Presentation: Dare Mighty Things: What NASA's Endeavors Teach Us About the Power of Calculated RISCs Khawaja Shams explores the essence of calculated risks, discussing why taking these risks, how to identify and mitigate potential downsides, and the characteristics of good risks. By Khawaja Shams",presentation dare mighty things nasas endeavors teach power calculated riscs khawaja shams explores essence calculated risks discussing taking risks identify mitigate potential downsides characteristics good risks khawaja shams,2025-03-14 11:15:00+00:00,-1
Apple M1 Chip,M4 MacBook Air Base: Powerful Features You Might Overlook,"The MacBook Air M4 base version offers an impressive combination of performance, efficiency, and affordability, making it a standout choice in the lightweight laptop market. Designed with students, casual users, and light content creators in mind, it features…",2025-03-14 07:30:58+00:00,Geeky Gadgets,https://www.geeky-gadgets.com/m4-macbook-air-base/,"M4 MacBook Air Base: Powerful Features You Might Overlook The MacBook Air M4 base version offers an impressive combination of performance, efficiency, and affordability, making it a standout choice in the lightweight laptop market. Designed with students, casual users, and light content creators in mind, it features…",macbook air base powerful features overlook macbook air base version offers impressive combination performance efficiency affordability making standout choice lightweight laptop market designed students casual users light content creators mind features,2025-03-14 07:30:58+00:00,1
Apple M1 Chip,"Apple MacBook Pro (Cert. Refurb) 13.3"", M1 chip, 8GB Memory, 256GB SSD (Space Gray) $549.99 + Free Shipping (1 replies)","Best Buy [bestbuy.com] has Geek Squad Certified Refurbished: Apple MacBook Pro: 13.3&quot;, M1 chip, 8GB Memory, 256GB SSD (Space Gray; 2020) for $549.99. Shipping is free.

Specs:Model: GSRF MYD8",2025-03-13 20:23:18+00:00,Slickdeals.net,https://slickdeals.net/f/18176500-apple-macbook-pro-cert-refurb-13-3-m1-chip-8gb-memory-256gb-ssd-space-gray-549-99-free-shipping,"Apple MacBook Pro (Cert. Refurb) 13.3"", M1 chip, 8GB Memory, 256GB SSD (Space Gray) $549.99 + Free Shipping (1 replies) Best Buy [bestbuy.com] has Geek Squad Certified Refurbished: Apple MacBook Pro: 13.3&quot;, M1 chip, 8GB Memory, 256GB SSD (Space Gray; 2020) for $549.99. Shipping is free.

Specs:Model: GSRF MYD8",apple macbook pro cert refurb chip memory ssd space gray free shipping replies best buy bestbuycom geek squad certified refurbished apple macbook pro quot chip memory ssd space gray shipping free specsmodel gsrf myd,2025-03-13 20:23:18+00:00,1
Apple M1 Chip,An M1 MacBook Air for $514.99? Pinch yourself.,In high demand—get it before it sells out.,2025-03-13 16:12:17+00:00,New York Post,https://nypost.com/2025/03/13/shopping/refurbished-apple-macbook-air-13-3-2020-is-514-99/,An M1 MacBook Air for $514.99? Pinch yourself. In high demand—get it before it sells out.,macbook air pinch high demandget sells,2025-03-13 16:12:17+00:00,1
Apple M1 Chip,"Save $900 on Apple’s 11″ M1 iPad Pro (2TB, Cellular) at Amazon","We search for discounts on Apple products each day, and this iPad deal truly stands out.



Amazon is offering a lucrative 44% discount on the M1 iPad Pro (Wi-Fi + Cellular model) with 2TB of storage. It’s rare to see a price drop like this, so be sure to ord…",2025-03-13 15:02:00+00:00,The Mac Observer,https://www.macobserver.com/deals/save-900-on-apples-11-m1-ipad-pro-2tb-cellular-at-amazon/,"Save $900 on Apple’s 11″ M1 iPad Pro (2TB, Cellular) at Amazon We search for discounts on Apple products each day, and this iPad deal truly stands out.



Amazon is offering a lucrative 44% discount on the M1 iPad Pro (Wi-Fi + Cellular model) with 2TB of storage. It’s rare to see a price drop like this, so be sure to ord…",save apples ipad pro cellular amazon search discounts apple products day ipad deal truly stands amazon offering lucrative discount ipad pro wifi cellular model storage rare price drop like sure ord,2025-03-13 15:02:00+00:00,5
Apple M1 Chip,Is the New M4 MacBook Air the Best Laptop Under $1000?,"The latest MacBook Air redefines the balance between performance, portability, and practicality, making it an appealing choice for students, professionals, and creators. Starting at $999—$100 less than its predecessor—it introduces the powerful M4 chip, Thund…",2025-03-13 12:00:39+00:00,Geeky Gadgets,https://www.geeky-gadgets.com/is-the-new-m4-macbook-air-the-best-laptop-under-1000/,"Is the New M4 MacBook Air the Best Laptop Under $1000? The latest MacBook Air redefines the balance between performance, portability, and practicality, making it an appealing choice for students, professionals, and creators. Starting at $999—$100 less than its predecessor—it introduces the powerful M4 chip, Thund…",new macbook air best laptop latest macbook air redefines balance performance portability practicality making appealing choice students professionals creators starting predecessorit introduces powerful chip thund,2025-03-13 12:00:39+00:00,1
Apple M1 Chip,I've reviewed the Apple MacBook Air 15-inch (M4) - and it remains the best 15-inch laptop I'd recommend for most people,"The new MacBook Air 15-inch (M4) is the best 15-inch laptop you can buy for the money, though we'd like to see bigger performance gains in the future.",2025-03-12 18:39:05+00:00,TechRadar,https://www.techradar.com/computing/macbooks/apple-macbook-air-15-inch-m4-review,"I've reviewed the Apple MacBook Air 15-inch (M4) - and it remains the best 15-inch laptop I'd recommend for most people The new MacBook Air 15-inch (M4) is the best 15-inch laptop you can buy for the money, though we'd like to see bigger performance gains in the future.",ive reviewed apple macbook air inch remains best inch laptop recommend people new macbook air inch best inch laptop buy money wed like bigger performance gains future,2025-03-12 18:39:05+00:00,1
Apple M1 Chip,Hands-On With Apple's New M4 MacBook Air,"Apple refreshed the MacBook Air lineup last week, and those new models are available starting today. We picked up one of the M4 ‌MacBook Air‌ models for a quick unboxing and first impressions overview.




Subscribe to the MacRumors YouTube channel for more …",2025-03-12 17:45:53+00:00,MacRumors,https://www.macrumors.com/2025/03/12/m4-macbook-air-hands-on/,"Hands-On With Apple's New M4 MacBook Air Apple refreshed the MacBook Air lineup last week, and those new models are available starting today. We picked up one of the M4 ‌MacBook Air‌ models for a quick unboxing and first impressions overview.




Subscribe to the MacRumors YouTube channel for more …",handson apples new macbook air apple refreshed macbook air lineup week new models available starting today picked macbook air models quick unboxing impressions overview subscribe macrumors youtube channel,2025-03-12 17:45:53+00:00,1
Apple M1 Chip,His-and-hers MacBook Pro rigs make for matrimonial bliss [Setups],"Put 2 MacBooks together and what do you have? In today's featured setup, it's a his-and-hers matrimonial workstation that just works.
(via Cult of Mac - Apple news, rumors, reviews and how-tos)",2025-03-12 15:30:05+00:00,Cult of Mac,https://www.cultofmac.com/setups/2-macbooks,"His-and-hers MacBook Pro rigs make for matrimonial bliss [Setups] Put 2 MacBooks together and what do you have? In today's featured setup, it's a his-and-hers matrimonial workstation that just works.
(via Cult of Mac - Apple news, rumors, reviews and how-tos)",hisandhers macbook pro rigs make matrimonial bliss setups macbooks todays featured setup hisandhers matrimonial workstation just works cult mac apple news rumors reviews howtos,2025-03-12 15:30:05+00:00,9
Apple M1 Chip,Review: Apple MacBook Air M4 ups the power while cutting the price,"Apple’s latest MacBook Air M4 has significant power updates compared to its immediate M3 predecessor, is slightly more functional with external displays and costs €100 less than the previous M3 model.",2025-03-12 14:39:35+00:00,Independent.ie,https://www.independent.ie/business/technology/review-apple-macbook-air-m4-ups-the-power-while-cutting-the-price/a666910112.html,"Review: Apple MacBook Air M4 ups the power while cutting the price Apple’s latest MacBook Air M4 has significant power updates compared to its immediate M3 predecessor, is slightly more functional with external displays and costs €100 less than the previous M3 model.",review apple macbook air ups power cutting price apples latest macbook air significant power updates compared immediate predecessor slightly functional external displays costs previous model,2025-03-12 14:39:35+00:00,1
Apple M1 Chip,"I’d love to get the Mac Studio for gaming, but one thing is holding me back","Apple’s Mac Studio with M4 Max chip offers even better gaming performance than the M3 Ultra model, but it doesn’t solve the biggest problem with Mac gaming.",2025-03-12 13:04:22+00:00,Digital Trends,https://www.digitaltrends.com/computing/apple-mac-studio-for-gaming-one-thing-holding-me-back/,"I’d love to get the Mac Studio for gaming, but one thing is holding me back Apple’s Mac Studio with M4 Max chip offers even better gaming performance than the M3 Ultra model, but it doesn’t solve the biggest problem with Mac gaming.",love mac studio gaming thing holding apples mac studio max chip offers better gaming performance ultra model doesnt solve biggest problem mac gaming,2025-03-12 13:04:22+00:00,9
Apple M1 Chip,I replaced my Windows PC with a Mac Studio - here are my takeaways after 24 hours,The M4 Max Mac Studio is a compact powerhouse that seamlessly fits on my desk - and outperforms my PC tower in several ways.,2025-03-12 12:37:00+00:00,ZDNet,https://www.zdnet.com/article/i-replaced-my-windows-pc-with-a-mac-studio-here-are-my-takeaways-after-24-hours/,I replaced my Windows PC with a Mac Studio - here are my takeaways after 24 hours The M4 Max Mac Studio is a compact powerhouse that seamlessly fits on my desk - and outperforms my PC tower in several ways.,replaced windows mac studio takeaways hours max mac studio compact powerhouse seamlessly fits desk outperforms tower ways,2025-03-12 12:37:00+00:00,9
Apple M1 Chip,M3 Ultra exposed: Inside Apple’s hybrid chip powerful enough to take on Nvidia,"Macworld







Just when we thought the M3 was in the ground and Apple had rapidly moved every single Mac model over to the fresh and new M4 processor, in rolls the high-end Mac Studio, equipped with the impossible-to-predict, never-before-seen M3 Ultra pro…",2025-03-12 11:45:11+00:00,Macworld,https://www.macworld.com/article/2634020/apples-m3-ultra-chip-is-more-than-it-appears-to-be.html,"M3 Ultra exposed: Inside Apple’s hybrid chip powerful enough to take on Nvidia Macworld







Just when we thought the M3 was in the ground and Apple had rapidly moved every single Mac model over to the fresh and new M4 processor, in rolls the high-end Mac Studio, equipped with the impossible-to-predict, never-before-seen M3 Ultra pro…",ultra exposed inside apples hybrid chip powerful nvidia macworld just thought ground apple rapidly moved single mac model fresh new processor rolls highend mac studio equipped impossibletopredict neverbeforeseen ultra pro,2025-03-12 11:45:11+00:00,9
Apple M1 Chip,"M3 iPad Air, M4 MacBook Air, and Mac Studio go on sale","Apple's most powerful Mac, the Mac Studio with M3 Ultra chip, M4 MacBook Air, M3 iPad Air, and A16 iPad are now on sale.
(via Cult of Mac - Apple news, rumors, reviews and how-tos)",2025-03-12 11:03:11+00:00,Cult of Mac,https://www.cultofmac.com/news/m3-ipad-air-m4-macbook-air-and-mac-studio-go-on-sale,"M3 iPad Air, M4 MacBook Air, and Mac Studio go on sale Apple's most powerful Mac, the Mac Studio with M3 Ultra chip, M4 MacBook Air, M3 iPad Air, and A16 iPad are now on sale.
(via Cult of Mac - Apple news, rumors, reviews and how-tos)",ipad air macbook air mac studio sale apples powerful mac mac studio ultra chip macbook air ipad air ipad sale cult mac apple news rumors reviews howtos,2025-03-12 11:03:11+00:00,5
Apple M1 Chip,2025 iPad Air: The Line Between Air and Pro Blurs?,"The 2025 iPad Air solidifies its position as a reliable mid-tier tablet, offering a range of thoughtful updates that enhance both performance and usability. With the inclusion of the powerful M3 chip, a strategically relocated front-facing camera, and the int…",2025-03-12 11:00:15+00:00,Geeky Gadgets,https://www.geeky-gadgets.com/2025-ipad-air/,"2025 iPad Air: The Line Between Air and Pro Blurs? The 2025 iPad Air solidifies its position as a reliable mid-tier tablet, offering a range of thoughtful updates that enhance both performance and usability. With the inclusion of the powerful M3 chip, a strategically relocated front-facing camera, and the int…",ipad air line air pro blurs ipad air solidifies position reliable midtier tablet offering range thoughtful updates enhance performance usability inclusion powerful chip strategically relocated frontfacing camera int,2025-03-12 11:00:15+00:00,5
Apple M1 Chip,Apple Unveils New MacBook Air with M4 Chip and Price Drop,"Some of you may have guessed by now that (much to my fellow DIYP workmates) I am firmly ‘team Apple‘. I simply like the ease...
The post Apple Unveils New MacBook Air with M4 Chip and Price Drop appeared first on DIY Photography.",2025-03-12 10:59:42+00:00,DIYphotography,https://www.diyphotography.net/apple-unveils-new-macbook-air-with-m4-chip-and-price-drop/,"Apple Unveils New MacBook Air with M4 Chip and Price Drop Some of you may have guessed by now that (much to my fellow DIYP workmates) I am firmly ‘team Apple‘. I simply like the ease...
The post Apple Unveils New MacBook Air with M4 Chip and Price Drop appeared first on DIY Photography.",apple unveils new macbook air chip price drop guessed fellow diyp workmates firmly team apple simply like ease post apple unveils new macbook air chip price drop appeared diy photography,2025-03-12 10:59:42+00:00,1
Apple M1 Chip,"iPad Air (2025) and 11th Generation iPad (2025) Sale Begins in India: Price, Offers","iPad Air (2025) and 11th Generation iPad (2025) sale in India commenced today (March 12). Apple refreshed its iPad lineup earlier this month, equipping the iPad Air and the base iPad model with new SoCs. Available in 11-inch and 13-inch sizes, the iPad Air (2…",2025-03-12 09:11:13+00:00,Gadgets360.com,https://www.gadgets360.com/tablets/news/ipad-air-2025-sale-in-india-price-offers-7906471,"iPad Air (2025) and 11th Generation iPad (2025) Sale Begins in India: Price, Offers iPad Air (2025) and 11th Generation iPad (2025) sale in India commenced today (March 12). Apple refreshed its iPad lineup earlier this month, equipping the iPad Air and the base iPad model with new SoCs. Available in 11-inch and 13-inch sizes, the iPad Air (2…",ipad air generation ipad sale begins india price offers ipad air generation ipad sale india commenced today march apple refreshed ipad lineup earlier month equipping ipad air base ipad model new socs available inch inch sizes ipad air,2025-03-12 09:11:13+00:00,5
Apple M1 Chip,Apple iPad (10th Generation) Now 23% Off — Get It for Just $269 (Was $349)!,"Apple iPad 10th Generation deal: Now just $269 (23% OFF)! Best budget iPad for students, creators & everyday users. Grab this deal now!
The post Apple iPad (10th Generation) Now 23% Off — Get It for Just $269 (Was $349)! appeared first on Phandroid.",2025-03-12 04:15:52+00:00,Phandroid - News for Android,https://phandroid.com/2025/03/12/apple-ipad-10th-generation-now-23-off-get-it-for-just-269-was-349/,"Apple iPad (10th Generation) Now 23% Off — Get It for Just $269 (Was $349)! Apple iPad 10th Generation deal: Now just $269 (23% OFF)! Best budget iPad for students, creators & everyday users. Grab this deal now!
The post Apple iPad (10th Generation) Now 23% Off — Get It for Just $269 (Was $349)! appeared first on Phandroid.",apple ipad generation just apple ipad generation deal just best budget ipad students creators everyday users grab deal post apple ipad generation just appeared phandroid,2025-03-12 04:15:52+00:00,5
Apple M1 Chip,iPad Air M3 review roundup– should you buy Apple's new mid-range tablet?,The iPad Air M3 review verdicts are in –here's the consensus on Apple's new mid-range tablet.,2025-03-11 22:00:00+00:00,TechRadar,https://www.techradar.com/tablets/ipad-air/ipad-air-m3-review-roundup-should-you-buy-apples-new-mid-range-tablet,iPad Air M3 review roundup– should you buy Apple's new mid-range tablet? The iPad Air M3 review verdicts are in –here's the consensus on Apple's new mid-range tablet.,ipad air review roundup buy apples new midrange tablet ipad air review verdicts heres consensus apples new midrange tablet,2025-03-11 22:00:00+00:00,5
Apple M1 Chip,Mac Studio Still Lacks 'High Power Mode' Offered on Some MacBook Pro and Mac Mini Models,"Ars Technica's Andrew Cunningham today published his review of the new Mac Studio. In it, he confirmed that the Mac Studio with the M4 Max chip lacks High Power Mode for intensive workloads. He also tested the higher-end Mac Studio with the M3 Ultra chip, and…",2025-03-11 17:56:05+00:00,MacRumors,https://www.macrumors.com/2025/03/11/mac-studio-still-lacks-high-power-mode/,"Mac Studio Still Lacks 'High Power Mode' Offered on Some MacBook Pro and Mac Mini Models Ars Technica's Andrew Cunningham today published his review of the new Mac Studio. In it, he confirmed that the Mac Studio with the M4 Max chip lacks High Power Mode for intensive workloads. He also tested the higher-end Mac Studio with the M3 Ultra chip, and…",mac studio lacks high power mode offered macbook pro mac mini models ars technicas andrew cunningham today published review new mac studio confirmed mac studio max chip lacks high power mode intensive workloads tested higherend mac studio ultra chip,2025-03-11 17:56:05+00:00,9
Apple M1 Chip,Apple's Mac Studio made this Windows user an M4 believer - and it's just the beginning,The M4 Max Mac Studio is a compact powerhouse that fits right at home on my desk - and beats my PC tower is several ways.,2025-03-11 16:31:00+00:00,ZDNet,https://www.zdnet.com/article/apples-mac-studio-made-this-windows-user-an-m4-believer-and-its-just-the-beginning/,Apple's Mac Studio made this Windows user an M4 believer - and it's just the beginning The M4 Max Mac Studio is a compact powerhouse that fits right at home on my desk - and beats my PC tower is several ways.,apples mac studio windows user believer just beginning max mac studio compact powerhouse fits right home desk beats tower ways,2025-03-11 16:31:00+00:00,9
Apple M1 Chip,{Early Impressions] the M4 MacBook Air,"It is the new Apple computers review day — as you can see from the top of Techmeme, which is dominated by the reviews of Apple’s new Mac Studio and MacBook Air models. While Mac Studio is garnering significant attention, the M4 MacBook Air is likely more rele…",2025-03-11 16:00:00+00:00,Om.co,https://om.co/2025/03/11/the-new-m4-macbook-air/,"{Early Impressions] the M4 MacBook Air It is the new Apple computers review day — as you can see from the top of Techmeme, which is dominated by the reviews of Apple’s new Mac Studio and MacBook Air models. While Mac Studio is garnering significant attention, the M4 MacBook Air is likely more rele…",early impressions macbook air new apple computers review day techmeme dominated reviews apples new mac studio macbook air models mac studio garnering significant attention macbook air likely rele,2025-03-11 16:00:00+00:00,1
Apple M1 Chip,How to pre-order the new Apple MacBook Air M4,"Among the slew of Apple announced news from the previous few weeks is a refreshed MacBook Air. The laptop still comes in 13- and 15-inch sizes, starts with 16GB of RAM and offers up to 18 hours of battery life. The big spec bump here is the new M4 chipset, an…",2025-03-11 14:32:37+00:00,Slashdot.org,https://slashdot.org/firehose.pl?op=view&amp;id=176674335,"How to pre-order the new Apple MacBook Air M4 Among the slew of Apple announced news from the previous few weeks is a refreshed MacBook Air. The laptop still comes in 13- and 15-inch sizes, starts with 16GB of RAM and offers up to 18 hours of battery life. The big spec bump here is the new M4 chipset, an…",preorder new apple macbook air slew apple announced news previous weeks refreshed macbook air laptop comes inch sizes starts ram offers hours battery life big spec bump new chipset,2025-03-11 14:32:37+00:00,1
Apple M1 Chip,M4 MacBook Air Reviews: Nice refinements plus lower price equal great value,"M4 MacBook Air reviews find the popular laptop benefits greatly from a raft of refinements, and a lower price really pumps up the value.
(via Cult of Mac - Apple news, rumors, reviews and how-tos)",2025-03-11 14:24:11+00:00,Cult of Mac,https://www.cultofmac.com/reviews/m4-macbook-air-reviews,"M4 MacBook Air Reviews: Nice refinements plus lower price equal great value M4 MacBook Air reviews find the popular laptop benefits greatly from a raft of refinements, and a lower price really pumps up the value.
(via Cult of Mac - Apple news, rumors, reviews and how-tos)",macbook air reviews nice refinements plus lower price equal great value macbook air reviews popular laptop benefits greatly raft refinements lower price really pumps value cult mac apple news rumors reviews howtos,2025-03-11 14:24:11+00:00,1
Apple M1 Chip,Apple MacBook Air 2025: The New Release Finally Fixes 1 Key Flaw,"The new MacBook Air goes on sale on Wednesday, March 12 and it will solve a problem that has dogged the Air since 2020.",2025-03-11 13:30:00+00:00,Forbes,https://www.forbes.com/sites/davidphelan/2025/03/11/apple-macbook-air-2025-the-new-release-finally-fixes-1-key-flaw/,"Apple MacBook Air 2025: The New Release Finally Fixes 1 Key Flaw The new MacBook Air goes on sale on Wednesday, March 12 and it will solve a problem that has dogged the Air since 2020.",apple macbook air new release finally fixes key flaw new macbook air goes sale wednesday march solve problem dogged air,2025-03-11 13:30:00+00:00,1
Apple M1 Chip,M4 Max Mac Studio review: A familiar face,"The new Mac Studio is an interesting product because it’s got a surprising wrinkle: its high-end configuration, which starts at $3999 and escalates rapidly from there, is powered not by an M4 chip but by a new and unusual M3 chip, the M3 Ultra, which offers t…",2025-03-11 13:15:17+00:00,sixcolors.com,https://sixcolors.com/post/2025/03/m4-max-mac-studio-review-a-familiar-face/,"M4 Max Mac Studio review: A familiar face The new Mac Studio is an interesting product because it’s got a surprising wrinkle: its high-end configuration, which starts at $3999 and escalates rapidly from there, is powered not by an M4 chip but by a new and unusual M3 chip, the M3 Ultra, which offers t…",max mac studio review familiar face new mac studio interesting product got surprising wrinkle highend configuration starts escalates rapidly powered chip new unusual chip ultra offers,2025-03-11 13:15:17+00:00,9
Apple M1 Chip,The Apple MacBook Air 13-inch (M4) is the best ultraportable – and the new price makes it even more appealing,"The MacBook Air 13-inch (M4) is here, and its new chip, better camera, a fresh color, and lower price make it a winner.",2025-03-11 13:09:00+00:00,TechRadar,https://www.techradar.com/computing/macbooks/apple-macbook-air-13-inch-m4,"The Apple MacBook Air 13-inch (M4) is the best ultraportable – and the new price makes it even more appealing The MacBook Air 13-inch (M4) is here, and its new chip, better camera, a fresh color, and lower price make it a winner.",apple macbook air inch best ultraportable new price makes appealing macbook air inch new chip better camera fresh color lower price make winner,2025-03-11 13:09:00+00:00,1
Apple M1 Chip,M4 MacBook Air review: Am I blue?,"The M4 MacBook Air can drive two external displays with its lid open.
The new M4 MacBook Air is the Mac most people should buy.
It’s easy to get caught up in the small changes Apple rolls into its most popular computer as it iterates on the MacBook Air from y…",2025-03-11 13:00:53+00:00,sixcolors.com,https://sixcolors.com/post/2025/03/m4-macbook-air-review-am-i-blue/,"M4 MacBook Air review: Am I blue? The M4 MacBook Air can drive two external displays with its lid open.
The new M4 MacBook Air is the Mac most people should buy.
It’s easy to get caught up in the small changes Apple rolls into its most popular computer as it iterates on the MacBook Air from y…",macbook air review blue macbook air drive external displays lid open new macbook air mac people buy easy caught small changes apple rolls popular computer iterates macbook air,2025-03-11 13:00:53+00:00,1
Apple M1 Chip,Apple Mac Studio (M3 Ultra): the ultimate creative workstation,"Apple has launched a new Mac Studio, its compact workstation PC, with a few surprises – we tested it out.",2025-03-11 13:00:50+00:00,TechRadar,https://www.techradar.com/computing/macs/apple-mac-studio-m3-ultra,"Apple Mac Studio (M3 Ultra): the ultimate creative workstation Apple has launched a new Mac Studio, its compact workstation PC, with a few surprises – we tested it out.",apple mac studio ultra ultimate creative workstation apple launched new mac studio compact workstation surprises tested,2025-03-11 13:00:50+00:00,9
Apple M1 Chip,Mac Studio with M3 Ultra Review: A Dream Machine for Video Editors,"Apple calls its new M3 Ultra-equipped Mac Studio its most powerful computer ever. It's a big claim and comes with a price tag to match. Apple's ambitions create two questions, and we will answer them both: Is the Mac Studio with M3 Ultra truly Apple's most pe…",2025-03-11 13:00:47+00:00,PetaPixel,https://petapixel.com/2025/03/11/mac-studio-with-m3-ultra-review-a-dream-machine-for-video-editors/,"Mac Studio with M3 Ultra Review: A Dream Machine for Video Editors Apple calls its new M3 Ultra-equipped Mac Studio its most powerful computer ever. It's a big claim and comes with a price tag to match. Apple's ambitions create two questions, and we will answer them both: Is the Mac Studio with M3 Ultra truly Apple's most pe…",mac studio ultra review dream machine video editors apple calls new ultraequipped mac studio powerful computer big claim comes price tag match apples ambitions create questions answer mac studio ultra truly apples,2025-03-11 13:00:47+00:00,9
Apple M1 Chip,Apple MacBook Air M4 Review: Feeling Ever So Blue,"The Apple MacBook Air M4 is a fast, quality productivity machine and it now starts at its lowest base price. I just wish it were more blue.",2025-03-11 13:00:41+00:00,Gizmodo.com,https://gizmodo.com/apple-macbook-air-m4-review-feeling-ever-so-blue-2000574154,"Apple MacBook Air M4 Review: Feeling Ever So Blue The Apple MacBook Air M4 is a fast, quality productivity machine and it now starts at its lowest base price. I just wish it were more blue.",apple macbook air review feeling blue apple macbook air fast quality productivity machine starts lowest base price just wish blue,2025-03-11 13:00:41+00:00,1
Apple M1 Chip,I'm a hardcore Windows fan - but the M4 Max Mac Studio is convincing me to switch sides,Apple's M4 Max Mac Studio is a compact powerhouse that fits right at home on my desk - and may be better than my PC tower.,2025-03-11 13:00:19+00:00,ZDNet,https://www.zdnet.com/article/im-a-hardcore-windows-fan-but-the-m4-max-mac-studio-is-convincing-me-to-switch-sides/,I'm a hardcore Windows fan - but the M4 Max Mac Studio is convincing me to switch sides Apple's M4 Max Mac Studio is a compact powerhouse that fits right at home on my desk - and may be better than my PC tower.,hardcore windows fan max mac studio convincing switch sides apples max mac studio compact powerhouse fits right home desk better tower,2025-03-11 13:00:19+00:00,9
Apple M1 Chip,"Apple MacBook Air with M4 Review: Thin in Size, Price, and Sometimes Performance","Not everyone has the need or budget to spring for Apple's powerful MacBook Pro notebooks. Besides, some users just want their laptops to be as thin and lightweight as possible. Enter the newest, M4-powered version of the world's most popular laptop, the MacBo…",2025-03-11 13:00:19+00:00,PetaPixel,https://petapixel.com/2025/03/11/apple-macbook-air-with-m4-review-thin-in-size-price-and-sometimes-performance/,"Apple MacBook Air with M4 Review: Thin in Size, Price, and Sometimes Performance Not everyone has the need or budget to spring for Apple's powerful MacBook Pro notebooks. Besides, some users just want their laptops to be as thin and lightweight as possible. Enter the newest, M4-powered version of the world's most popular laptop, the MacBo…",apple macbook air review size price performance need budget spring apples powerful macbook pro notebooks users just want laptops lightweight possible enter newest mpowered version worlds popular laptop macbo,2025-03-11 13:00:19+00:00,1
Apple M1 Chip,The Mac Studio is so good it begs the question why big PCs exist,"The Mac Studio is Apple’s main workstation, and this year comes with two main chips, but the more you look at all the specs, the more it becomes clear that there are actually four main skews, each for a different level of professional. There’s a base model th…",2025-03-11 13:00:13+00:00,MobileSyrup,https://mobilesyrup.com/2025/03/11/the-mac-studio-is-so-good-it-begs-the-question-why-big-pcs-exist/,"The Mac Studio is so good it begs the question why big PCs exist The Mac Studio is Apple’s main workstation, and this year comes with two main chips, but the more you look at all the specs, the more it becomes clear that there are actually four main skews, each for a different level of professional. There’s a base model th…",mac studio good begs question big pcs exist mac studio apples main workstation year comes main chips look specs clear actually main skews different level professional theres base model,2025-03-11 13:00:13+00:00,9
Apple M1 Chip,"M4 MacBook Air Review (13-inch, 2025): Still My Go-To Recommendation for Most People","Whether you pick the little 13-inch model or the more comfortable yet compact 15-inch Air, you'll be getting an undeniably versatile MacBook.",2025-03-11 13:00:06+00:00,CNET,https://www.cnet.com/tech/computing/m4-macbook-air-review-13-inch-2025-still-my-go-to-recommendation-for-most-people/,"M4 MacBook Air Review (13-inch, 2025): Still My Go-To Recommendation for Most People Whether you pick the little 13-inch model or the more comfortable yet compact 15-inch Air, you'll be getting an undeniably versatile MacBook.",macbook air review inch goto recommendation people pick little inch model comfortable compact inch air youll getting undeniably versatile macbook,2025-03-11 13:00:06+00:00,1
Apple M1 Chip,Apple Mac Studio Review: A Hefty Little Powerhouse,The Apple Mac Studio comes bearing ridiculous power far beyond the needs of the average consumer with a price to match.,2025-03-11 13:00:02+00:00,Gizmodo.com,https://gizmodo.com/apple-mac-studio-review-a-hefty-little-powerhouse-2000574271,Apple Mac Studio Review: A Hefty Little Powerhouse The Apple Mac Studio comes bearing ridiculous power far beyond the needs of the average consumer with a price to match.,apple mac studio review hefty little powerhouse apple mac studio comes bearing ridiculous power far needs average consumer price match,2025-03-11 13:00:02+00:00,9
Apple M1 Chip,"In 2025, Apple’s M4 Max Mac Studio is All Photographers Really Need","Apple's new Mac Studio with M3 Ultra is an impressive, powerful machine that is worthy of the ""ultra"" moniker. That said, it better be for the asking price. However, most photographers are probably better served getting the M4 Max version.
[Read More]",2025-03-11 13:00:01+00:00,PetaPixel,https://petapixel.com/2025/03/11/in-2025-apples-m4-max-mac-studio-is-all-photographers-really-need/,"In 2025, Apple’s M4 Max Mac Studio is All Photographers Really Need Apple's new Mac Studio with M3 Ultra is an impressive, powerful machine that is worthy of the ""ultra"" moniker. That said, it better be for the asking price. However, most photographers are probably better served getting the M4 Max version.
[Read More]",apples max mac studio photographers really need apples new mac studio ultra impressive powerful machine worthy ultra moniker said better asking price photographers probably better served getting max version read,2025-03-11 13:00:01+00:00,9
Apple M1 Chip,15-inch MacBook Air (M4) review: A Mac rhapsody in (sky) blue,"Macworld






At a glanceExpert's Rating


Pros

<ul>
<li>Can drive two external displays at 6K/60Hz</li>



<li>M4 provides a performance boost</li>



<li>New 12MP Center Stage camera</li>
</ul>





Cons

<ul>
<li>No more Space Gray option</li>
</ul>…",2025-03-11 13:00:00+00:00,Macworld,https://www.macworld.com/article/2631068/15-inch-macbook-air-m4-review.html,"15-inch MacBook Air (M4) review: A Mac rhapsody in (sky) blue Macworld






At a glanceExpert's Rating


Pros

<ul>
<li>Can drive two external displays at 6K/60Hz</li>



<li>M4 provides a performance boost</li>



<li>New 12MP Center Stage camera</li>
</ul>





Cons

<ul>
<li>No more Space Gray option</li>
</ul>…",inch macbook air review mac rhapsody sky blue macworld glanceexperts rating pros lican drive external displays khzli lim provides performance boostli linew center stage camerali cons lino space gray optionli,2025-03-11 13:00:00+00:00,1
Apple M1 Chip,Apple MacBook Air M4 review: a little more for a little less,"Apple rarely offers you more for less, especially in its most popular products with the broadest appeal. It has perfected the measured, iterative year-over-year product cycle. But for the 13- and 15-inch M4 MacBook Airs, Apple has put new chips in its establi…",2025-03-11 12:27:16+00:00,The Verge,https://www.theverge.com/reviews/627186/apple-macbook-air-m4-13-15-inch-2025-laptop-review,"Apple MacBook Air M4 review: a little more for a little less Apple rarely offers you more for less, especially in its most popular products with the broadest appeal. It has perfected the measured, iterative year-over-year product cycle. But for the 13- and 15-inch M4 MacBook Airs, Apple has put new chips in its establi…",apple macbook air review little little apple rarely offers especially popular products broadest appeal perfected measured iterative yearoveryear product cycle inch macbook airs apple new chips establi,2025-03-11 12:27:16+00:00,1
Apple M1 Chip,Don’t Waste a Second Getting to Amazon for This All-Time-Low Price on the 2024 Apple MacBook Air,The crazy-fast M3 processor makes this elite-performing 13-inch Apple laptop an absolute steal at just $999.,2025-03-11 12:20:13+00:00,Gizmodo.com,https://gizmodo.com/dont-waste-a-second-getting-to-amazon-for-this-all-time-low-price-on-the-2024-apple-macbook-air-2000574198,Don’t Waste a Second Getting to Amazon for This All-Time-Low Price on the 2024 Apple MacBook Air The crazy-fast M3 processor makes this elite-performing 13-inch Apple laptop an absolute steal at just $999.,dont waste second getting amazon alltimelow price apple macbook air crazyfast processor makes eliteperforming inch apple laptop absolute steal just,2025-03-11 12:20:13+00:00,1
Apple M1 Chip,New M3 iPad Air: Unboxing Features and Performance Test,"The M3 iPad Air represents a significant step forward in tablet technology, combining innovative hardware, stunning visuals, and versatile accessories. Available in two sizes—11-inch and 13-inch—it caters to a wide range of users, including professionals, stu…",2025-03-11 10:00:21+00:00,Geeky Gadgets,https://www.geeky-gadgets.com/new-m3-ipad-air-unboxing-features-and-performance-test/,"New M3 iPad Air: Unboxing Features and Performance Test The M3 iPad Air represents a significant step forward in tablet technology, combining innovative hardware, stunning visuals, and versatile accessories. Available in two sizes—11-inch and 13-inch—it caters to a wide range of users, including professionals, stu…",new ipad air unboxing features performance test ipad air represents significant step forward tablet technology combining innovative hardware stunning visuals versatile accessories available sizesinch inchit caters wide range users including professionals stu,2025-03-11 10:00:21+00:00,5
Apple M1 Chip,32-inch iMac Pro: Will Apple Launch It This Year?,"Apple’s iMac Pro, once a flagship for high-performance all-in-one desktops, is rumored to return in 2025. After discontinuing the 27-inch iMac in 2020, Apple shifted its focus to modular desktop setups like the Mac Studio paired with the Studio Display. Now, …",2025-03-11 09:29:34+00:00,Geeky Gadgets,https://www.geeky-gadgets.com/32-inch-imac-pro/,"32-inch iMac Pro: Will Apple Launch It This Year? Apple’s iMac Pro, once a flagship for high-performance all-in-one desktops, is rumored to return in 2025. After discontinuing the 27-inch iMac in 2020, Apple shifted its focus to modular desktop setups like the Mac Studio paired with the Studio Display. Now, …",inch imac pro apple launch year apples imac pro flagship highperformance allinone desktops rumored return discontinuing inch imac apple shifted focus modular desktop setups like mac studio paired studio display,2025-03-11 09:29:34+00:00,9
Apple M1 Chip,Intel MacBook Air users can finally upgrade without giving up a feature,"Still using an Intel MacBook Air? You’re now free to throw it in the recycling bin without feeling guilty.



 more…",2025-03-11 01:46:24+00:00,9to5Mac,https://9to5mac.com/2025/03/10/intel-macbook-air-users-can-finally-upgrade-without-giving-up-a-feature/,"Intel MacBook Air users can finally upgrade without giving up a feature Still using an Intel MacBook Air? You’re now free to throw it in the recycling bin without feeling guilty.



 more…",intel macbook air users finally upgrade giving feature using intel macbook air youre free throw recycling bin feeling guilty,2025-03-11 01:46:24+00:00,1
Apple M1 Chip,I went hands-on with Apple’s M4 MacBook Air and the app performance blew me away,"Here are my thoughts on the 2025 MacBook Air, iPad Air, and Mac Studio after having a short demo and hand-on time with Apple's new AI-powered devices.",2025-03-10 17:58:32+00:00,Digital Trends,https://www.digitaltrends.com/computing/apple-m4-macbook-air-hands-on/,"I went hands-on with Apple’s M4 MacBook Air and the app performance blew me away Here are my thoughts on the 2025 MacBook Air, iPad Air, and Mac Studio after having a short demo and hand-on time with Apple's new AI-powered devices.",went handson apples macbook air app performance blew away thoughts macbook air ipad air mac studio having short demo handon time apples new aipowered devices,2025-03-10 17:58:32+00:00,5
Apple M1 Chip,M3 iPad Air review roundup: It's just a spec bump,"The first reviews for the new iPad Air are out, and to no one's surprise, it's still a capable device, if a little boring.M3 iPad Air general concensus: It's fine.Reviews of Apple's newest iPad Air are rolling in, and the consensus across most of the reviews …",2025-03-10 15:10:32+00:00,AppleInsider,https://appleinsider.com/articles/25/03/10/m3-ipad-air-review-roundup-its-just-a-spec-bump,"M3 iPad Air review roundup: It's just a spec bump The first reviews for the new iPad Air are out, and to no one's surprise, it's still a capable device, if a little boring.M3 iPad Air general concensus: It's fine.Reviews of Apple's newest iPad Air are rolling in, and the consensus across most of the reviews …",ipad air review roundup just spec bump reviews new ipad air ones surprise capable device little boringm ipad air general concensus finereviews apples newest ipad air rolling consensus reviews,2025-03-10 15:10:32+00:00,5
Apple M1 Chip,iPad Air With M3 Review: The Odd Man Out for iPads,Apple's latest iPad Air isn't a massive leap in performance compared to 2024's version with M2.,2025-03-10 13:54:11+00:00,Gizmodo.com,https://gizmodo.com/ipad-air-with-m3-review-2000573740,iPad Air With M3 Review: The Odd Man Out for iPads Apple's latest iPad Air isn't a massive leap in performance compared to 2024's version with M2.,ipad air review odd man ipads apples latest ipad air isnt massive leap performance compared version,2025-03-10 13:54:11+00:00,5
Apple M1 Chip,iPad Air M3 review: A modest update that's still easy to recommend,"If you’ve picked up an iPad in the last five years or so, the new iPad Air will not surprise you. It is, in every way but one, identical to the iPad Air that Apple released last spring. The only difference is that the latest iPad Air has the M3 chip inside, i…",2025-03-10 13:52:23+00:00,Slashdot.org,https://slashdot.org/firehose.pl?op=view&amp;id=176666413,"iPad Air M3 review: A modest update that's still easy to recommend If you’ve picked up an iPad in the last five years or so, the new iPad Air will not surprise you. It is, in every way but one, identical to the iPad Air that Apple released last spring. The only difference is that the latest iPad Air has the M3 chip inside, i…",ipad air review modest update thats easy recommend youve picked ipad years new ipad air surprise way identical ipad air apple released spring difference latest ipad air chip inside,2025-03-10 13:52:23+00:00,5
Apple M1 Chip,"I tested the 11-inch iPad Air with M3 for five days, and it stretches the value even further with more power for the same price",Familiar looks with way more speed,2025-03-10 13:02:30+00:00,TechRadar,https://www.techradar.com/tablets/i-tested-the-11-inch-ipad-air-with-m3-for-five-days-and-it-stretches-the-value-even-further-with-more-power-for-the-same-price,"I tested the 11-inch iPad Air with M3 for five days, and it stretches the value even further with more power for the same price Familiar looks with way more speed",tested inch ipad air days stretches value power price familiar looks way speed,2025-03-10 13:02:30+00:00,5
Apple M1 Chip,"iPad Air M3 Review: If you squint, it’s a computer","Apple has a new iPad on the market, and its story is much the same as that of the M1 version from 2022. It’s fantastic. While I love the value of the $469 base model, if you want a tablet to be your main computer, the Air is the model you should go for. I’ve …",2025-03-10 13:00:46+00:00,MobileSyrup,https://mobilesyrup.com/2025/03/10/ipad-air-m3-review-if-you-squint-its-a-computer/,"iPad Air M3 Review: If you squint, it’s a computer Apple has a new iPad on the market, and its story is much the same as that of the M1 version from 2022. It’s fantastic. While I love the value of the $469 base model, if you want a tablet to be your main computer, the Air is the model you should go for. I’ve …",ipad air review squint computer apple new ipad market story version fantastic love value base model want tablet main computer air model ive,2025-03-10 13:00:46+00:00,5
Apple M1 Chip,The Professional’s Guide to Buying a Mac with Apple Silicon – March 2025,"Updated March 2025 – MacStudio Release I’ve been digging deep into the M4 experience since the new M4 Mac Mini systems came out. Not just specs or generic benchmarks, but real-world analysis. I dug into user experiences (primarily favorable, but not 100%) fro…",2025-03-10 12:25:04+00:00,Provideocoalition.com,https://www.provideocoalition.com/the-professionals-guide-to-buying-a-mac-with-apple-silicon-march-2025/,"The Professional’s Guide to Buying a Mac with Apple Silicon – March 2025 Updated March 2025 – MacStudio Release I’ve been digging deep into the M4 experience since the new M4 Mac Mini systems came out. Not just specs or generic benchmarks, but real-world analysis. I dug into user experiences (primarily favorable, but not 100%) fro…",professionals guide buying mac apple silicon march updated march macstudio release ive digging deep experience new mac mini systems came just specs generic benchmarks realworld analysis dug user experiences primarily favorable fro,2025-03-10 12:25:04+00:00,9
Apple M1 Chip,Get Windows 11 on Your Mac (Apple Silicon): Here’s How,"If you own an Apple Silicon Mac—whether it’s powered by an M1, M2, M3, or M4 chip—and need to run Windows 11, there’s a reliable and efficient solution available. Parallels Desktop, a Microsoft-authorized virtualization software, enables you to install and op…",2025-03-10 11:00:38+00:00,Geeky Gadgets,https://www.geeky-gadgets.com/windows-11-mac/,"Get Windows 11 on Your Mac (Apple Silicon): Here’s How If you own an Apple Silicon Mac—whether it’s powered by an M1, M2, M3, or M4 chip—and need to run Windows 11, there’s a reliable and efficient solution available. Parallels Desktop, a Microsoft-authorized virtualization software, enables you to install and op…",windows mac apple silicon heres apple silicon macwhether powered chipand need run windows theres reliable efficient solution available parallels desktop microsoftauthorized virtualization software enables install,2025-03-10 11:00:38+00:00,9
Apple M1 Chip,M3 Ultra Benchmark SHOCK: Huge Performance Leap Revealed,"Leaked benchmarks for Apple’s M3 Ultra chip have sparked widespread interest and debate within the tech community. While the chip introduces incremental improvements, it does not deliver the significant performance leap that many had anticipated. For professi…",2025-03-10 08:00:07+00:00,Geeky Gadgets,https://www.geeky-gadgets.com/m3-ultra-benchmark/,"M3 Ultra Benchmark SHOCK: Huge Performance Leap Revealed Leaked benchmarks for Apple’s M3 Ultra chip have sparked widespread interest and debate within the tech community. While the chip introduces incremental improvements, it does not deliver the significant performance leap that many had anticipated. For professi…",ultra benchmark shock huge performance leap revealed leaked benchmarks apples ultra chip sparked widespread debate tech community chip introduces incremental improvements does deliver significant performance leap anticipated professi,2025-03-10 08:00:07+00:00,9
Apple M1 Chip,Six thoughts on Apple’s new M3 iPad Air,"This yearâs iPad Air was a surprise to me. Apple launched the last Air less than a year ago, and that was a very good device that could already support Apple Intelligence â and most of Appleâs recent gadget upgrades have been about supporting Apple Inte…",2025-03-10 00:33:30+00:00,The Verge,https://www.theverge.com/ipad/626647/apple-ipad-air-review-2025,"Six thoughts on Apple’s new M3 iPad Air This yearâs iPad Air was a surprise to me. Apple launched the last Air less than a year ago, and that was a very good device that could already support Apple Intelligence â and most of Appleâs recent gadget upgrades have been about supporting Apple Inte…",thoughts apples new ipad air years ipad air surprise apple launched air year ago good device support apple intelligence apples recent gadget upgrades supporting apple inte,2025-03-10 00:33:30+00:00,5
Apple M1 Chip,Here's Why Apple is Unlikely to Release an M4 Ultra Chip for Macs,"The new Mac Studio is available with mismatched M4 Max and M3 Ultra chip options. Will there be an M4 Ultra chip in the future, though? It looks unlikely.





Here are three reasons why Apple might never release an M4 Ultra chip.



First, among Apple's line…",2025-03-09 18:45:38+00:00,MacRumors,https://www.macrumors.com/2025/03/09/m4-ultra-chip-is-unlikely/,"Here's Why Apple is Unlikely to Release an M4 Ultra Chip for Macs The new Mac Studio is available with mismatched M4 Max and M3 Ultra chip options. Will there be an M4 Ultra chip in the future, though? It looks unlikely.





Here are three reasons why Apple might never release an M4 Ultra chip.



First, among Apple's line…",heres apple unlikely release ultra chip macs new mac studio available mismatched max ultra chip options ultra chip future looks unlikely reasons apple release ultra chip apples line,2025-03-09 18:45:38+00:00,9
Apple M1 Chip,The M2 MacBook Air 256GB SSD is $300 Off,"Amazon has the 2022 MacBook Air marked 30% off, bringing the price down from $999 to only $699, offering a great deal for a laptop that’s an upgrade from the M1 in almost every aspect, and quite a reasonable price for a powerful Apple device. You can play gam…",2025-03-09 18:44:08+00:00,iLounge,https://www.ilounge.com/news/mac/macbook-air/the-m2-macbook-air-256gb-ssd-is-300-off,"The M2 MacBook Air 256GB SSD is $300 Off Amazon has the 2022 MacBook Air marked 30% off, bringing the price down from $999 to only $699, offering a great deal for a laptop that’s an upgrade from the M1 in almost every aspect, and quite a reasonable price for a powerful Apple device. You can play gam…",macbook air ssd amazon macbook air marked bringing price offering great deal laptop thats upgrade aspect quite reasonable price powerful apple device play gam,2025-03-09 18:44:08+00:00,1
Apple M1 Chip,"MacBook Air now comes with M4 Chip and new color, Sky Blue","A refreshed version for the MacBook Air 13-inch and 15-inch variations has been announced by Apple, with the devices now integrated with an improved camera, the M4 chip, and offers a new color. The ‘Sky Blue’ option is described as a light blue metallic color…",2025-03-09 18:41:27+00:00,iLounge,https://www.ilounge.com/news/mac/macbook-air/macbook-air-now-comes-with-m4-chip-and-new-color-sky-blue,"MacBook Air now comes with M4 Chip and new color, Sky Blue A refreshed version for the MacBook Air 13-inch and 15-inch variations has been announced by Apple, with the devices now integrated with an improved camera, the M4 chip, and offers a new color. The ‘Sky Blue’ option is described as a light blue metallic color…",macbook air comes chip new color sky blue refreshed version macbook air inch inch variations announced apple devices integrated improved camera chip offers new color sky blue option described light blue metallic color,2025-03-09 18:41:27+00:00,1
Apple M1 Chip,MWC 2025 wrap-up,"This never gets old – MWC week brings a high concentration of new launches, big strategy announcements and all sorts of cutting-edge concepts that may show the path to the future or may never be seen again.

We were in Barcelona as always and got to experienc…",2025-03-09 16:23:02+00:00,GSMArena.com,https://www.gsmarena.com/mwc_2025_wrapup-news-66855.php,"MWC 2025 wrap-up This never gets old – MWC week brings a high concentration of new launches, big strategy announcements and all sorts of cutting-edge concepts that may show the path to the future or may never be seen again.

We were in Barcelona as always and got to experienc…",mwc wrapup gets old mwc week brings high concentration new launches big strategy announcements sorts cuttingedge concepts path future seen barcelona got experienc,2025-03-09 16:23:02+00:00,-1
Apple M1 Chip,Apple Roundup: Everything Announced This Week,"You’ve got to give it to Apple. We’re barely two months into 2025 and it’s already making big moves. The company sure knows how to make noise. While most tech brands roll out one or two flagship models at a time, Apple just dropped several new lineups out of …",2025-03-09 15:49:45+00:00,The Mac Observer,https://www.macobserver.com/tips/round-ups/apple-roundup-everything-announced-this-week/,"Apple Roundup: Everything Announced This Week You’ve got to give it to Apple. We’re barely two months into 2025 and it’s already making big moves. The company sure knows how to make noise. While most tech brands roll out one or two flagship models at a time, Apple just dropped several new lineups out of …",apple roundup announced week youve got apple barely months making big moves company sure knows make noise tech brands roll flagship models time apple just dropped new lineups,2025-03-09 15:49:45+00:00,-1
Apple M1 Chip,"Deals: Nothing Phone (3a) launches, Xiaomi 15 and 15 Ultra available, Apple unveils new iPads","With MWC kicking off, this was an exciting week. Xiaomi brought the 15 and 15 Ultra over to Europe, meanwhile Nothing unveiled its (3a) series of phones.

Over at Cupertino, it was “Air” week as Apple announced new iPads and MacBooks with upgraded chipsets. N…",2025-03-09 13:01:02+00:00,GSMArena.com,https://www.gsmarena.com/dealsnothing_phone_3a_launchesxiaomi_15_and_15_ultra_available_apple_unveils_new_ipads-news-66850.php,"Deals: Nothing Phone (3a) launches, Xiaomi 15 and 15 Ultra available, Apple unveils new iPads With MWC kicking off, this was an exciting week. Xiaomi brought the 15 and 15 Ultra over to Europe, meanwhile Nothing unveiled its (3a) series of phones.

Over at Cupertino, it was “Air” week as Apple announced new iPads and MacBooks with upgraded chipsets. N…",deals phone launches xiaomi ultra available apple unveils new ipads mwc kicking exciting week xiaomi brought ultra europe unveiled series phones cupertino air week apple announced new ipads macbooks upgraded chipsets,2025-03-09 13:01:02+00:00,-1
Apple M1 Chip,"Deals: new iPad and iPad Air go on pre-order, Galaxy S25 Ultra price drops","This was “Air” week for Apple as it announced new iPads and MacBooks with upgraded chipsets. Note that the new Apple devices are on pre-order and will be available from March 12 (Wednesday). We also look at Samsung Galaxy discounts, plus Amazon’s advanced new…",2025-03-08 23:33:02+00:00,GSMArena.com,https://www.gsmarena.com/deals_new_ipad_and_ipad_air_go_on_preorder_galaxy_s25_ultra_price_drops-news-66847.php,"Deals: new iPad and iPad Air go on pre-order, Galaxy S25 Ultra price drops This was “Air” week for Apple as it announced new iPads and MacBooks with upgraded chipsets. Note that the new Apple devices are on pre-order and will be available from March 12 (Wednesday). We also look at Samsung Galaxy discounts, plus Amazon’s advanced new…",deals new ipad ipad air preorder galaxy ultra price drops air week apple announced new ipads macbooks upgraded chipsets note new apple devices preorder available march wednesday look samsung galaxy discounts plus amazons advanced new,2025-03-08 23:33:02+00:00,5
Apple M1 Chip,Mac Studio M3 Ultra review (2025): Apple’s most powerful machine yet,"M3 Ultra—seriously, Apple? I thought you finished with the M3 chips, but here we are. Where’s the M4 Ultra? Why did Apple make buying a Mac Studio so confusing this year? I get it if you’re feeling lost. I’ve been..",2025-03-08 16:57:51+00:00,Gadget Flow,https://thegadgetflow.com/blog/mac-studio-m3-ultra-review/,"Mac Studio M3 Ultra review (2025): Apple’s most powerful machine yet M3 Ultra—seriously, Apple? I thought you finished with the M3 chips, but here we are. Where’s the M4 Ultra? Why did Apple make buying a Mac Studio so confusing this year? I get it if you’re feeling lost. I’ve been..",mac studio ultra review apples powerful machine ultraseriously apple thought finished chips wheres ultra did apple make buying mac studio confusing year youre feeling lost ive,2025-03-08 16:57:51+00:00,9
Apple M1 Chip,"This AI-powered app takes notes for you, then summarizes them","Use your iPhone, iPad or Mac to transcribe and summarize lectures, meetings and more with AI note taker app My Notes AI.
(via Cult of Mac - Apple news, rumors, reviews and how-tos)",2025-03-08 16:10:02+00:00,Cult of Mac,https://www.cultofmac.com/deals/my-notes-ai-note-taker,"This AI-powered app takes notes for you, then summarizes them Use your iPhone, iPad or Mac to transcribe and summarize lectures, meetings and more with AI note taker app My Notes AI.
(via Cult of Mac - Apple news, rumors, reviews and how-tos)",aipowered app takes notes summarizes use iphone ipad mac transcribe summarize lectures meetings note taker app notes cult mac apple news rumors reviews howtos,2025-03-08 16:10:02+00:00,0
Apple M1 Chip,"Deals: Xiaomi 15 and 15 Ultra arrive, Nothing Phone (3a) launches, new iPads too","With MWC kicking off, this was an exciting week. Xiaomi brought the 15 and 15 Ultra over to Europe. Meanwhile, Nothing unveiled its (3a) series of phones.

Over at Cupertino, it was “Air” week as Apple announced new iPads and MacBooks with upgraded chipsets. …",2025-03-08 15:17:02+00:00,GSMArena.com,https://www.gsmarena.com/deals_xiaomi_15_and_15_ultra_arrive_nothing_phone_3a_launches_new_ipads_too-news-66849.php,"Deals: Xiaomi 15 and 15 Ultra arrive, Nothing Phone (3a) launches, new iPads too With MWC kicking off, this was an exciting week. Xiaomi brought the 15 and 15 Ultra over to Europe. Meanwhile, Nothing unveiled its (3a) series of phones.

Over at Cupertino, it was “Air” week as Apple announced new iPads and MacBooks with upgraded chipsets. …",deals xiaomi ultra arrive phone launches new ipads mwc kicking exciting week xiaomi brought ultra europe unveiled series phones cupertino air week apple announced new ipads macbooks upgraded chipsets,2025-03-08 15:17:02+00:00,-1
Apple M1 Chip,Should you buy the 2025 Mac Studio with M3 Ultra or M4 Max?,"Apple’s latest desktop Macs are “the most powerful ever.” It may be worth it for you to buy the M3 or M4 Mac Studio.
(via Cult of Mac - Apple news, rumors, reviews and how-tos)",2025-03-08 14:00:09+00:00,Cult of Mac,https://www.cultofmac.com/buying-guides/m3-m4-mac-studio-worth-it,"Should you buy the 2025 Mac Studio with M3 Ultra or M4 Max? Apple’s latest desktop Macs are “the most powerful ever.” It may be worth it for you to buy the M3 or M4 Mac Studio.
(via Cult of Mac - Apple news, rumors, reviews and how-tos)",buy mac studio ultra max apples latest desktop macs powerful worth buy mac studio cult mac apple news rumors reviews howtos,2025-03-08 14:00:09+00:00,9
Apple M1 Chip,"Top Stories: MacBook Air, Mac Studio, iPad Air, and iPad Updates","There was definitely ""something in the air"" this week as Tim Cook promised, with Apple making a number of product announcements to breathe new life into several of its Mac and iPad products.





Some aspects of the announcements were expected while others we…",2025-03-08 14:00:00+00:00,MacRumors,https://www.macrumors.com/2025/03/08/top-stories-mac-ipad-updates/,"Top Stories: MacBook Air, Mac Studio, iPad Air, and iPad Updates There was definitely ""something in the air"" this week as Tim Cook promised, with Apple making a number of product announcements to breathe new life into several of its Mac and iPad products.





Some aspects of the announcements were expected while others we…",stories macbook air mac studio ipad air ipad updates definitely air week tim cook promised apple making number product announcements breathe new life mac ipad products aspects announcements expected,2025-03-08 14:00:00+00:00,5
Apple M1 Chip,Should you buy the 2025 M3 iPad Air?,"The new tablet is a stellar upgrade to a fine line of iPads. It may be worth it for you to buy the M3 iPad Air.
(via Cult of Mac - Apple news, rumors, reviews and how-tos)",2025-03-08 11:15:00+00:00,Cult of Mac,https://www.cultofmac.com/buying-guides/m3-ipad-air-worth-it,"Should you buy the 2025 M3 iPad Air? The new tablet is a stellar upgrade to a fine line of iPads. It may be worth it for you to buy the M3 iPad Air.
(via Cult of Mac - Apple news, rumors, reviews and how-tos)",buy ipad air new tablet stellar upgrade fine line ipads worth buy ipad air cult mac apple news rumors reviews howtos,2025-03-08 11:15:00+00:00,5
Apple M1 Chip,Should you buy the 2025 M4 MacBook Air?,"With a big boost in performance, and a stunning new sky blue color — it may be worth it for you to buy the M4 MacBook Air.
(via Cult of Mac - Apple news, rumors, reviews and how-tos)",2025-03-08 10:20:00+00:00,Cult of Mac,https://www.cultofmac.com/buying-guides/m4-macbook-air-worth-it,"Should you buy the 2025 M4 MacBook Air? With a big boost in performance, and a stunning new sky blue color — it may be worth it for you to buy the M4 MacBook Air.
(via Cult of Mac - Apple news, rumors, reviews and how-tos)",buy macbook air big boost performance stunning new sky blue color worth buy macbook air cult mac apple news rumors reviews howtos,2025-03-08 10:20:00+00:00,1
Apple M1 Chip,Mac Studio and Studio Display Turn Three Today,"Apple announced the Mac Studio and Studio Display three years ago today.





The ‌Mac Studio‌ and Studio Display were unveiled as the final major announcements of Apple's ""Peek Performance"" event. Apple CEO Tim Cook introduced them as a completely new Mac pr…",2025-03-08 09:00:00+00:00,MacRumors,https://www.macrumors.com/2025/03/08/mac-studio-and-studio-display-turn-three-today/,"Mac Studio and Studio Display Turn Three Today Apple announced the Mac Studio and Studio Display three years ago today.





The ‌Mac Studio‌ and Studio Display were unveiled as the final major announcements of Apple's ""Peek Performance"" event. Apple CEO Tim Cook introduced them as a completely new Mac pr…",mac studio studio display turn today apple announced mac studio studio display years ago today mac studio studio display unveiled final major announcements apples peek performance event apple ceo tim cook introduced completely new mac,2025-03-08 09:00:00+00:00,9
Tim Cook,Tim Walz Attacks Musk With Trump Playbook,"“When he took the stage in downtown Eau Claire, Wis., on Tuesday night to rev up Democrats ahead of a critical State Supreme Court race, Gov. Tim Walz of Minnesota said he didn’t think name-calling",2025-03-20 02:20:26+00:00,Politicalwire.com,https://politicalwire.com/2025/03/19/tim-walz-attacks-musk-with-trump-playbook/,"Tim Walz Attacks Musk With Trump Playbook “When he took the stage in downtown Eau Claire, Wis., on Tuesday night to rev up Democrats ahead of a critical State Supreme Court race, Gov. Tim Walz of Minnesota said he didn’t think name-calling",tim walz attacks musk trump playbook took stage downtown eau claire wis tuesday night rev democrats ahead critical state supreme court race gov tim walz minnesota said didnt think namecalling,2025-03-20 02:20:26+00:00,-1
Tim Cook,Reading more blogs; Emacs Lisp: Listing blogs based on an OPML file,"Nudged by Dave Winer's post about old-school
bloggers and my now-nicely-synchronizing setup of
NetNewsWire (iOS) and FreshRSS (web), I gave
Claude AI this prompt to list bloggers (with the
addition of ""Please include URLs and short bios."")
and had fun going t…",2025-03-19 23:17:24+00:00,Sachachua.com,https://sachachua.com/blog/2025/03/reading-more-blogs-emacs-lisp-listing-blogs-based-on-an-opml-file/,"Reading more blogs; Emacs Lisp: Listing blogs based on an OPML file Nudged by Dave Winer's post about old-school
bloggers and my now-nicely-synchronizing setup of
NetNewsWire (iOS) and FreshRSS (web), I gave
Claude AI this prompt to list bloggers (with the
addition of ""Please include URLs and short bios."")
and had fun going t…",reading blogs emacs lisp listing blogs based opml file nudged dave winers post oldschool bloggers nownicelysynchronizing setup netnewswire ios freshrss web gave claude prompt list bloggers addition include urls short bios fun going,2025-03-19 23:17:24+00:00,-1
Tim Cook,"Liberal Documentarians Panic as Industry Goes Trump-Friendly, but Conservatives Say ‘They’re Getting a Taste’ of Censorship and It’s ‘Satisfying’","Eight years ago, tech billionaire Jeff Skoll clapped enthusiastically as Al Gore assuaged the opening-night Sundance crowd just hours before Donald Trump was sworn in as the 45th president. “We will win,” Gore said after the Skoll-backed climate change docume…",2025-03-19 18:30:00+00:00,Variety,https://variety.com/2025/film/news/documentary-donald-trump-liberal-conservative-maga-1236342420/,"Liberal Documentarians Panic as Industry Goes Trump-Friendly, but Conservatives Say ‘They’re Getting a Taste’ of Censorship and It’s ‘Satisfying’ Eight years ago, tech billionaire Jeff Skoll clapped enthusiastically as Al Gore assuaged the opening-night Sundance crowd just hours before Donald Trump was sworn in as the 45th president. “We will win,” Gore said after the Skoll-backed climate change docume…",liberal documentarians panic industry goes trumpfriendly conservatives say theyre getting taste censorship satisfying years ago tech billionaire jeff skoll clapped enthusiastically gore assuaged openingnight sundance crowd just hours donald trump sworn president win gore said skollbacked climate change docume,2025-03-19 18:30:00+00:00,2
Tim Cook,"EU warns Google, Apple over digital rules amid tensions with Trump over Big Tech fines",The European Union issued fresh warnings to Apple and Google over potential violations of its strict digital rules on Wednesday – a move that will likely escalate tensions between the EU and President Trump.,2025-03-19 17:22:13+00:00,New York Post,https://nypost.com/2025/03/19/business/eu-warns-google-apple-over-digital-rules-amid-tensions-with-trump-over-big-tech-fines/,"EU warns Google, Apple over digital rules amid tensions with Trump over Big Tech fines The European Union issued fresh warnings to Apple and Google over potential violations of its strict digital rules on Wednesday – a move that will likely escalate tensions between the EU and President Trump.",warns google apple digital rules amid tensions trump big tech fines european union issued fresh warnings apple google potential violations strict digital rules wednesday likely escalate tensions president trump,2025-03-19 17:22:13+00:00,6
Tim Cook,Apple blasts EU antitrust regulators upon being ordered to open up to rivals,"On Wednesday, EU antitrust authorities directed Apple to grant rivals access to its ecosystem, providing specific instructions on how to…
The post Apple blasts EU antitrust regulators upon being ordered to open up to rivals appeared first on MacDailyNews.",2025-03-19 17:16:27+00:00,Macdailynews.com,https://macdailynews.com/2025/03/19/apple-blasts-eu-antitrust-regulators-upon-being-ordered-to-open-up-to-rivals/,"Apple blasts EU antitrust regulators upon being ordered to open up to rivals On Wednesday, EU antitrust authorities directed Apple to grant rivals access to its ecosystem, providing specific instructions on how to…
The post Apple blasts EU antitrust regulators upon being ordered to open up to rivals appeared first on MacDailyNews.",apple blasts antitrust regulators ordered open rivals wednesday antitrust authorities directed apple grant rivals access ecosystem providing specific instructions post apple blasts antitrust regulators ordered open rivals appeared macdailynews,2025-03-19 17:16:27+00:00,6
Tim Cook,The EU is betraying its users and weakening their privacy for political gain,"Maybe Apple will never fully walk away from Europe, but the European Commission has just guaranteed that the citizens of its member states will always be the last to get new iPhone features — if they get them at all.Apple's headquarters in Ireland, in the Eur…",2025-03-19 17:10:14+00:00,AppleInsider,https://appleinsider.com/articles/25/03/19/the-eu-is-betraying-its-users-and-weakening-their-privacy-for-political-gain,"The EU is betraying its users and weakening their privacy for political gain Maybe Apple will never fully walk away from Europe, but the European Commission has just guaranteed that the citizens of its member states will always be the last to get new iPhone features — if they get them at all.Apple's headquarters in Ireland, in the Eur…",betraying users weakening privacy political gain maybe apple fully walk away europe european commission just guaranteed citizens member states new iphone features allapples headquarters ireland eur,2025-03-19 17:10:14+00:00,6
Tim Cook,The 15 Best Couch Co-op Video Games,"Studios like Hazelight — the developer behind new hit game ‘Split Fiction’ are keeping the couch co-op experience from becoming a lost art. Here, we round up 14 more games you can play together (in the same room).",2025-03-19 16:40:49+00:00,Vulture,http://www.vulture.com/article/best-couch-co-op-local-multiplayer-video-games.html,"The 15 Best Couch Co-op Video Games Studios like Hazelight — the developer behind new hit game ‘Split Fiction’ are keeping the couch co-op experience from becoming a lost art. Here, we round up 14 more games you can play together (in the same room).",best couch coop video games studios like hazelight developer new hit game split fiction keeping couch coop experience lost art round games play room,2025-03-19 16:40:49+00:00,0
Tim Cook,‘What This Does Is Throw Open the Door for Corruption’: Trump Illegally Fires Two FTC Commissioners,"This ""throws open the door for corruption,"" FTC commissioner Alvaro Bedoya told Gizmodo.",2025-03-19 12:40:59+00:00,Gizmodo.com,https://gizmodo.com/what-this-does-is-throw-open-the-door-for-corruption-trump-illegally-fires-two-ftc-commissioners-2000577814,"‘What This Does Is Throw Open the Door for Corruption’: Trump Illegally Fires Two FTC Commissioners This ""throws open the door for corruption,"" FTC commissioner Alvaro Bedoya told Gizmodo.",does throw open door corruption trump illegally fires ftc commissioners throws open door corruption ftc commissioner alvaro bedoya told gizmodo,2025-03-19 12:40:59+00:00,-1
Tim Cook,"NFL free agency grades: Do Cowboys, 49ers, Falcons warrant getting an F?",Wednesday marks one week since the start of NFL’s 2025 league year. This is the perfect moment to grade every club’s approach to free agency.,2025-03-19 12:23:10+00:00,USA Today,https://www.usatoday.com/story/sports/nfl/columnist/nate-davis/2025/03/19/nfl-free-agency-grades-cowboys-49ers-bengals/82534624007/,"NFL free agency grades: Do Cowboys, 49ers, Falcons warrant getting an F? Wednesday marks one week since the start of NFL’s 2025 league year. This is the perfect moment to grade every club’s approach to free agency.",nfl free agency grades cowboys ers falcons warrant getting wednesday marks week start nfls league year perfect moment grade clubs approach free agency,2025-03-19 12:23:10+00:00,-1
Tim Cook,Tim Walz Asked to Include Schumer Criticism in Podcast,Minnesota Gov. Tim Walz (D) specifically asked California Gov. Gavin Newsom’s (D) aides for a chance to speak about Senate Minority Leader Chuck Schumer on Newsom’s podcast — even after the original discussion had already,2025-03-19 12:07:29+00:00,Politicalwire.com,https://politicalwire.com/2025/03/19/tim-walz-asked-to-include-schumer-criticism-in-podcast/,Tim Walz Asked to Include Schumer Criticism in Podcast Minnesota Gov. Tim Walz (D) specifically asked California Gov. Gavin Newsom’s (D) aides for a chance to speak about Senate Minority Leader Chuck Schumer on Newsom’s podcast — even after the original discussion had already,tim walz asked include schumer criticism podcast minnesota gov tim walz specifically asked california gov gavin newsoms aides chance speak senate minority leader chuck schumer newsoms podcast original discussion,2025-03-19 12:07:29+00:00,-1
Tim Cook,Palmer Luckey's take on the 'ludicrously expensive' Vision Pro,"Apple's Vision Pro is the technology of the future, according to Palmer Luckey and Tim Cook.
Michael M. Santiago/Getty Images
Palmer Luckey discusses Apple's Vision Pro, noting its high standard and niche market.
The $3,500 mixed reality headset has had low d…",2025-03-19 11:15:20+00:00,Biztoc.com,https://biztoc.com/x/dd3336331a15fed6,"Palmer Luckey's take on the 'ludicrously expensive' Vision Pro Apple's Vision Pro is the technology of the future, according to Palmer Luckey and Tim Cook.
Michael M. Santiago/Getty Images
Palmer Luckey discusses Apple's Vision Pro, noting its high standard and niche market.
The $3,500 mixed reality headset has had low d…",palmer luckeys ludicrously expensive vision pro apples vision pro technology future according palmer luckey tim cook michael santiagogetty images palmer luckey discusses apples vision pro noting high standard niche market mixed reality headset low,2025-03-19 11:15:20+00:00,0
Tim Cook,Breaking down the 5 St. Louis area teams qualified for boys basketball state semifinals,"Chaminade, Lafayette, Vashon, Webster Groves and Westminster are playing in the boys basketball state semifinals starting Wednesday at Mizzou Arena.",2025-03-19 11:00:00+00:00,STLtoday.com,https://www.stltoday.com/sports/high-school/boys-basketball/article_d1bf14a6-0350-11f0-876c-1b185f14c8cb.html,"Breaking down the 5 St. Louis area teams qualified for boys basketball state semifinals Chaminade, Lafayette, Vashon, Webster Groves and Westminster are playing in the boys basketball state semifinals starting Wednesday at Mizzou Arena.",breaking louis area teams qualified boys basketball state semifinals chaminade lafayette vashon webster groves westminster playing boys basketball state semifinals starting wednesday mizzou arena,2025-03-19 11:00:00+00:00,-1
Tim Cook,80 global executives to gather in Beijing for key annual summit,"80 global executives to gather in Beijing for key annual summit
The attendees include leaders of more than a dozen US corporations, including Apple CEO Tim Cook
A total of 80 top executives from global multinational companies are set to gather in Beijing to d…",2025-03-18 22:20:07+00:00,Biztoc.com,https://biztoc.com/x/2cee25987de35782,"80 global executives to gather in Beijing for key annual summit 80 global executives to gather in Beijing for key annual summit
The attendees include leaders of more than a dozen US corporations, including Apple CEO Tim Cook
A total of 80 top executives from global multinational companies are set to gather in Beijing to d…",global executives gather beijing key annual summit global executives gather beijing key annual summit attendees include leaders dozen corporations including apple ceo tim cook total executives global multinational companies set gather beijing,2025-03-18 22:20:07+00:00,4
Tim Cook,"Apple Fifth Avenue Will Close Overnight Some Days This Week, Want to Know Why?","Apple's iconic glass cube retail store on Fifth Avenue in New York City, which is usually open 24/7, will be closed some nights this week. Read More...",2025-03-18 21:55:27+00:00,Mactrast.com,https://www.mactrast.com/2025/03/apple-fifth-avenue-will-close-overnight-some-days-this-week-want-to-know-why/,"Apple Fifth Avenue Will Close Overnight Some Days This Week, Want to Know Why? Apple's iconic glass cube retail store on Fifth Avenue in New York City, which is usually open 24/7, will be closed some nights this week. Read More...",apple fifth avenue close overnight days week want know apples iconic glass cube retail store fifth avenue new york city usually open closed nights week read,2025-03-18 21:55:27+00:00,14
Tim Cook,"Pebble unveils new devices, and strongly suggests you dump iOS for Android","It’s barely been two months after the announcement that Pebble would return with new watches, and they’re already here – well, sort of. Pebble has announced two new watches for preorder, the Core 2 Duo and the Core Time 2. The former is effectively a Pebble 2…",2025-03-18 21:47:10+00:00,Osnews.com,https://www.osnews.com/story/141951/pebble-unveils-new-devices-and-strongly-suggests-you-dump-ios-for-android/,"Pebble unveils new devices, and strongly suggests you dump iOS for Android It’s barely been two months after the announcement that Pebble would return with new watches, and they’re already here – well, sort of. Pebble has announced two new watches for preorder, the Core 2 Duo and the Core Time 2. The former is effectively a Pebble 2…",pebble unveils new devices strongly suggests dump ios android barely months announcement pebble return new watches theyre sort pebble announced new watches preorder core duo core time effectively pebble,2025-03-18 21:47:10+00:00,10
Tim Cook,Mum of trans teen has 'had enough' of political meddling in healthcare,"Carly loved dressing as a girl from an early age and was preparing to start puberty blockers when the Queensland government banned her and hundreds of others from receiving free treatment. Her mother is furious at politicians for ""interfering"" in Carly's heal…",2025-03-18 19:54:25+00:00,ABC News (AU),https://www.abc.net.au/news/2025-03-19/qld-gender-dysphoria-hormone-treatment-trans-puberty-blocker/105061976,"Mum of trans teen has 'had enough' of political meddling in healthcare Carly loved dressing as a girl from an early age and was preparing to start puberty blockers when the Queensland government banned her and hundreds of others from receiving free treatment. Her mother is furious at politicians for ""interfering"" in Carly's heal…",mum trans teen political meddling healthcare carly loved dressing girl early age preparing start puberty blockers queensland government banned hundreds receiving free treatment mother furious politicians interfering carlys heal,2025-03-18 19:54:25+00:00,-1
Tim Cook,Tim Walz Knocks Chuck Schumer Over Shutdown Stance,"""Tim Walz took a jab at Chuck Schumer over his decision to avert a government shutdown, accusing the party of ceding to Republicans,"" Politico reports. Said Walz: ""I believe that Chuck 100 percent believes that",2025-03-18 14:56:17+00:00,Politicalwire.com,https://politicalwire.com/2025/03/18/tim-walz-knocks-chuck-schumer-over-shutdown-stance/,"Tim Walz Knocks Chuck Schumer Over Shutdown Stance ""Tim Walz took a jab at Chuck Schumer over his decision to avert a government shutdown, accusing the party of ceding to Republicans,"" Politico reports. Said Walz: ""I believe that Chuck 100 percent believes that",tim walz knocks chuck schumer shutdown stance tim walz took jab chuck schumer decision avert government shutdown accusing party ceding republicans politico reports said walz believe chuck percent believes,2025-03-18 14:56:17+00:00,-1
Tim Cook,MasterChef Australia 17 Welcomes Back Indian-Origin Chef Depinder Chhibber,Depinder Chhibber&#039;s previous run on MasterChef Australia was nothing short of spectacular,2025-03-18 12:14:03+00:00,NDTV News,https://www.ndtv.com/entertainment/masterchef-australia-17-welcomes-back-indian-origin-chef-depinder-chhibber-7950807,MasterChef Australia 17 Welcomes Back Indian-Origin Chef Depinder Chhibber Depinder Chhibber&#039;s previous run on MasterChef Australia was nothing short of spectacular,masterchef australia welcomes indianorigin chef depinder chhibber depinder chhibbers previous run masterchef australia short spectacular,2025-03-18 12:14:03+00:00,7
Tim Cook,Cavallo Point Lodge: A Historic Retreat With World-Class Views And Culinary Experiences,"Located in Sausalito at the base of the Golden Gate Bridge, Cavallo Point Lodge is set within Fort Baker, a historic army post that dates back to the early 1900s.",2025-03-17 22:40:40+00:00,Forbes,https://www.forbes.com/sites/chelseadavis/2025/03/17/cavallo-point-lodge-a-historic-retreat-with-world-class-views-and-culinary-experiences/,"Cavallo Point Lodge: A Historic Retreat With World-Class Views And Culinary Experiences Located in Sausalito at the base of the Golden Gate Bridge, Cavallo Point Lodge is set within Fort Baker, a historic army post that dates back to the early 1900s.",cavallo point lodge historic retreat worldclass views culinary experiences located sausalito base golden gate bridge cavallo point lodge set fort baker historic army post dates early,2025-03-17 22:40:40+00:00,7
Tim Cook,"Elon Musk’s extensive ties to China, explained","Elon Musk has opinions on how a lot of the world’s countries should be run.  He has weighed in on elections in Germany on behalf of a far-right party, sparred with the government of his native South Africa, and called for the removal of the president of Ukrai…",2025-03-17 22:26:40+00:00,Vox,https://www.vox.com/world-politics/404621/elon-musk-china-tesla-trump,"Elon Musk’s extensive ties to China, explained Elon Musk has opinions on how a lot of the world’s countries should be run.  He has weighed in on elections in Germany on behalf of a far-right party, sparred with the government of his native South Africa, and called for the removal of the president of Ukrai…",elon musks extensive ties china explained elon musk opinions lot worlds countries run weighed elections germany behalf farright party sparred government native south africa called removal president ukrai,2025-03-17 22:26:40+00:00,2
Tim Cook,Breitbart Business Digest: The Case for Strategic Tariffs from Ricardo to Reagan,"A properly designed tariff policy is not an attack on free trade. It is the only way to save it in a world where trade has been manipulated by mercantilist government policies.
The post Breitbart Business Digest: The Case for Strategic Tariffs from Ricardo to…",2025-03-17 22:10:05+00:00,Breitbart News,https://www.breitbart.com/economy/2025/03/17/breitbart-business-digest-the-case-for-strategic-tariffs-from-ricardo-to-reagan/,"Breitbart Business Digest: The Case for Strategic Tariffs from Ricardo to Reagan A properly designed tariff policy is not an attack on free trade. It is the only way to save it in a world where trade has been manipulated by mercantilist government policies.
The post Breitbart Business Digest: The Case for Strategic Tariffs from Ricardo to…",breitbart business digest case strategic tariffs ricardo reagan properly designed tariff policy attack free trade way save world trade manipulated mercantilist government policies post breitbart business digest case strategic tariffs ricardo,2025-03-17 22:10:05+00:00,2
Tim Cook,"Contentious bill casts chill over job protection, access to information in N.S., committee hears",Members of the public lined up Monday to express concerns about an omnibus government bill they say risks placing a chill over public servants' ability to do their jobs and weakens people's access to information in Nova Scotia.,2025-03-17 20:50:46+00:00,CBC News,https://www.cbc.ca/news/canada/nova-scotia/legislature-bill-1-foipop-access-to-information-civil-service-1.7485842,"Contentious bill casts chill over job protection, access to information in N.S., committee hears Members of the public lined up Monday to express concerns about an omnibus government bill they say risks placing a chill over public servants' ability to do their jobs and weakens people's access to information in Nova Scotia.",contentious casts chill job protection access information committee hears members public lined monday express concerns omnibus government say risks placing chill public servants ability jobs weakens peoples access information nova scotia,2025-03-17 20:50:46+00:00,-1
Tim Cook,Leaked Apple Siri Meeting,"Mark Gurman (Hacker News, MacRumors): Robby Walker, who serves as a senior director at Apple, delivered the stark comments during an all-hands meeting for the Siri division, saying that the team was facing a bad period. Walker also said that it’s unclear when…",2025-03-17 19:54:45+00:00,Mjtsai.com,https://mjtsai.com/blog/2025/03/17/leaked-apple-siri-meeting/,"Leaked Apple Siri Meeting Mark Gurman (Hacker News, MacRumors): Robby Walker, who serves as a senior director at Apple, delivered the stark comments during an all-hands meeting for the Siri division, saying that the team was facing a bad period. Walker also said that it’s unclear when…",leaked apple siri meeting mark gurman hacker news macrumors robby walker serves senior director apple delivered stark comments allhands meeting siri division saying team facing bad period walker said unclear,2025-03-17 19:54:45+00:00,4
Tim Cook,Silicon Valley tech giants cozied up to Trump — his administration is still suing them,Feds' continuing demand for breakup of Google may signal Trump administration committed to anti-monopoly legal action.,2025-03-17 17:17:33+00:00,Boston Herald,https://www.bostonherald.com/2025/03/17/silicon-valley-tech-giants-trump-administration-anti-monopoly-lawsuits/,Silicon Valley tech giants cozied up to Trump — his administration is still suing them Feds' continuing demand for breakup of Google may signal Trump administration committed to anti-monopoly legal action.,silicon valley tech giants cozied trump administration suing feds continuing demand breakup google signal trump administration committed antimonopoly legal action,2025-03-17 17:17:33+00:00,6
Tim Cook,Apple’s Siri boss admits to ‘ugly’ and embarassing AI delays during all-hands meeting: report,Apple is scrambling internally to address embarrassing errors and delays related to a planned AI overhaul of its Siri digital assistant – with the boss of the team reportedly referring to the postponed rollout as “ugly.”,2025-03-17 16:52:01+00:00,New York Post,https://nypost.com/2025/03/17/business/apples-siri-boss-calls-ai-delays-ugly-and-embarassing-during-all-hands-meeting-report/,Apple’s Siri boss admits to ‘ugly’ and embarassing AI delays during all-hands meeting: report Apple is scrambling internally to address embarrassing errors and delays related to a planned AI overhaul of its Siri digital assistant – with the boss of the team reportedly referring to the postponed rollout as “ugly.”,apples siri boss admits ugly embarassing delays allhands meeting report apple scrambling internally address embarrassing errors delays related planned overhaul siri digital assistant boss team reportedly referring postponed rollout ugly,2025-03-17 16:52:01+00:00,4
Tim Cook,I've been using an Apple Watch for 10 years – here are three common mistakes even I've made,Got an Apple Watch? Here are some common mistakes you might be making.,2025-03-17 15:52:37+00:00,TechRadar,https://www.techradar.com/health-fitness/smartwatches/ive-been-using-apple-watch-for-10-years-here-are-three-common-mistakes-even-ive-made,I've been using an Apple Watch for 10 years – here are three common mistakes even I've made Got an Apple Watch? Here are some common mistakes you might be making.,ive using apple watch years common mistakes ive got apple watch common mistakes making,2025-03-17 15:52:37+00:00,10
Tim Cook,How Trump’s tariff chaos is already changing global trade,"Today’s episode of Decoder is a little different, and I think it’s one of the more illuminating conversations I’ve had in a while. I’m talking to Evan Smith, the cofounder and CEO of Altana, a company that makes software to track and manage the global supply …",2025-03-17 13:42:10+00:00,The Verge,https://www.theverge.com/decoder-podcast-with-nilay-patel/631082/trump-tariffs-iphone-altana-ceo-evan-smith-interview,"How Trump’s tariff chaos is already changing global trade Today’s episode of Decoder is a little different, and I think it’s one of the more illuminating conversations I’ve had in a while. I’m talking to Evan Smith, the cofounder and CEO of Altana, a company that makes software to track and manage the global supply …",trumps tariff chaos changing global trade todays episode decoder little different think illuminating conversations ive talking evan smith cofounder ceo altana company makes software track manage global supply,2025-03-17 13:42:10+00:00,2
Tim Cook,It’s time we do more of the long and boring stuff,"We might live in an age of peak communication efficiency, but nothing feels as real as a letter. And real must be the goal, that’s according to Dacre founder Alex Dixon.It’s exciting.Receiving a letter that is. Read more here",2025-03-17 12:50:00+00:00,The Drum,https://www.thedrum.com/opinion/2025/03/17/it-s-time-we-do-more-the-long-and-boring-stuff,"It’s time we do more of the long and boring stuff We might live in an age of peak communication efficiency, but nothing feels as real as a letter. And real must be the goal, that’s according to Dacre founder Alex Dixon.It’s exciting.Receiving a letter that is. Read more here",time long boring stuff live age peak communication efficiency feels real letter real goal thats according dacre founder alex dixonits excitingreceiving letter read,2025-03-17 12:50:00+00:00,-1
Tim Cook,Apple mysteriously drops $23 million lawsuit against recycler accused of stealing iPhones,"After five years, Apple has dropped a $23 million lawsuit against recycling firm Geep Canada, with no explanation for how the alleged theft of 100,000 iPhone, iPad and Apple Watch was resolved.Daisy, Apple's own iPhone recycling robotWhile the lawsuit was not…",2025-03-17 12:40:03+00:00,AppleInsider,https://appleinsider.com/articles/25/03/17/apple-mysteriously-drops-23-million-lawsuit-against-recycler-accused-of-stealing-iphones,"Apple mysteriously drops $23 million lawsuit against recycler accused of stealing iPhones After five years, Apple has dropped a $23 million lawsuit against recycling firm Geep Canada, with no explanation for how the alleged theft of 100,000 iPhone, iPad and Apple Watch was resolved.Daisy, Apple's own iPhone recycling robotWhile the lawsuit was not…",apple mysteriously drops million lawsuit recycler accused stealing iphones years apple dropped million lawsuit recycling firm geep canada explanation alleged theft iphone ipad apple watch resolveddaisy apples iphone recycling robotwhile lawsuit,2025-03-17 12:40:03+00:00,-1
Tim Cook,"Ireland is Apple's second home, says Tim Cook","Apple CEO Tim Cook wrote to Ireland's new prime minister to congratulate him and talk about the future of the company in the country.Apple's European headquarters, located in Cork, Ireland — image credit: AppleIreland is Apple's base for the whole of its non-…",2025-03-17 11:45:51+00:00,AppleInsider,https://appleinsider.com/articles/25/03/17/ireland-is-apples-second-home-says-tim-cook,"Ireland is Apple's second home, says Tim Cook Apple CEO Tim Cook wrote to Ireland's new prime minister to congratulate him and talk about the future of the company in the country.Apple's European headquarters, located in Cork, Ireland — image credit: AppleIreland is Apple's base for the whole of its non-…",ireland apples second home says tim cook apple ceo tim cook wrote irelands new prime minister congratulate talk future company countryapples european headquarters located cork ireland image credit appleireland apples base non,2025-03-17 11:45:51+00:00,4
Tim Cook,Trump Halted an Agent Orange Cleanup. That Puts Hundreds of Thousands at Risk for Poisoning.,"by Anna Maria Barry-Jester and Brett Murphy, ProPublica, and Le Van for ProPublica 
 

 
 
 ProPublica is a nonprofit newsroom that investigates abuses of power. Sign up to receive our biggest stories as soon as they’re published.

 

 

 
 



 
In mid-Febru…",2025-03-17 10:00:00+00:00,ProPublica,https://www.propublica.org/article/trump-halted-agent-orange-cleanup-dioxin-vietnam-poison-risk,"Trump Halted an Agent Orange Cleanup. That Puts Hundreds of Thousands at Risk for Poisoning. by Anna Maria Barry-Jester and Brett Murphy, ProPublica, and Le Van for ProPublica 
 

 
 
 ProPublica is a nonprofit newsroom that investigates abuses of power. Sign up to receive our biggest stories as soon as they’re published.

 

 

 
 



 
In mid-Febru…",trump halted agent orange cleanup puts hundreds thousands risk poisoning anna maria barryjester brett murphy propublica van propublica propublica nonprofit newsroom investigates abuses power sign receive biggest stories soon theyre published midfebru,2025-03-17 10:00:00+00:00,-1
Tim Cook,"Ireland ‘incredibly important’ to Apple, Tim Cook tells Taoiseach",Letter from tech giant’s chief executive to Micheál Martin came against backdrop of concerns raised with in recent months about infrastructure,2025-03-17 06:00:00+00:00,The Irish Times,https://www.irishtimes.com/politics/2025/03/17/ireland-incredibly-important-to-apple-tim-cook-tells-taoiseach/,"Ireland ‘incredibly important’ to Apple, Tim Cook tells Taoiseach Letter from tech giant’s chief executive to Micheál Martin came against backdrop of concerns raised with in recent months about infrastructure",ireland incredibly important apple tim cook tells taoiseach letter tech giants chief executive michel martin came backdrop concerns raised recent months infrastructure,2025-03-17 06:00:00+00:00,4
Tim Cook,‘The White Lotus’ Episode 5: Russian Roulette,"This week on 'The White Lotus' the guests get loose during the Full Moon Party while danger lurks for Belinda, Gaitok, and Tim Ratliff.",2025-03-17 02:01:00+00:00,Rolling Stone,http://www.rollingstone.com/tv-movies/tv-movie-recaps/white-lotus-episode-5-season-3-1235295109/,"‘The White Lotus’ Episode 5: Russian Roulette This week on 'The White Lotus' the guests get loose during the Full Moon Party while danger lurks for Belinda, Gaitok, and Tim Ratliff.",white lotus episode russian roulette week white lotus guests loose moon party danger lurks belinda gaitok tim ratliff,2025-03-17 02:01:00+00:00,7
Tim Cook,"Apple will try to right the Apple Intelligence Siri ship, but don't expect firings","Apple's ongoing promise to improve its vocal assistant Siri with Apple Intelligence has still not been fulfilled, and looks to be a failure at multiple levels of the executive management team.Siri's upgrade to leverage Apple Intelligence will be a focus at Ap…",2025-03-16 23:10:47+00:00,AppleInsider,https://appleinsider.com/articles/25/03/16/apple-will-try-to-right-the-apple-intelligence-siri-ship-but-dont-expect-firings,"Apple will try to right the Apple Intelligence Siri ship, but don't expect firings Apple's ongoing promise to improve its vocal assistant Siri with Apple Intelligence has still not been fulfilled, and looks to be a failure at multiple levels of the executive management team.Siri's upgrade to leverage Apple Intelligence will be a focus at Ap…",apple try right apple intelligence siri ship dont expect firings apples ongoing promise improve vocal assistant siri apple intelligence fulfilled looks failure multiple levels executive management teamsiris upgrade leverage apple intelligence focus,2025-03-16 23:10:47+00:00,4
Tim Cook,Apple Is Caught In Its Own Dangerous Catch-22,"Apple’ has announced several Apple Intelligence features are being delayed until 2026. These aren’t the only issues facing Apple, and there’s no easy way to fix them...",2025-03-16 17:00:22+00:00,Forbes,https://www.forbes.com/sites/ewanspence/2025/03/16/apple-intelligence-failures-siri-open-ai-generative-ai-wwdc-promises/,"Apple Is Caught In Its Own Dangerous Catch-22 Apple’ has announced several Apple Intelligence features are being delayed until 2026. These aren’t the only issues facing Apple, and there’s no easy way to fix them...",apple caught dangerous catch apple announced apple intelligence features delayed arent issues facing apple theres easy way fix,2025-03-16 17:00:22+00:00,4
Tim Cook,"Cain Velasquez recalls awe at fighting Brock Lesnar: ‘Wow, it’s a big human’","Cain Velasquez beat Brock Lesnar, but he admits the pro wrestling star was an intimidating sight.",2025-03-16 17:00:00+00:00,MMA Fighting,https://www.mmafighting.com/2025/3/16/24385985/cain-velasquez-recalls-awe-at-fighting-brock-lesnar-wow-its-a-big-human,"Cain Velasquez recalls awe at fighting Brock Lesnar: ‘Wow, it’s a big human’ Cain Velasquez beat Brock Lesnar, but he admits the pro wrestling star was an intimidating sight.",cain velasquez recalls awe fighting brock lesnar wow big human cain velasquez beat brock lesnar admits pro wrestling star intimidating sight,2025-03-16 17:00:00+00:00,-1
Tim Cook,Where in the World #885,"To all who come to this photo trivia game, welcome! Along the way, the photos can make us relive memories and see details that Walt’s Imagineers put into everything we love in Walt Disney World! It’s Saint Patrick’s Day! And the first day of: Deb Ragno, I’m s…",2025-03-16 16:00:08+00:00,allears.net,https://allears.net/2025/03/16/where-in-the-world-885/,"Where in the World #885 To all who come to this photo trivia game, welcome! Along the way, the photos can make us relive memories and see details that Walt’s Imagineers put into everything we love in Walt Disney World! It’s Saint Patrick’s Day! And the first day of: Deb Ragno, I’m s…",world come photo trivia game welcome way photos make relive memories details walts imagineers love walt disney world saint patricks day day deb ragno,2025-03-16 16:00:08+00:00,-1
Tim Cook,Meta’s Assault on DEI Plays Right Into the Project 2025 Handbook,Mark Zuckerberg’s decision may have potentially devastating consequences for the safety of marginalized communities.,2025-03-16 13:25:53+00:00,Projectcensored.org,https://www.projectcensored.org/meta-right-big-tech-project-2025-dei/,Meta’s Assault on DEI Plays Right Into the Project 2025 Handbook Mark Zuckerberg’s decision may have potentially devastating consequences for the safety of marginalized communities.,metas assault dei plays right project handbook mark zuckerbergs decision potentially devastating consequences safety marginalized communities,2025-03-16 13:25:53+00:00,-1
Tim Cook,Apple Is Caught In Its Own Dangerous Catch-22,"Apple’ has announced several Apple Intelligence features are being delayed until 2026. These aren’t the only issues facing Apple, and there’s no easy way to fix them...",2025-03-16 00:44:36+00:00,Forbes,https://www.forbes.com/sites/ewanspence/2025/03/15/apple-intelligence-failures-siri-open-ai-generative-ai-wwdc-promises/,"Apple Is Caught In Its Own Dangerous Catch-22 Apple’ has announced several Apple Intelligence features are being delayed until 2026. These aren’t the only issues facing Apple, and there’s no easy way to fix them...",apple caught dangerous catch apple announced apple intelligence features delayed arent issues facing apple theres easy way fix,2025-03-16 00:44:36+00:00,4
Tim Cook,Best vs. First,The chief executive says there's something more important than being first: being best.,2025-03-15 16:46:36+00:00,CNBC,https://www.cnbc.com/2016/10/07/the-one-great-reason-apple-ceo-tim-cook-doesnt-care-about-being-first.html,Best vs. First The chief executive says there's something more important than being first: being best.,best chief executive says theres important best,2025-03-15 16:46:36+00:00,-1
Tim Cook,"More like Artificial Stupidity, am I right?","John Gruber, writer of Daring Fireball, creator of Markdown syntax, and one of the world's preeminent Apple apologists, has lost his religion. ""Tim Cook should have already held a meeting like that to address and rectify this Siri and Apple Intelligence debac…",2025-03-15 14:22:49+00:00,Metafilter.com,https://www.metafilter.com/208035/More-like-Artificial-Stupidity-am-I-right,"More like Artificial Stupidity, am I right? John Gruber, writer of Daring Fireball, creator of Markdown syntax, and one of the world's preeminent Apple apologists, has lost his religion. ""Tim Cook should have already held a meeting like that to address and rectify this Siri and Apple Intelligence debac…",like artificial stupidity right john gruber writer daring fireball creator markdown syntax worlds preeminent apple apologists lost religion tim cook held meeting like address rectify siri apple intelligence debac,2025-03-15 14:22:49+00:00,4
Tim Cook,"Top Stories: Apple Intelligence Siri Delay Sparks Concern, iOS 19 Redesign, and More","While Apple launched a bunch of new hardware this week, the biggest news was on the software side where a delay for some of the previously announced Apple Intelligence Siri features has led to scrutiny of Apple's actions and uneasiness among those at the comp…",2025-03-15 13:00:00+00:00,MacRumors,https://www.macrumors.com/2025/03/15/top-stories-apple-intelligence-siri-delay/,"Top Stories: Apple Intelligence Siri Delay Sparks Concern, iOS 19 Redesign, and More While Apple launched a bunch of new hardware this week, the biggest news was on the software side where a delay for some of the previously announced Apple Intelligence Siri features has led to scrutiny of Apple's actions and uneasiness among those at the comp…",stories apple intelligence siri delay sparks concern ios redesign apple launched bunch new hardware week biggest news software delay previously announced apple intelligence siri features led scrutiny apples actions uneasiness comp,2025-03-15 13:00:00+00:00,4
Tim Cook,Is Elon Musk an ‘absent CEO’ at Tesla? Expert's reply will shock you: ‘He does not have the time’,"Forbes journalist Alan Ohnsman weighed in on increased responsibilities of Elon Musk at the government, and observed that it is not ‘possible’ for the billionare to engage in so many tasks and do them well",2025-03-15 02:23:55+00:00,Livemint,https://www.livemint.com/companies/people/is-elon-musk-an-absent-ceo-at-tesla-experts-reply-will-shock-you-he-does-not-have-the-time-11742003855613.html,"Is Elon Musk an ‘absent CEO’ at Tesla? Expert's reply will shock you: ‘He does not have the time’ Forbes journalist Alan Ohnsman weighed in on increased responsibilities of Elon Musk at the government, and observed that it is not ‘possible’ for the billionare to engage in so many tasks and do them well",elon musk absent ceo tesla experts reply shock does time forbes journalist alan ohnsman weighed increased responsibilities elon musk government observed possible billionare engage tasks,2025-03-15 02:23:55+00:00,17
Tim Cook,RuPaul's Drag Race Season 17 Preview: Ep. 11 Unleashes The Ducks!,"After Arrietty took the long walk last week (check out Eden Arnold's thoughts on the round: ""RuPaul's Drag Race Season 17 Ep. 10 Review: Roast Me, Drag Daddy""), MTV's RuPaul's Drag Race Season 17  returns this week with S17E11: ""Ross Mathews vs. The Ducks."" T…",2025-03-14 22:37:07+00:00,Bleeding Cool News,https://bleedingcool.com/tv/rupauls-drag-race-season-17-preview-ep-11-unleashes-the-ducks/,"RuPaul's Drag Race Season 17 Preview: Ep. 11 Unleashes The Ducks! After Arrietty took the long walk last week (check out Eden Arnold's thoughts on the round: ""RuPaul's Drag Race Season 17 Ep. 10 Review: Roast Me, Drag Daddy""), MTV's RuPaul's Drag Race Season 17  returns this week with S17E11: ""Ross Mathews vs. The Ducks."" T…",rupauls drag race season preview unleashes ducks arrietty took long walk week check eden arnolds thoughts round rupauls drag race season review roast drag daddy mtvs rupauls drag race season returns week ross mathews ducks,2025-03-14 22:37:07+00:00,-1
Tim Cook,"Apple Loop: iPhone 17 Pro Leaks, MacBook Air Reviews, How AI Is Damaging Tim Cook’s Apple","This week’s Apple headlines; leaked iPhone 17 Pro specs, a new name for iPhone, secrets of the new iPad, MacBook Air reviews, the damaging nature of Apple Intelligence, and more...",2025-03-14 22:24:19+00:00,Forbes,https://www.forbes.com/sites/ewanspence/2025/03/14/apple-news-headlines-iphone-17-ultra-macbook-air-review-ipad-review/,"Apple Loop: iPhone 17 Pro Leaks, MacBook Air Reviews, How AI Is Damaging Tim Cook’s Apple This week’s Apple headlines; leaked iPhone 17 Pro specs, a new name for iPhone, secrets of the new iPad, MacBook Air reviews, the damaging nature of Apple Intelligence, and more...",apple loop iphone pro leaks macbook air reviews damaging tim cooks apple weeks apple headlines leaked iphone pro specs new iphone secrets new ipad macbook air reviews damaging nature apple intelligence,2025-03-14 22:24:19+00:00,0
Tim Cook,Republican Congressman Jim Jordan asks Big Tech if Biden tried to censor AI | TechCrunch,Congressman Jim Jordan asked technology firms for evidence that might indicate whether the Biden administration tried to censor their AI.,2025-03-14 22:13:35+00:00,TechCrunch,https://techcrunch.com/2025/03/14/republican-congressman-jim-jordan-asks-big-tech-if-biden-tried-to-censor-ai/,Republican Congressman Jim Jordan asks Big Tech if Biden tried to censor AI | TechCrunch Congressman Jim Jordan asked technology firms for evidence that might indicate whether the Biden administration tried to censor their AI.,republican congressman jim jordan asks big tech biden tried censor techcrunch congressman jim jordan asked technology firms evidence indicate biden administration tried censor,2025-03-14 22:13:35+00:00,2
Tim Cook,Nobody’s getting fired over Apple’s Siri debacle … yet,"The delay of AI-enhanced Siri is impacting Apple’s reputation. We have an update on development of this critical project.
(via Cult of Mac - Apple news, rumors, reviews and how-tos)",2025-03-14 21:10:54+00:00,Cult of Mac,https://www.cultofmac.com/news/ai-enhanced-siri-debacle,"Nobody’s getting fired over Apple’s Siri debacle … yet The delay of AI-enhanced Siri is impacting Apple’s reputation. We have an update on development of this critical project.
(via Cult of Mac - Apple news, rumors, reviews and how-tos)",nobodys getting fired apples siri debacle delay aienhanced siri impacting apples reputation update development critical project cult mac apple news rumors reviews howtos,2025-03-14 21:10:54+00:00,4
Tim Cook,"Water Balloons and Bollywood, India covers itself with color on Holi festival - NBC News","Water Balloons and Bollywood, India covers itself with color on Holi festivalNBC News Holi 2025: India comes alive with the festival of coloursBBC.com Feel the joy of Holi festivals celebrating life in full colorUSA TODAY Apple Chief Tim Cook Wishes Happy Hol…",2025-03-14 20:33:22+00:00,Slashdot.org,https://slashdot.org/firehose.pl?op=view&amp;id=176719317,"Water Balloons and Bollywood, India covers itself with color on Holi festival - NBC News Water Balloons and Bollywood, India covers itself with color on Holi festivalNBC News Holi 2025: India comes alive with the festival of coloursBBC.com Feel the joy of Holi festivals celebrating life in full colorUSA TODAY Apple Chief Tim Cook Wishes Happy Hol…",water balloons bollywood india covers color holi festival nbc news water balloons bollywood india covers color holi festivalnbc news holi india comes alive festival coloursbbccom feel joy holi festivals celebrating life colorusa today apple chief tim cook wishes happy hol,2025-03-14 20:33:22+00:00,-1
Tim Cook,The big Siri Apple Intelligence delay proves that maybe we really don't know Apple at all,Apple's failure to deliver the full Apple Intelligence Siri experience has us all reevaluating the company's vaunted status.,2025-03-14 20:14:56+00:00,TechRadar,https://www.techradar.com/computing/artificial-intelligence/the-big-siri-apple-intelligence-delay-proves-that-maybe-we-really-dont-know-apple-at-all,The big Siri Apple Intelligence delay proves that maybe we really don't know Apple at all Apple's failure to deliver the full Apple Intelligence Siri experience has us all reevaluating the company's vaunted status.,big siri apple intelligence delay proves maybe really dont know apple apples failure deliver apple intelligence siri experience reevaluating companys vaunted status,2025-03-14 20:14:56+00:00,4
Tim Cook,"The early winners and losers of Trump’s tariff battle with Canada, Mexico, China and Europe","President Trump is locked in a tit-for-tat tariff war with Canada, Mexico, the European Union and China in a bid to remake the US economy for the long term – and some early winners and losers have already emerged.",2025-03-14 20:08:35+00:00,New York Post,https://nypost.com/2025/03/14/business/trump-tariff-battle-with-canada-mexico-china-and-europe-points-to-early-winners-losers/,"The early winners and losers of Trump’s tariff battle with Canada, Mexico, China and Europe President Trump is locked in a tit-for-tat tariff war with Canada, Mexico, the European Union and China in a bid to remake the US economy for the long term – and some early winners and losers have already emerged.",early winners losers trumps tariff battle canada mexico china europe president trump locked titfortat tariff war canada mexico european union china bid remake economy long term early winners losers emerged,2025-03-14 20:08:35+00:00,2
Tim Cook,"Analyst Urges Tim Cook To Follow Steve Jobs’ Crisis Management Approach In Addressing Siri Apple Intelligence Failure, Warning That Its ‘Underwhelmi","Analyst Urges Tim Cook To Follow Steve Jobs’ Crisis Management Approach In Addressing Siri Apple Intelligence Failure, Warning That Its ‘Underwhelming Performance’ Could Hurt iPhone SalesWccftech Apple Is Suffering from AI Gloom. Reasons to Stick with the Sto…",2025-03-14 18:13:50+00:00,Slashdot.org,https://slashdot.org/firehose.pl?op=view&amp;id=176717643,"Analyst Urges Tim Cook To Follow Steve Jobs’ Crisis Management Approach In Addressing Siri Apple Intelligence Failure, Warning That Its ‘Underwhelmi Analyst Urges Tim Cook To Follow Steve Jobs’ Crisis Management Approach In Addressing Siri Apple Intelligence Failure, Warning That Its ‘Underwhelming Performance’ Could Hurt iPhone SalesWccftech Apple Is Suffering from AI Gloom. Reasons to Stick with the Sto…",analyst urges tim cook follow steve jobs crisis management approach addressing siri apple intelligence failure warning underwhelmi analyst urges tim cook follow steve jobs crisis management approach addressing siri apple intelligence failure warning underwhelming performance hurt iphone saleswccftech apple suffering gloom reasons stick sto,2025-03-14 18:13:50+00:00,4
Tim Cook,Tim Walz to Hold Town Hall in Wisconsin Swing District,"""Minnesota Gov. Tim Walz will return to a Wisconsin battleground House district next week as part of a multi-state tour to highlight Republicans who have stopped holding in-person town halls following backlash over the Trump",2025-03-14 18:00:14+00:00,Politicalwire.com,https://politicalwire.com/2025/03/14/tim-walz-to-hold-town-hall-in-wisconsin-swing-district/,"Tim Walz to Hold Town Hall in Wisconsin Swing District ""Minnesota Gov. Tim Walz will return to a Wisconsin battleground House district next week as part of a multi-state tour to highlight Republicans who have stopped holding in-person town halls following backlash over the Trump",tim walz hold town hall wisconsin swing district minnesota gov tim walz return wisconsin battleground house district week multistate tour highlight republicans stopped holding inperson town halls following backlash trump,2025-03-14 18:00:14+00:00,-1
Tim Cook,Apple's AI gamble and broken promises spark iPhone buyers' doubts - PhoneArena,Apple's AI gamble and broken promises spark iPhone buyers' doubtsPhoneArena Apple Stock Is Suffering from AI Gloom. Why to Stick With It.Barron's Apple’s Siri-ous Problem + How Starlink Took Over the World + Is A.I. Making Us Dumb?The New York Times Apple's A…,2025-03-14 17:13:35+00:00,Slashdot.org,https://slashdot.org/firehose.pl?op=view&amp;id=176716829,Apple's AI gamble and broken promises spark iPhone buyers' doubts - PhoneArena Apple's AI gamble and broken promises spark iPhone buyers' doubtsPhoneArena Apple Stock Is Suffering from AI Gloom. Why to Stick With It.Barron's Apple’s Siri-ous Problem + How Starlink Took Over the World + Is A.I. Making Us Dumb?The New York Times Apple's A…,apples gamble broken promises spark iphone buyers doubts phonearena apples gamble broken promises spark iphone buyers doubtsphonearena apple stock suffering gloom stick itbarrons apples sirious problem starlink took world making dumbthe new york times apples,2025-03-14 17:13:35+00:00,4
Tim Cook,"Be successful like other early-risers with a giant deal on Master the Morning Online Course, now $30 (Reg. $475)","From Apple CEO Tim Cook and Dwayne “The Rock” Johnson waking up at 4 AM every day to Oprah Winfrey starting her day at 6 AM, many successful people are known to be early risers. If you’re looking to change up your routine, the Master the Morning Online Course…",2025-03-14 16:30:00+00:00,9to5Toys,http://9to5toys.com/2025/03/14/be-successful-like-other-early-risers-with-a-giant-deal-on-master-the-morning-online-course-now-30-reg-475/,"Be successful like other early-risers with a giant deal on Master the Morning Online Course, now $30 (Reg. $475) From Apple CEO Tim Cook and Dwayne “The Rock” Johnson waking up at 4 AM every day to Oprah Winfrey starting her day at 6 AM, many successful people are known to be early risers. If you’re looking to change up your routine, the Master the Morning Online Course…",successful like earlyrisers giant deal master morning online course reg apple ceo tim cook dwayne rock johnson waking day oprah winfrey starting day successful people known early risers youre looking change routine master morning online course,2025-03-14 16:30:00+00:00,-1
Tim Cook,GSMA Announces E2EE for RCS with Apple’s Support,"Apple was slow to adopt RCS, to put it politely, but the iPhone maker is onboard for the next generation RCS specification.
The post GSMA Announces E2EE for RCS with Apple’s Support appeared first on Thurrott.com.",2025-03-14 16:22:38+00:00,Thurrott.com,https://www.thurrott.com/mobile/318515/gsma-announces-e2ee-for-rcs-with-apples-support,"GSMA Announces E2EE for RCS with Apple’s Support Apple was slow to adopt RCS, to put it politely, but the iPhone maker is onboard for the next generation RCS specification.
The post GSMA Announces E2EE for RCS with Apple’s Support appeared first on Thurrott.com.",gsma announces eee rcs apples support apple slow adopt rcs politely iphone maker onboard generation rcs specification post gsma announces eee rcs apples support appeared thurrottcom,2025-03-14 16:22:38+00:00,4
Tim Cook,The MacRumors Show: Apple Intelligence Comes Under Fire,"On this week's episode of The MacRumors Show, we talk about Apple's recent announcement that several of its most highly anticipated Apple Intelligence features are to be delayed.




Subscribe to The MacRumors Show YouTube channel for more videos

Last week,…",2025-03-14 15:59:09+00:00,MacRumors,https://www.macrumors.com/2025/03/14/the-macrumors-show-apple-intelligence-under-fire/,"The MacRumors Show: Apple Intelligence Comes Under Fire On this week's episode of The MacRumors Show, we talk about Apple's recent announcement that several of its most highly anticipated Apple Intelligence features are to be delayed.




Subscribe to The MacRumors Show YouTube channel for more videos

Last week,…",macrumors apple intelligence comes weeks episode macrumors talk apples recent announcement highly anticipated apple intelligence features delayed subscribe macrumors youtube channel videos week,2025-03-14 15:59:09+00:00,-1
Tim Cook,Calls for Tim Cook's resignation over Apple Intelligence miss that he has made Apple what it is,"Apple's mistakes and even lies about Apple Intelligence are ultimately the responsibility of CEO Tim Cook, but he's not going anywhere — and nor should he.Tim CookIt's true that the buck stops at the CEO, but without Tim Cook, Apple would not have so many buc…",2025-03-14 15:14:51+00:00,AppleInsider,https://appleinsider.com/articles/25/03/14/calls-for-tim-cooks-resignation-over-apple-intelligence-miss-that-he-has-made-apple-what-it-is,"Calls for Tim Cook's resignation over Apple Intelligence miss that he has made Apple what it is Apple's mistakes and even lies about Apple Intelligence are ultimately the responsibility of CEO Tim Cook, but he's not going anywhere — and nor should he.Tim CookIt's true that the buck stops at the CEO, but without Tim Cook, Apple would not have so many buc…",calls tim cooks resignation apple intelligence miss apple apples mistakes lies apple intelligence ultimately responsibility ceo tim cook hes going hetim cookits true buck stops ceo tim cook apple buc,2025-03-14 15:14:51+00:00,4
Tim Cook,Tim Cook is handling Siri's AI disaster all wrong - Apple analyst says Jobs did it better,Ming-Chi Kuo just blasted Apple over its AI Siri failure - says Tim Cook should take notes from Steve Jobs.,2025-03-14 14:36:56+00:00,PhoneArena,https://www.phonearena.com/news/tim-cook-is-handling-siris-ai-disaster-all-wrong-apple-analyst-says-jobs-did-it-better_id168508,Tim Cook is handling Siri's AI disaster all wrong - Apple analyst says Jobs did it better Ming-Chi Kuo just blasted Apple over its AI Siri failure - says Tim Cook should take notes from Steve Jobs.,tim cook handling siris disaster wrong apple analyst says jobs did better mingchi kuo just blasted apple siri failure says tim cook notes steve jobs,2025-03-14 14:36:56+00:00,4
Tim Cook,"iPhone, Mac, iPad: What to expect from Apple for the rest of 2025","Apple has already launched products in the early months of 2025, but it has many other plans for the year. Here's what's coming up between now and the end of 2025.Apple CEO Tim Cook at Apple Park, with an array of Apple hardwareAs a company with a wide array …",2025-03-14 14:27:56+00:00,AppleInsider,https://appleinsider.com/articles/25/03/14/iphone-mac-ipad-what-to-expect-from-apple-for-the-rest-of-2025,"iPhone, Mac, iPad: What to expect from Apple for the rest of 2025 Apple has already launched products in the early months of 2025, but it has many other plans for the year. Here's what's coming up between now and the end of 2025.Apple CEO Tim Cook at Apple Park, with an array of Apple hardwareAs a company with a wide array …",iphone mac ipad expect apple rest apple launched products early months plans year heres whats coming end apple ceo tim cook apple park array apple hardwareas company wide array,2025-03-14 14:27:56+00:00,-1
Tim Cook,Kuo: Apple Knows Apple Intelligence is 'Underwhelming' and Won't Drive iPhone Upgrades - MacRumors,Kuo: Apple Knows Apple Intelligence is 'Underwhelming' and Won't Drive iPhone UpgradesMacRumors Apple's AI delays have some of its most influential fans fumingBusiness Insider Apple Paused a Big Update to Siri and Fessed Up to Its Woes. It’s a Lesson for All …,2025-03-14 12:52:14+00:00,Slashdot.org,https://slashdot.org/firehose.pl?op=view&amp;id=176713291,Kuo: Apple Knows Apple Intelligence is 'Underwhelming' and Won't Drive iPhone Upgrades - MacRumors Kuo: Apple Knows Apple Intelligence is 'Underwhelming' and Won't Drive iPhone UpgradesMacRumors Apple's AI delays have some of its most influential fans fumingBusiness Insider Apple Paused a Big Update to Siri and Fessed Up to Its Woes. It’s a Lesson for All …,kuo apple knows apple intelligence underwhelming wont drive iphone upgrades macrumors kuo apple knows apple intelligence underwhelming wont drive iphone upgradesmacrumors apples delays influential fans fumingbusiness insider apple paused big update siri fessed woes lesson,2025-03-14 12:52:14+00:00,4
Tim Cook,"Indian Athlete Sets World Record For Holding Hercules Pillars, Musk Reacts","Elon Musk recently reposted a video of an Indian athlete who broke a Guinness World Record for the &#039;longest duration holding Hercules pillars (male)&#039; in Surat, Gujarat.",2025-03-14 12:22:33+00:00,NDTV News,https://www.ndtv.com/offbeat/indias-vispy-kharadi-sets-world-record-for-holding-hercules-pillars-elon-musk-reposts-video-7923362,"Indian Athlete Sets World Record For Holding Hercules Pillars, Musk Reacts Elon Musk recently reposted a video of an Indian athlete who broke a Guinness World Record for the &#039;longest duration holding Hercules pillars (male)&#039; in Surat, Gujarat.",indian athlete sets world record holding hercules pillars musk reacts elon musk recently reposted video indian athlete broke guinness world record longest duration holding hercules pillars male surat gujarat,2025-03-14 12:22:33+00:00,17
Tim Cook,Apple Chief Tim Cook Shares Holi Pic Captured by Indian CEO. See Post,Apple CEO Tim Cook on Friday extended Holi greetings on social media by sharing a glimpse of the vibrant festival captured by an Indian CEO.,2025-03-14 11:21:35+00:00,NDTV News,https://www.ndtv.com/offbeat/apple-chief-tim-cook-wishes-happy-holi-with-vibrant-pic-captured-by-indian-ceo-see-post-7922995,Apple Chief Tim Cook Shares Holi Pic Captured by Indian CEO. See Post Apple CEO Tim Cook on Friday extended Holi greetings on social media by sharing a glimpse of the vibrant festival captured by an Indian CEO.,apple chief tim cook shares holi pic captured indian ceo post apple ceo tim cook friday extended holi greetings social media sharing glimpse vibrant festival captured indian ceo,2025-03-14 11:21:35+00:00,4
Tim Cook,Trump’s Plutocratic Pals Are the Nation’s Biggest Cowards,"Earlier this week, I wrote about the false consciousness of the plutocrat class—that is, its inability to recognize that President Donald Trump is destroying its wealth through economic mismanagement bordering on sabotage. Today we’ll consider another failing…",2025-03-14 10:00:00+00:00,The New Republic,https://newrepublic.com/article/192742/trump-plutocratic-pals-nation-biggest-cowards,"Trump’s Plutocratic Pals Are the Nation’s Biggest Cowards Earlier this week, I wrote about the false consciousness of the plutocrat class—that is, its inability to recognize that President Donald Trump is destroying its wealth through economic mismanagement bordering on sabotage. Today we’ll consider another failing…",trumps plutocratic pals nations biggest cowards earlier week wrote false consciousness plutocrat classthat inability recognize president donald trump destroying wealth economic mismanagement bordering sabotage today consider failing,2025-03-14 10:00:00+00:00,2
Tim Cook,Google’s ‘Super G’ and Apple’s ‘shot on iPhone’: Sundar Pichai & Tim Cook bring Holi colours to social media,"As Holi 2025 brings a splash of colours worldwide, tech giants Sundar Pichai and Tim Cook joined in the festivities through social media. Google’s CEO shared vibrant Holi images taken on Pixel devices, while Apple’s chief posted a striking photo shot on an iP…",2025-03-14 08:03:36+00:00,The Times of India,https://economictimes.indiatimes.com/news/new-updates/googles-super-g-and-apples-shot-on-iphone-sundar-pichai-tim-cook-join-in-the-holi-fun/articleshow/119007334.cms,"Google’s ‘Super G’ and Apple’s ‘shot on iPhone’: Sundar Pichai & Tim Cook bring Holi colours to social media As Holi 2025 brings a splash of colours worldwide, tech giants Sundar Pichai and Tim Cook joined in the festivities through social media. Google’s CEO shared vibrant Holi images taken on Pixel devices, while Apple’s chief posted a striking photo shot on an iP…",googles super apples shot iphone sundar pichai tim cook bring holi colours social media holi brings splash colours worldwide tech giants sundar pichai tim cook joined festivities social media googles ceo shared vibrant holi images taken pixel devices apples chief posted striking photo shot,2025-03-14 08:03:36+00:00,4
Tim Cook,"Analyst Urges Tim Cook To Follow Steve Jobs’ Crisis Management Approach In Addressing Siri Apple Intelligence Failure, Warning That Its ‘Underwhelming Performance’ Could Hurt iPhone Sales","Apple caught itself in a bit of a fiasco when it delayed Siri Apple Intelligence features until next year, and the tech community is disappointed with its failure. It was initially reported that the company would release the new personal Siri experience with …",2025-03-14 06:20:17+00:00,Wccftech,https://wccftech.com/analyst-wants-tim-cook-to-address-apple-intelligence-siri-failure-like-steve-jobs/,"Analyst Urges Tim Cook To Follow Steve Jobs’ Crisis Management Approach In Addressing Siri Apple Intelligence Failure, Warning That Its ‘Underwhelming Performance’ Could Hurt iPhone Sales Apple caught itself in a bit of a fiasco when it delayed Siri Apple Intelligence features until next year, and the tech community is disappointed with its failure. It was initially reported that the company would release the new personal Siri experience with …",analyst urges tim cook follow steve jobs crisis management approach addressing siri apple intelligence failure warning underwhelming performance hurt iphone sales apple caught bit fiasco delayed siri apple intelligence features year tech community disappointed failure initially reported company release new personal siri experience,2025-03-14 06:20:17+00:00,4
Tim Cook,"Apple CEO should do a Steve Jobs on Siri delay, analyst says",A prominent Apple analyst believes Apple CEO Tim Cook should publicly address the slow rollout of Siri's advanced AI features.,2025-03-14 01:10:24+00:00,Digital Trends,https://www.digitaltrends.com/computing/apple-ceo-should-do-a-steve-jobs-on-siri-delay-analyst-says/,"Apple CEO should do a Steve Jobs on Siri delay, analyst says A prominent Apple analyst believes Apple CEO Tim Cook should publicly address the slow rollout of Siri's advanced AI features.",apple ceo steve jobs siri delay analyst says prominent apple analyst believes apple ceo tim cook publicly address slow rollout siris advanced features,2025-03-14 01:10:24+00:00,4
Tim Cook,Kuo: Cook Should Personally Address Siri Apple Intelligence Failure,"Apple made a major misstep with the way that it handled the delay of Apple Intelligence features for Siri, Apple analyst Ming-Chi Kuo said today. Announcing the delay through a press statement was a bad decision, and Apple should instead have gone through off…",2025-03-13 23:02:04+00:00,MacRumors,https://www.macrumors.com/2025/03/13/kuo-tim-cook-siri-apple-failure/,"Kuo: Cook Should Personally Address Siri Apple Intelligence Failure Apple made a major misstep with the way that it handled the delay of Apple Intelligence features for Siri, Apple analyst Ming-Chi Kuo said today. Announcing the delay through a press statement was a bad decision, and Apple should instead have gone through off…",kuo cook personally address siri apple intelligence failure apple major misstep way handled delay apple intelligence features siri apple analyst mingchi kuo said today announcing delay press statement bad decision apple instead gone,2025-03-13 23:02:04+00:00,4
Tim Cook,Rotten,"John Gruber (Mastodon, Bluesky, Hacker News, MacRumors, Mac Power Users, AppleInsider): But we didn’t see all aspects of Apple Intelligence demoed. None of the “more personalized Siri” features, the ones that Apple, in its own statement announcing their postp…",2025-03-13 19:51:23+00:00,Mjtsai.com,https://mjtsai.com/blog/2025/03/13/rotten/,"Rotten John Gruber (Mastodon, Bluesky, Hacker News, MacRumors, Mac Power Users, AppleInsider): But we didn’t see all aspects of Apple Intelligence demoed. None of the “more personalized Siri” features, the ones that Apple, in its own statement announcing their postp…",rotten john gruber mastodon bluesky hacker news macrumors mac power users appleinsider didnt aspects apple intelligence demoed personalized siri features ones apple statement announcing postp,2025-03-13 19:51:23+00:00,4
Tim Cook,Thousands Sign Christian Petition to Boycott 'Trump-Backing' Corporations,"For Lent, more than 12,000 people have pledged to boycott companies that Faithful America says is aligned with the president and his policies.",2025-03-13 19:50:03+00:00,Newsweek,https://www.newsweek.com/thousands-sign-christian-petition-boycott-trump-backing-corporations-2044419,"Thousands Sign Christian Petition to Boycott 'Trump-Backing' Corporations For Lent, more than 12,000 people have pledged to boycott companies that Faithful America says is aligned with the president and his policies.",thousands sign christian petition boycott trumpbacking corporations lent people pledged boycott companies faithful america says aligned president policies,2025-03-13 19:50:03+00:00,2
Tim Cook,Apple’s next best move could be an in-person WWDC keynote,"Apple’s software and AI divisions have had a riveting past week. After Apple officially delayed key Siri upgrades to an unspecified date in “the coming year,” the person who broke that news, John Gruber, wrote a scathing criticism of Apple titled, “Something …",2025-03-13 18:47:12+00:00,9to5Mac,https://9to5mac.com/2025/03/13/apples-next-best-move-could-be-an-in-person-wwdc-keynote/,"Apple’s next best move could be an in-person WWDC keynote Apple’s software and AI divisions have had a riveting past week. After Apple officially delayed key Siri upgrades to an unspecified date in “the coming year,” the person who broke that news, John Gruber, wrote a scathing criticism of Apple titled, “Something …",apples best inperson wwdc keynote apples software divisions riveting past week apple officially delayed key siri upgrades unspecified date coming year person broke news john gruber wrote scathing criticism apple titled,2025-03-13 18:47:12+00:00,4
Tim Cook,"Underwhelming performance of Apple Intelligence will hit iPhone sales, Kuo claims","Analyst Ming-Chi Kuo called the performance of Apple Intelligence ""underwhelming,"" adding that it won't entice people to replace their older iPhones.The delays Apple Intelligence has faced might impact iPhone sales negatively.In a social media post on Thursda…",2025-03-13 18:41:36+00:00,AppleInsider,https://appleinsider.com/articles/25/03/13/underwhelming-performance-of-apple-intelligence-will-hit-iphone-sales-kuo-claims,"Underwhelming performance of Apple Intelligence will hit iPhone sales, Kuo claims Analyst Ming-Chi Kuo called the performance of Apple Intelligence ""underwhelming,"" adding that it won't entice people to replace their older iPhones.The delays Apple Intelligence has faced might impact iPhone sales negatively.In a social media post on Thursda…",underwhelming performance apple intelligence hit iphone sales kuo claims analyst mingchi kuo called performance apple intelligence underwhelming adding wont entice people replace older iphonesthe delays apple intelligence faced impact iphone sales negativelyin social media post thursda,2025-03-13 18:41:36+00:00,4
Tim Cook,Apple's AI delays have some of its most influential fans fuming,"Apple CEO Tim Cook said last spring that his company had all kinds of big AI plans. Many of them have yet to materialize.
Kara Durrette/Getty Images
Apple was late to AI. But last spring it said it was catching up and promised all kinds of AI features.
Many o…",2025-03-13 18:33:34+00:00,Biztoc.com,https://biztoc.com/x/79706c34f330acd7,"Apple's AI delays have some of its most influential fans fuming Apple CEO Tim Cook said last spring that his company had all kinds of big AI plans. Many of them have yet to materialize.
Kara Durrette/Getty Images
Apple was late to AI. But last spring it said it was catching up and promised all kinds of AI features.
Many o…",apples delays influential fans fuming apple ceo tim cook said spring company kinds big plans materialize kara durrettegetty images apple late spring said catching promised kinds features,2025-03-13 18:33:34+00:00,-1
Tim Cook,Apple's AI delays have some of its most influential fans fuming,Apple CEO Tim Cook said last spring that his company had all kinds of big AI plans. Many of them have yet to materialize.,2025-03-13 18:22:27+00:00,Business Insider,https://www.businessinsider.com/apple-ai-delays-spark-backlash-among-fans-analysts-2025-3,Apple's AI delays have some of its most influential fans fuming Apple CEO Tim Cook said last spring that his company had all kinds of big AI plans. Many of them have yet to materialize.,apples delays influential fans fuming apple ceo tim cook said spring company kinds big plans materialize,2025-03-13 18:22:27+00:00,4
Tim Cook,Trump’s Approval Underwater,"A new Quinnipiac poll finds President Trump with a 42% to 52% approval rate. Said pollster Tim Malloy: ""A noticeable uptick of discontent can be seen over President Trump's handling of a range of issues:",2025-03-13 18:17:35+00:00,Politicalwire.com,https://politicalwire.com/2025/03/13/trumps-approval-underwater/,"Trump’s Approval Underwater A new Quinnipiac poll finds President Trump with a 42% to 52% approval rate. Said pollster Tim Malloy: ""A noticeable uptick of discontent can be seen over President Trump's handling of a range of issues:",trumps approval underwater new quinnipiac poll finds president trump approval rate said pollster tim malloy noticeable uptick discontent seen president trumps handling range issues,2025-03-13 18:17:35+00:00,2
Tim Cook,'Something Is Rotten in the State of Cupertino',"Apple's announcement that ""more personalized Siri"" features of Apple Intelligence would be delayed until ""the coming year"" reveals a troubling departure from the company's hard-earned reputation for reliability, long-time commentator John Gruber writes. Unlik…",2025-03-13 18:14:00+00:00,Slashdot.org,https://apple.slashdot.org/story/25/03/13/1815207/something-is-rotten-in-the-state-of-cupertino,"'Something Is Rotten in the State of Cupertino' Apple's announcement that ""more personalized Siri"" features of Apple Intelligence would be delayed until ""the coming year"" reveals a troubling departure from the company's hard-earned reputation for reliability, long-time commentator John Gruber writes. Unlik…",rotten state cupertino apples announcement personalized siri features apple intelligence delayed coming year reveals troubling departure companys hardearned reputation reliability longtime commentator john gruber writes unlik,2025-03-13 18:14:00+00:00,4
Tim Cook,"Something is ‘rotten’ about Apple and it could ‘collapse upon itself’, says longtime positive commentator after AI problems","Company has damaged its reputation, says critic",2025-03-13 16:37:59+00:00,The-independent.com,https://www.the-independent.com/tech/apple-intelligence-ai-iphone-gruber-b2714664.html,"Something is ‘rotten’ about Apple and it could ‘collapse upon itself’, says longtime positive commentator after AI problems Company has damaged its reputation, says critic",rotten apple collapse says longtime positive commentator problems company damaged reputation says critic,2025-03-13 16:37:59+00:00,4
Tim Cook,John Gruber finally figures out that Tim Cook has turned Apple into a wheezing vaporware factory,"Dear Tim Cook, When you've lost John Gruber, you've lost the company…
The post John Gruber finally figures out that Tim Cook has turned Apple into a wheezing vaporware factory appeared first on MacDailyNews.",2025-03-13 15:41:29+00:00,Macdailynews.com,https://macdailynews.com/2025/03/13/john-gruber-finally-figures-out-that-tim-cook-has-turned-apple-into-a-wheezing-vaporware-factory/,"John Gruber finally figures out that Tim Cook has turned Apple into a wheezing vaporware factory Dear Tim Cook, When you've lost John Gruber, you've lost the company…
The post John Gruber finally figures out that Tim Cook has turned Apple into a wheezing vaporware factory appeared first on MacDailyNews.",john gruber finally figures tim cook turned apple wheezing vaporware factory dear tim cook youve lost john gruber youve lost company post john gruber finally figures tim cook turned apple wheezing vaporware factory appeared macdailynews,2025-03-13 15:41:29+00:00,4
Tim Cook,"Hillside Festival Reveals 2025 Lineup with Hurray for the Riff Raff, Femi Kuti, Abigail Lapell, Bells Larsen, Ghostkeeper","Festival season is quickly approaching, and Hillside Festival has now revealed its lineup heading to Guelph Lake Island from July 18 to 20.",2025-03-13 14:19:43+00:00,Exclaim!,https://exclaim.ca/music/article/hillside-festival-reveals-2025-lineup-with-hurray-for-the-riff-raff-dijah-sb-abigail-lapell-bells-larsen-ghostkeeper,"Hillside Festival Reveals 2025 Lineup with Hurray for the Riff Raff, Femi Kuti, Abigail Lapell, Bells Larsen, Ghostkeeper Festival season is quickly approaching, and Hillside Festival has now revealed its lineup heading to Guelph Lake Island from July 18 to 20.",hillside festival reveals lineup hurray riff raff femi kuti abigail lapell bells larsen ghostkeeper festival season quickly approaching hillside festival revealed lineup heading guelph lake island july,2025-03-13 14:19:43+00:00,7
Tim Cook,Apple’s Swift Assist is MIA,"During WWDC 2024, Apple unveiled Swift Assist, an AI-driven coding tool integrated into Xcode 16, intended to help developers by creating…
The post Apple’s Swift Assist is MIA appeared first on MacDailyNews.",2025-03-13 14:06:50+00:00,Macdailynews.com,https://macdailynews.com/2025/03/13/apples-swift-assist-is-mia/,"Apple’s Swift Assist is MIA During WWDC 2024, Apple unveiled Swift Assist, an AI-driven coding tool integrated into Xcode 16, intended to help developers by creating…
The post Apple’s Swift Assist is MIA appeared first on MacDailyNews.",apples swift assist mia wwdc apple unveiled swift assist aidriven coding tool integrated xcode intended help developers creating post apples swift assist mia appeared macdailynews,2025-03-13 14:06:50+00:00,0
Tim Cook,"Apple is lying about Apple Intelligence John Gruber says, and he's right","Long-time Apple pundit John Gruber has launched an uncharacteristically strident attack against what he says are Apple's lies over the Apple Intelligence roll-out. And, he's spot-on with his arguments and conclusions.John Gruber (far right) with Greg Joswiak …",2025-03-13 13:40:11+00:00,AppleInsider,https://appleinsider.com/articles/25/03/13/apple-is-lying-about-apple-intelligence-john-gruber-says-and-hes-right,"Apple is lying about Apple Intelligence John Gruber says, and he's right Long-time Apple pundit John Gruber has launched an uncharacteristically strident attack against what he says are Apple's lies over the Apple Intelligence roll-out. And, he's spot-on with his arguments and conclusions.John Gruber (far right) with Greg Joswiak …",apple lying apple intelligence john gruber says hes right longtime apple pundit john gruber launched uncharacteristically strident attack says apples lies apple intelligence rollout hes spoton arguments conclusionsjohn gruber far right greg joswiak,2025-03-13 13:40:11+00:00,4
Tim Cook,AI is taking over. Learn to use it to your advantage for just $30.,"Whether you’re a total beginner or a tech pro, these AI classes will help you master the latest tools and put them to work for you.
(via Cult of Mac - Apple news, rumors, reviews and how-tos)",2025-03-13 13:30:34+00:00,Cult of Mac,https://www.cultofmac.com/deals/2025-ultimate-genai-masterclass-bundle-ai-classes-deal,"AI is taking over. Learn to use it to your advantage for just $30. Whether you’re a total beginner or a tech pro, these AI classes will help you master the latest tools and put them to work for you.
(via Cult of Mac - Apple news, rumors, reviews and how-tos)",taking learn use advantage just youre total beginner tech pro classes help master latest tools work cult mac apple news rumors reviews howtos,2025-03-13 13:30:34+00:00,9
Tim Cook,Daring Fireball’s Gruber: ‘Something Is Rotten in the State of Cupertino’,Daring Fireball's John Gruber on Wednesday shared his thoughts about Apple's issues in getting personalized Siri features ready for prime time.Read More...,2025-03-13 12:42:14+00:00,Mactrast.com,https://www.mactrast.com/2025/03/daring-fireballs-gruber-something-is-rotten-in-the-state-of-cupertino/,Daring Fireball’s Gruber: ‘Something Is Rotten in the State of Cupertino’ Daring Fireball's John Gruber on Wednesday shared his thoughts about Apple's issues in getting personalized Siri features ready for prime time.Read More...,daring fireballs gruber rotten state cupertino daring fireballs john gruber wednesday shared thoughts apples issues getting personalized siri features ready prime timeread,2025-03-13 12:42:14+00:00,4
Tim Cook,Apple Announced Swift Assist at WWDC 2024... So Where Is It?,"At WWDC 2024, Apple announced Swift Assist, an AI-powered coding companion integrated into Xcode 16 that's designed to assist developers by generating code from natural language prompts. At the time, Apple said Swift Assist would be coming ""later this year."" …",2025-03-13 12:33:24+00:00,MacRumors,https://www.macrumors.com/2025/03/13/apple-announced-swift-assist-wwdc24-so-where-is-it/,"Apple Announced Swift Assist at WWDC 2024... So Where Is It? At WWDC 2024, Apple announced Swift Assist, an AI-powered coding companion integrated into Xcode 16 that's designed to assist developers by generating code from natural language prompts. At the time, Apple said Swift Assist would be coming ""later this year."" …",apple announced swift assist wwdc wwdc apple announced swift assist aipowered coding companion integrated xcode thats designed assist developers generating code natural language prompts time apple said swift assist coming later year,2025-03-13 12:33:24+00:00,0
Tim Cook,Apple commenter John Gruber launches blistering attack on ‘rotten’ Apple over Siri vaporware,"John Gruber is one of the more high-profile Apple commenters, and generally takes a pretty upbeat view of the company, so it was a big surprise to see him launch a blistering attack on the iPhone maker.



Referring to Apple advertising Siri features which do…",2025-03-13 11:28:49+00:00,9to5Mac,https://9to5mac.com/2025/03/13/apple-commenter-john-gruber-launches-blistering-attack-on-rotten-apple-over-siri-vaporware/,"Apple commenter John Gruber launches blistering attack on ‘rotten’ Apple over Siri vaporware John Gruber is one of the more high-profile Apple commenters, and generally takes a pretty upbeat view of the company, so it was a big surprise to see him launch a blistering attack on the iPhone maker.



Referring to Apple advertising Siri features which do…",apple commenter john gruber launches blistering attack rotten apple siri vaporware john gruber highprofile apple commenters generally takes pretty upbeat view company big surprise launch blistering attack iphone maker referring apple advertising siri features,2025-03-13 11:28:49+00:00,4
Tim Cook,Bargain hunters celebrate 25 years on our screens,"There are no big cash prizes, but it's often big drama as the antiques go under the hammer.",2025-03-13 06:05:11+00:00,BBC News,https://www.bbc.com/news/articles/ckg895nd5e4o,"Bargain hunters celebrate 25 years on our screens There are no big cash prizes, but it's often big drama as the antiques go under the hammer.",bargain hunters celebrate years screens big cash prizes big drama antiques hammer,2025-03-13 06:05:11+00:00,-1
Tim Cook,CNBC's Inside India newsletter: Apple has big expansion plans in India — but Trump's tariffs could change that,Apple has boosted India's manufacturing sector after the tech giant shifted some assembly there. But Trump's tariffs might increase the price of Indian exports.,2025-03-13 05:56:41+00:00,CNBC,https://www.cnbc.com/2025/03/13/apple-has-big-plans-for-india-but-trumps-tariffs-could-change-that.html,CNBC's Inside India newsletter: Apple has big expansion plans in India — but Trump's tariffs could change that Apple has boosted India's manufacturing sector after the tech giant shifted some assembly there. But Trump's tariffs might increase the price of Indian exports.,cnbcs inside india newsletter apple big expansion plans india trumps tariffs change apple boosted indias manufacturing sector tech giant shifted assembly trumps tariffs increase price indian exports,2025-03-13 05:56:41+00:00,2
Tim Cook,John Gruber Says 'Something is Rotten' at Apple,"Daring Fireball's John Gruber today shared some strongly-worded comments about Apple's delayed personalized Siri features.





In a blog post titled ""Something Is Rotten in the State of Cupertino,"" Gruber said Apple's credibility has been ""damaged"" by the de…",2025-03-13 02:39:31+00:00,MacRumors,https://www.macrumors.com/2025/03/12/gruber-says-something-is-rotten-at-apple/,"John Gruber Says 'Something is Rotten' at Apple Daring Fireball's John Gruber today shared some strongly-worded comments about Apple's delayed personalized Siri features.





In a blog post titled ""Something Is Rotten in the State of Cupertino,"" Gruber said Apple's credibility has been ""damaged"" by the de…",john gruber says rotten apple daring fireballs john gruber today shared stronglyworded comments apples delayed personalized siri features blog post titled rotten state cupertino gruber said apples credibility damaged,2025-03-13 02:39:31+00:00,4
Tim Cook,Tim Walz to Launch National Tour of GOP Districts,"“Tim Walz is headed back out on the road – this time, for a tour of House districts represented by Republicans who have stopped holding in-person town halls amid the raucous receptions some of their",2025-03-13 02:38:34+00:00,Politicalwire.com,https://politicalwire.com/2025/03/12/tim-walz-to-launch-national-tour-of-gop-districts/,"Tim Walz to Launch National Tour of GOP Districts “Tim Walz is headed back out on the road – this time, for a tour of House districts represented by Republicans who have stopped holding in-person town halls amid the raucous receptions some of their",tim walz launch national tour gop districts tim walz headed road time tour house districts represented republicans stopped holding inperson town halls amid raucous receptions,2025-03-13 02:38:34+00:00,-1
iOS update,"YouTube is struggling, and it’s not your internet",YouTube is aware of the problem and is actively looking into it.,2025-03-20 04:50:10+00:00,Android Authority,https://www.androidauthority.com/youtube-144p-quality-issue-3536898/,"YouTube is struggling, and it’s not your internet YouTube is aware of the problem and is actively looking into it.",youtube struggling internet youtube aware problem actively looking,2025-03-20 04:50:10+00:00,-1
iOS update,Nugget to get video wallpaper support after first rolling out standard animated wallpapers in v5,"Nugget developer LeminLimez has said that after implementing animated wallpapers in v5, video wallpapers would come next.",2025-03-20 00:16:00+00:00,Idownloadblog.com,https://www.idownloadblog.com/2025/03/19/nugget-v-5-1-expected-to-add-video-wallpaper-support/,"Nugget to get video wallpaper support after first rolling out standard animated wallpapers in v5 Nugget developer LeminLimez has said that after implementing animated wallpapers in v5, video wallpapers would come next.",nugget video wallpaper support rolling standard animated wallpapers nugget developer leminlimez said implementing animated wallpapers video wallpapers come,2025-03-20 00:16:00+00:00,0
iOS update,Show HN: Usque – Open-Source Cloudflare Warp Masque Client,"I was surprised to discover there isn't an open-source initiative for a Cloudflare Warp client that fully supports their MASQUE protocol. MASQUE has the potential to revolutionize traditional VPNs, even in self-hosted environments, but there’s been a gap in t…",2025-03-19 22:58:33+00:00,Github.com,https://github.com/Diniboy1123/usque,"Show HN: Usque – Open-Source Cloudflare Warp Masque Client I was surprised to discover there isn't an open-source initiative for a Cloudflare Warp client that fully supports their MASQUE protocol. MASQUE has the potential to revolutionize traditional VPNs, even in self-hosted environments, but there’s been a gap in t…",usque opensource cloudflare warp masque client surprised discover isnt opensource initiative cloudflare warp client fully supports masque protocol masque potential revolutionize traditional vpns selfhosted environments theres gap,2025-03-19 22:58:33+00:00,8
iOS update,A recent NVIDIA patent describes Autonomous Vehicles with Situational Awareness and a Virtual Rail System,"Yesterday, NVIDIA announced that General Motors and NVIDIA to Collaborate on AI for Next-Generation Vehicle Experience and Manufacturing. One of NVIDIA's strengths in the Auto industry is Autonomous Vehicles and a recent NVIDIA patent delves into autonomous v…",2025-03-19 22:48:31+00:00,Patently Apple,https://www.patentlyapple.com/2025/03/a-recent-nvidia-patent-describes-autonomous-vehicles-with-situational-awareness-and-a-virtual-rail-s.html,"A recent NVIDIA patent describes Autonomous Vehicles with Situational Awareness and a Virtual Rail System Yesterday, NVIDIA announced that General Motors and NVIDIA to Collaborate on AI for Next-Generation Vehicle Experience and Manufacturing. One of NVIDIA's strengths in the Auto industry is Autonomous Vehicles and a recent NVIDIA patent delves into autonomous v…",recent nvidia patent describes autonomous vehicles situational awareness virtual rail yesterday nvidia announced general motors nvidia collaborate nextgeneration vehicle experience manufacturing nvidias strengths auto industry autonomous vehicles recent nvidia patent delves autonomous,2025-03-19 22:48:31+00:00,2
iOS update,Plex announces higher prices and new remote streaming rules,"Plex is making some massive adjustments, and users -- both free and paying -- are going to feel the impact. Sadly, the company has announced price increases for its Plex Pass subscription, a new “Remote Watch Pass,” and a decision that will end free remote st…",2025-03-19 21:46:27+00:00,BetaNews,https://betanews.com/2025/03/19/plex-2025-price-changes-remote-streaming-new-subscription/,"Plex announces higher prices and new remote streaming rules Plex is making some massive adjustments, and users -- both free and paying -- are going to feel the impact. Sadly, the company has announced price increases for its Plex Pass subscription, a new “Remote Watch Pass,” and a decision that will end free remote st…",plex announces higher prices new remote streaming rules plex making massive adjustments users free paying going feel impact sadly company announced price increases plex pass subscription new remote watch pass decision end free remote,2025-03-19 21:46:27+00:00,-1
iOS update,[Fixed] Chromecast (2nd gen) and Audio can’t Cast in ‘Untrusted’ outage,"Over the past few hours, owners of the Chromecast (2nd gen) and Chromecast Audio haven’t been able to Cast any audio or video content.



 more…",2025-03-19 20:43:00+00:00,9to5google.com,http://9to5google.com/2025/03/19/chromecast-2nd-gen-audio/,"[Fixed] Chromecast (2nd gen) and Audio can’t Cast in ‘Untrusted’ outage Over the past few hours, owners of the Chromecast (2nd gen) and Chromecast Audio haven’t been able to Cast any audio or video content.



 more…",fixed chromecast gen audio cast untrusted outage past hours owners chromecast gen chromecast audio havent able cast audio video content,2025-03-19 20:43:00+00:00,-1
iOS update,You have 2 days to update Firefox before everything breaks,Don't find out the hard way that this upgrade isn't optional.,2025-03-19 20:14:00+00:00,ZDNet,https://www.zdnet.com/article/you-have-2-days-to-update-firefox-before-everything-breaks/,You have 2 days to update Firefox before everything breaks Don't find out the hard way that this upgrade isn't optional.,days update firefox breaks dont hard way upgrade isnt optional,2025-03-19 20:14:00+00:00,0
iOS update,Google Home camera history adds double-tap to quick seek [U],"The Google Home app is finally adding the ability to double-tap to quick seek through camera history. This is currently part of the Public Preview program.



 more…",2025-03-19 19:29:00+00:00,9to5google.com,http://9to5google.com/2025/03/19/google-home-camera-double-tap/,"Google Home camera history adds double-tap to quick seek [U] The Google Home app is finally adding the ability to double-tap to quick seek through camera history. This is currently part of the Public Preview program.



 more…",google home camera history adds doubletap quick seek google home app finally adding ability doubletap quick seek camera history currently public preview program,2025-03-19 19:29:00+00:00,0
iOS update,Plex ups pricing and restructures subscription fees,"Online video/media hosting service Plex is setting up for a big year of exciting updates with a slate of new pricing tiers that make things a little confusing. The main thing that most Plex server owners should know functionally, nothing will change for exist…",2025-03-19 18:57:53+00:00,MobileSyrup,https://mobilesyrup.com/2025/03/19/plex-ups-pricing-and-restructures-subscription-fees/,"Plex ups pricing and restructures subscription fees Online video/media hosting service Plex is setting up for a big year of exciting updates with a slate of new pricing tiers that make things a little confusing. The main thing that most Plex server owners should know functionally, nothing will change for exist…",plex ups pricing restructures subscription fees online videomedia hosting service plex setting big year exciting updates slate new pricing tiers make things little confusing main thing plex server owners know functionally change exist,2025-03-19 18:57:53+00:00,-1
iOS update,Apple just patched a security flaw left users open to phishing attacks,"A security flaw left iPhone users vulnerable to phishing attacks for nearly three months, but Apple just released a patch to fix the problem.",2025-03-19 18:07:36+00:00,Digital Trends,https://www.digitaltrends.com/mobile/apple-just-patched-security-flaw-left-users-open-phishing-attacks/,"Apple just patched a security flaw left users open to phishing attacks A security flaw left iPhone users vulnerable to phishing attacks for nearly three months, but Apple just released a patch to fix the problem.",apple just patched security flaw left users open phishing attacks security flaw left iphone users vulnerable phishing attacks nearly months apple just released patch fix problem,2025-03-19 18:07:36+00:00,8
iOS update,‘It’s really useful if you don’t have a scanner’: Woman shows little-known iPhone trick to making a PDF on your phone. You don’t need an app,"Attention all iPhone users: If you need to turn an important physical document into a PDF, all you need is the Notes app. 


TikTok user Francine (@americanbigfootcenter) shares this game-changing hack in a video with over 127,000 views. 


Francine starts he…",2025-03-19 18:00:00+00:00,The Daily Dot,https://www.dailydot.com/news/iphone-pdf-notes/,"‘It’s really useful if you don’t have a scanner’: Woman shows little-known iPhone trick to making a PDF on your phone. You don’t need an app Attention all iPhone users: If you need to turn an important physical document into a PDF, all you need is the Notes app. 


TikTok user Francine (@americanbigfootcenter) shares this game-changing hack in a video with over 127,000 views. 


Francine starts he…",really useful dont scanner woman shows littleknown iphone trick making pdf phone dont need app attention iphone users need turn important physical document pdf need notes app tiktok user francine americanbigfootcenter shares gamechanging hack video views francine starts,2025-03-19 18:00:00+00:00,0
iOS update,A worrying Apple Password App vulnerability reportedlyleft users exposed for months,Apple has fixed a serious HTTP bug that left users at risk of phishing attacks.,2025-03-19 17:16:08+00:00,TechRadar,https://www.techradar.com/pro/security/a-worrying-apple-password-app-vulnerability-reportedlyleft-users-exposed-for-months,A worrying Apple Password App vulnerability reportedlyleft users exposed for months Apple has fixed a serious HTTP bug that left users at risk of phishing attacks.,worrying apple password app vulnerability reportedlyleft users exposed months apple fixed http bug left users risk phishing attacks,2025-03-19 17:16:08+00:00,8
iOS update,Chrome Beta for iOS Update,,2025-03-19 16:28:00+00:00,Blogger.com,https://www.blogger.com/comment/fullpage/post/8982037438137564684/8395065866985275328,Chrome Beta for iOS Update ,chrome beta ios update,2025-03-19 16:28:00+00:00,0
iOS update,Samsung to Roll Out One UI 7 in Early April,"Samsung announced today that it will begin rolling out its Android 15-based One UI 7 to its latest flagships starting on April 7.
The post Samsung to Roll Out One UI 7 in Early April appeared first on Thurrott.com.",2025-03-19 16:23:48+00:00,Thurrott.com,https://www.thurrott.com/mobile/android/318666/samsung-to-roll-out-one-ui-7-in-early-april,"Samsung to Roll Out One UI 7 in Early April Samsung announced today that it will begin rolling out its Android 15-based One UI 7 to its latest flagships starting on April 7.
The post Samsung to Roll Out One UI 7 in Early April appeared first on Thurrott.com.",samsung roll early april samsung announced today begin rolling android based latest flagships starting april post samsung roll early april appeared thurrottcom,2025-03-19 16:23:48+00:00,-1
iOS update,Google finally rolls out fix for 'Untrusted Device' errors on older Chromecasts,"Early this month, older Chromecast owners encountered “Untrusted device” errors. While Google has quickly addressed the issue, it now has released a fix.",2025-03-19 16:00:09+00:00,Android Central,https://www.androidcentral.com/streaming-tv/google-chromecast-second-gen-users-finally-get-their-issue-resolved,"Google finally rolls out fix for 'Untrusted Device' errors on older Chromecasts Early this month, older Chromecast owners encountered “Untrusted device” errors. While Google has quickly addressed the issue, it now has released a fix.",google finally rolls fix untrusted device errors older chromecasts early month older chromecast owners encountered untrusted device errors google quickly addressed issue released fix,2025-03-19 16:00:09+00:00,-1
iOS update,Google Messages likely getting option to delete texts,"A new peak inside the Google Messages app revealed that the company is working to add remote deletions and editing to the default Android texting app. Android Authority performed a teardown of the Messages app, which involves looking at the app’s code to make…",2025-03-19 15:57:11+00:00,MobileSyrup,https://mobilesyrup.com/2025/03/19/google-messages-option-to-delete-texts/,"Google Messages likely getting option to delete texts A new peak inside the Google Messages app revealed that the company is working to add remote deletions and editing to the default Android texting app. Android Authority performed a teardown of the Messages app, which involves looking at the app’s code to make…",google messages likely getting option delete texts new peak inside google messages app revealed company working add remote deletions editing default android texting app android authority performed teardown messages app involves looking apps code make,2025-03-19 15:57:11+00:00,0
iOS update,"Did Google Test an Experimental AI on Kids, With Tragic Results?","Halfway through our conversation, Megan Garcia pauses to take a call. ""How are you? I'm good,"" Garcia, a mother of three based in Orlando, Florida, nods into her phone. ""For sure. Thank you."" She hangs up, pausing briefly. Then, in a soft voice, she explains …",2025-03-19 15:05:45+00:00,Futurism,https://futurism.com/character-ai-google-test-ai-chatbots-kids,"Did Google Test an Experimental AI on Kids, With Tragic Results? Halfway through our conversation, Megan Garcia pauses to take a call. ""How are you? I'm good,"" Garcia, a mother of three based in Orlando, Florida, nods into her phone. ""For sure. Thank you."" She hangs up, pausing briefly. Then, in a soft voice, she explains …",did google test experimental kids tragic results halfway conversation megan garcia pauses good garcia mother based orlando florida nods phone sure thank hangs pausing briefly soft voice explains,2025-03-19 15:05:45+00:00,-1
iOS update,Day One brings its digital journaling app to Windows,"Automattic-owned Day One has announced a Windows version of its journaling app, available now on the Microsoft Store. The company says it offers “the same trusted, distraction-free experience” as it does on other platforms. It’s also free to use, and won’t co…",2025-03-19 14:53:59+00:00,The Verge,https://www.theverge.com/news/632396/day-one-journaling-app-microsoft-windows-now-available,"Day One brings its digital journaling app to Windows Automattic-owned Day One has announced a Windows version of its journaling app, available now on the Microsoft Store. The company says it offers “the same trusted, distraction-free experience” as it does on other platforms. It’s also free to use, and won’t co…",day brings digital journaling app windows automatticowned day announced windows version journaling app available microsoft store company says offers trusted distractionfree experience does platforms free use wont,2025-03-19 14:53:59+00:00,0
iOS update,There’s a firmware update for Apple’s new MagSafe charger (but not the old one),"Macworld







While we’re still waiting for iOS 18.4 to arrive with new emoji and Visual Intelligence for the Action button, Apple issued a slightly smaller update this week that most people won’t notice.: the 25W MagSafe charger.




The firmware update,…",2025-03-19 14:29:17+00:00,Macworld,https://www.macworld.com/article/2642442/theres-a-firmware-update-for-apples-new-magsafe-charger-but-not-the-old-one.html,"There’s a firmware update for Apple’s new MagSafe charger (but not the old one) Macworld







While we’re still waiting for iOS 18.4 to arrive with new emoji and Visual Intelligence for the Action button, Apple issued a slightly smaller update this week that most people won’t notice.: the 25W MagSafe charger.




The firmware update,…",theres firmware update apples new magsafe charger old macworld waiting ios arrive new emoji visual intelligence action button apple issued slightly smaller update week people wont notice magsafe charger firmware update,2025-03-19 14:29:17+00:00,12
iOS update,Apple Quietly Fixed a Passwords App Bug That Exposed Users to Phishing Attacks,"The app used the HTTP protocol instead of the safer HTTPS protocol for three months.
Apple has fixed a security flaw in its Passwords app that exposed users to phishing attacks for three months after its launch with iOS 18.As 9to5Mac reports, the vulnerabilit…",2025-03-19 14:06:52+00:00,PCMag.com,https://uk.pcmag.com/password-managers/157167/apple-quietly-fixed-a-passwords-app-bug-that-exposed-users-to-phishing-attacks,"Apple Quietly Fixed a Passwords App Bug That Exposed Users to Phishing Attacks The app used the HTTP protocol instead of the safer HTTPS protocol for three months.
Apple has fixed a security flaw in its Passwords app that exposed users to phishing attacks for three months after its launch with iOS 18.As 9to5Mac reports, the vulnerabilit…",apple quietly fixed passwords app bug exposed users phishing attacks app used http protocol instead safer protocol months apple fixed security flaw passwords app exposed users phishing attacks months launch ios tomac reports vulnerabilit,2025-03-19 14:06:52+00:00,8
iOS update,Apple Quietly Fixed a Passwords App Bug That Exposed Users to Phishing Attacks,"The app used the HTTP protocol instead of the safer HTTPS protocol for three months.
Apple has fixed a security flaw in its Passwords app that exposed users to phishing attacks for three months after its launch with iOS 18.As 9to5Mac reports, the vulnerabilit…",2025-03-19 14:06:52+00:00,PCMag.com,https://me.pcmag.com/en/password-managers/28932/apple-quietly-fixed-a-passwords-app-bug-that-exposed-users-to-phishing-attacks,"Apple Quietly Fixed a Passwords App Bug That Exposed Users to Phishing Attacks The app used the HTTP protocol instead of the safer HTTPS protocol for three months.
Apple has fixed a security flaw in its Passwords app that exposed users to phishing attacks for three months after its launch with iOS 18.As 9to5Mac reports, the vulnerabilit…",apple quietly fixed passwords app bug exposed users phishing attacks app used http protocol instead safer protocol months apple fixed security flaw passwords app exposed users phishing attacks months launch ios tomac reports vulnerabilit,2025-03-19 14:06:52+00:00,8
iOS update,watchOS 11.4 Beta 4: Hidden Features and Improvements Found,"Apple has officially released the watchOS 11.4 beta 4 update, now accessible to developers and public beta testers. This iteration emphasizes stability improvements, critical bug fixes, and minor feature enhancements, setting the stage for the anticipated pub…",2025-03-19 14:00:30+00:00,Geeky Gadgets,https://www.geeky-gadgets.com/watchos-11-4-beta-4/,"watchOS 11.4 Beta 4: Hidden Features and Improvements Found Apple has officially released the watchOS 11.4 beta 4 update, now accessible to developers and public beta testers. This iteration emphasizes stability improvements, critical bug fixes, and minor feature enhancements, setting the stage for the anticipated pub…",watchos beta hidden features improvements apple officially released watchos beta update accessible developers public beta testers iteration emphasizes stability improvements critical bug fixes minor feature enhancements setting stage anticipated pub,2025-03-19 14:00:30+00:00,0
iOS update,The shine is back on!,"The Nothing Phone 3(a) Pro: A stylish mid-range phone with innovative features, impressive battery life, and solid performance.",2025-03-19 12:41:01+00:00,BusinessLine,https://www.thehindubusinessline.com/specials/technophile/the-shine-is-back-on/article69349117.ece,"The shine is back on! The Nothing Phone 3(a) Pro: A stylish mid-range phone with innovative features, impressive battery life, and solid performance.",shine phone pro stylish midrange phone innovative features impressive battery life solid performance,2025-03-19 12:41:01+00:00,15
iOS update,Apple Stops Signing iOS 18.3.1 Following Release of iOS 18.3.2,"Apple recently released iOS 18.3.2, and as usual, it has now stopped signing iOS 18.3.1, making downgrading to that version of iOS no longer possible.Read More...",2025-03-19 12:18:44+00:00,Mactrast.com,https://www.mactrast.com/2025/03/apple-stops-signing-ios-18-3-1-following-release-of-ios-18-3-2/,"Apple Stops Signing iOS 18.3.1 Following Release of iOS 18.3.2 Apple recently released iOS 18.3.2, and as usual, it has now stopped signing iOS 18.3.1, making downgrading to that version of iOS no longer possible.Read More...",apple stops signing ios following release ios apple recently released ios usual stopped signing ios making downgrading version ios longer possibleread,2025-03-19 12:18:44+00:00,0
iOS update,Apple’s Passwords App Had a Major Security Flaw—Here’s What You Need to Know,"Apple’s recently launched Passwords app was vulnerable to phishing attacks for nearly three months before the company quietly patched the issue in a software update. Security researchers at Mysk discovered that the […]
Thank you for being a Ghacks reader. The…",2025-03-19 11:41:17+00:00,Ghacks Technology News,https://www.ghacks.net/2025/03/19/apples-passwords-app-had-a-major-security-flaw-heres-what-you-need-to-know/,"Apple’s Passwords App Had a Major Security Flaw—Here’s What You Need to Know Apple’s recently launched Passwords app was vulnerable to phishing attacks for nearly three months before the company quietly patched the issue in a software update. Security researchers at Mysk discovered that the […]
Thank you for being a Ghacks reader. The…",apples passwords app major security flawheres need know apples recently launched passwords app vulnerable phishing attacks nearly months company quietly patched issue software update security researchers mysk discovered thank ghacks reader,2025-03-19 11:41:17+00:00,8
iOS update,Downgrading to iOS 18.3.1 No Longer Possible,"Apple has officially made iOS users unable to downgrade to iOS 18.3.1. iPhone users can no longer sign iOS 18.3.1, which means those who updated their devices to iOS 18.3.2 won’t be able to go back. Apple debuted iOS 18.3.2 around last week, and stopped signa…",2025-03-19 11:17:29+00:00,iLounge,https://www.ilounge.com/news/downgrading-to-ios-18-3-1-no-longer-possible,"Downgrading to iOS 18.3.1 No Longer Possible Apple has officially made iOS users unable to downgrade to iOS 18.3.1. iPhone users can no longer sign iOS 18.3.1, which means those who updated their devices to iOS 18.3.2 won’t be able to go back. Apple debuted iOS 18.3.2 around last week, and stopped signa…",downgrading ios longer possible apple officially ios users unable downgrade ios iphone users longer sign ios means updated devices ios wont able apple debuted ios week stopped signa,2025-03-19 11:17:29+00:00,0
iOS update,Apple's Passwords App Had a Security Flaw That Exposed Users to Phishing Attacks for Three Months,"Apple introduced a standalone Passwords app last year with the iOS 18 update, replacing the previous option in the Settings menu. However, it had a critical security flaw, leaving users vulnerable to phishing attacks from attackers on the same Wi-Fi network. …",2025-03-19 10:00:54+00:00,Gadgets360.com,https://www.gadgets360.com/apps/news/apple-passwords-app-security-flaw-phishing-risk-7959356,"Apple's Passwords App Had a Security Flaw That Exposed Users to Phishing Attacks for Three Months Apple introduced a standalone Passwords app last year with the iOS 18 update, replacing the previous option in the Settings menu. However, it had a critical security flaw, leaving users vulnerable to phishing attacks from attackers on the same Wi-Fi network. …",apples passwords app security flaw exposed users phishing attacks months apple introduced standalone passwords app year ios update replacing previous option settings menu critical security flaw leaving users vulnerable phishing attacks attackers wifi network,2025-03-19 10:00:54+00:00,8
iOS update,"Pebble smartwatches are back: Core 2 Duo & Core Time 2 announced, shipping to Malaysia? Here’s all you need to know","Just less than two months ago, Eric Migicovsky announced his plans to bring Pebble smartwatches back. But I did not expect to find out about the news as soon as yesterday night that the Pebble founder has announced two new smartwatches under his new wearable …",2025-03-19 09:24:59+00:00,SoyaCincau.com,https://soyacincau.com/2025/03/19/pebble-smartwatch-core-2-duo-core-time-2-pebbleos-announced-shipping-malaysia/,"Pebble smartwatches are back: Core 2 Duo & Core Time 2 announced, shipping to Malaysia? Here’s all you need to know Just less than two months ago, Eric Migicovsky announced his plans to bring Pebble smartwatches back. But I did not expect to find out about the news as soon as yesterday night that the Pebble founder has announced two new smartwatches under his new wearable …",pebble smartwatches core duo core time announced shipping malaysia heres need know just months ago eric migicovsky announced plans bring pebble smartwatches did expect news soon yesterday night pebble founder announced new smartwatches new wearable,2025-03-19 09:24:59+00:00,10
iOS update,Pi-hole Remote,"Pi-hole Remote is a third party Pi-hole application that lets you quickly enable/disable your Pi-hole, block services on your network, as well as add domains to...",2025-03-19 09:15:49+00:00,Giveawayoftheday.com,https://iphone.giveawayoftheday.com/pi-hole-remote/,"Pi-hole Remote Pi-hole Remote is a third party Pi-hole application that lets you quickly enable/disable your Pi-hole, block services on your network, as well as add domains to...",pihole remote pihole remote party pihole application lets quickly enabledisable pihole block services network add domains,2025-03-19 09:15:49+00:00,8
iOS update,iOS 18.3.2: Are You Having iCloud Email Problems?,"If you are using iOS 18.3.2 or the iOS 18.4 beta, you may have encountered significant disruptions in iCloud email functionality. The push notifications and fetch options, which are critical for real-time email delivery, are not functioning as expected. This …",2025-03-19 07:30:52+00:00,Geeky Gadgets,https://www.geeky-gadgets.com/ios-18-3-2-icloud-email-problems/,"iOS 18.3.2: Are You Having iCloud Email Problems? If you are using iOS 18.3.2 or the iOS 18.4 beta, you may have encountered significant disruptions in iCloud email functionality. The push notifications and fetch options, which are critical for real-time email delivery, are not functioning as expected. This …",ios having icloud email problems using ios ios beta encountered significant disruptions icloud email functionality push notifications fetch options critical realtime email delivery functioning expected,2025-03-19 07:30:52+00:00,0
iOS update,Another Eden: The Cat Beyond Time and Space Releases Version 3.10.70 Update Mar. 19 Featuring the Final Chapter of Mythos 'Shadow of Sin and Steel',Mythos protagonist Senya's Another Style is unlocked and Kuramaru is gained as a Sidekick by playing the Mythos story The campaign where players can get...,2025-03-19 05:03:36+00:00,Anime News Network,https://www.animenewsnetwork.com/press-release/2025-03-19/another-eden-the-cat-beyond-time-and-space-releases-version-3.10.70-update-mar-19-featuring-the-/.222548,Another Eden: The Cat Beyond Time and Space Releases Version 3.10.70 Update Mar. 19 Featuring the Final Chapter of Mythos 'Shadow of Sin and Steel' Mythos protagonist Senya's Another Style is unlocked and Kuramaru is gained as a Sidekick by playing the Mythos story The campaign where players can get...,eden cat time space releases version update mar featuring final chapter mythos shadow sin steel mythos protagonist senyas style unlocked kuramaru gained sidekick playing mythos story campaign players,2025-03-19 05:03:36+00:00,0
iOS update,contactsmanager added to PyPI,Python SDK for ContactsManager API authentication and token generation,2025-03-19 03:23:35+00:00,Pypi.org,https://pypi.org/project/contactsmanager/,contactsmanager added to PyPI Python SDK for ContactsManager API authentication and token generation,contactsmanager added pypi python sdk contactsmanager api authentication token generation,2025-03-19 03:23:35+00:00,8
iOS update,"Apple stops signing iOS 18.3.1, blocking downgrade from iOS 18.3.2","Just a week after releasing iOS 18.3.2 to the public, Apple has now stopped signing iOS 18.3.1. For iPhone and iPad users, this means that they can no longer downgrade to this version of the software if their device is already running a newer version.



 mor…",2025-03-19 02:25:52+00:00,9to5Mac,https://9to5mac.com/2025/03/18/apple-stops-signing-ios-18-3-1-downgrade/,"Apple stops signing iOS 18.3.1, blocking downgrade from iOS 18.3.2 Just a week after releasing iOS 18.3.2 to the public, Apple has now stopped signing iOS 18.3.1. For iPhone and iPad users, this means that they can no longer downgrade to this version of the software if their device is already running a newer version.



 mor…",apple stops signing ios blocking downgrade ios just week releasing ios public apple stopped signing ios iphone ipad users means longer downgrade version software device running newer version mor,2025-03-19 02:25:52+00:00,0
iOS update,Now patched vulnerability left Apple Passwords open to targeted phishing attacks,"From iOS 18 when the Passwords app debuted to the iOS 18.2 update, users could have exposed passwords to a bad actor on a privileged network, but you're likely safe.Apple Passwords left users open to targeted phishing attacksApple released iOS 18 in September…",2025-03-19 00:46:58+00:00,AppleInsider,https://appleinsider.com/articles/25/03/19/now-patched-vulnerability-left-apple-passwords-open-to-targeted-phishing-attacks,"Now patched vulnerability left Apple Passwords open to targeted phishing attacks From iOS 18 when the Passwords app debuted to the iOS 18.2 update, users could have exposed passwords to a bad actor on a privileged network, but you're likely safe.Apple Passwords left users open to targeted phishing attacksApple released iOS 18 in September…",patched vulnerability left apple passwords open targeted phishing attacks ios passwords app debuted ios update users exposed passwords bad actor privileged network youre likely safeapple passwords left users open targeted phishing attacksapple released ios september,2025-03-19 00:46:58+00:00,8
iOS update,Apple brings Tap to Pay to more European countries,"Apple just brought its Tap to Pay technology for iPhones to a host of new European countries, including Poland, Switzerland, Finland, Hungary, Portugal and several others. This allows for contactless payments. It works with credit and debit cards, Apple Pay a…",2025-03-18 23:53:08+00:00,Slashdot.org,https://slashdot.org/firehose.pl?op=view&amp;id=176766213,"Apple brings Tap to Pay to more European countries Apple just brought its Tap to Pay technology for iPhones to a host of new European countries, including Poland, Switzerland, Finland, Hungary, Portugal and several others. This allows for contactless payments. It works with credit and debit cards, Apple Pay a…",apple brings tap pay european countries apple just brought tap pay technology iphones host new european countries including poland switzerland finland hungary portugal allows contactless payments works credit debit cards apple pay,2025-03-18 23:53:08+00:00,6
iOS update,"Apple stops signing iOS 18.3.1 following release of newer iOS 18.3.2, stopping firmware downgrades",Apple is no longer signing iOS & iPadOS 18.3.1 following the latest iOS & iPadOS 18.3.2 software update for iPhones and iPads.,2025-03-18 23:31:24+00:00,Idownloadblog.com,https://www.idownloadblog.com/2025/03/18/apple-stops-signing-ios-18-3-1-following-release-of-newer-ios-18-3-2-stopping-firmware-downgrades/,"Apple stops signing iOS 18.3.1 following release of newer iOS 18.3.2, stopping firmware downgrades Apple is no longer signing iOS & iPadOS 18.3.1 following the latest iOS & iPadOS 18.3.2 software update for iPhones and iPads.",apple stops signing ios following release newer ios stopping firmware downgrades apple longer signing ios ipados following latest ios ipados software update iphones ipads,2025-03-18 23:31:24+00:00,0
iOS update,Apple Stops Signing iOS 18.3.1,"Apple today stopped signing iOS 18.3.1, so iPhone users who have upgraded to iOS 18.3.2 are no longer able to downgrade to the prior version of iOS 18. Apple released iOS 18.3.2 on March 10.





It is not unusual for Apple to stop signing older versions of i…",2025-03-18 22:55:41+00:00,MacRumors,https://www.macrumors.com/2025/03/18/apple-stops-signing-ios-18-3-1/,"Apple Stops Signing iOS 18.3.1 Apple today stopped signing iOS 18.3.1, so iPhone users who have upgraded to iOS 18.3.2 are no longer able to downgrade to the prior version of iOS 18. Apple released iOS 18.3.2 on March 10.





It is not unusual for Apple to stop signing older versions of i…",apple stops signing ios apple today stopped signing ios iphone users upgraded ios longer able downgrade prior version ios apple released ios march unusual apple stop signing older versions,2025-03-18 22:55:41+00:00,0
iOS update,iOS 19 Rumored to Be Compatible With These iPhones,"iOS 19 will not drop support for any iPhone models, according to French website iPhoneSoft.fr.   The report cited a source who said iOS 19 will be...",2025-03-18 20:38:12+00:00,MacRumors,https://www.macrumors.com/2025/03/18/ios-19-rumored-to-be-compatible-with-these-iphones/,"iOS 19 Rumored to Be Compatible With These iPhones iOS 19 will not drop support for any iPhone models, according to French website iPhoneSoft.fr.   The report cited a source who said iOS 19 will be...",ios rumored compatible iphones ios drop support iphone models according french website iphonesoftfr report cited source said ios,2025-03-18 20:38:12+00:00,0
iOS update,Apple Upgrades CarPlay in Two Ways,The upcoming iOS 18.4 update for the iPhone includes a smaller but meaningful improvement for Apple's in-car iPhone mirroring system CarPlay.  ...,2025-03-18 20:38:11+00:00,MacRumors,https://www.macrumors.com/2025/03/18/apple-upgrades-carplay-two-ways/,Apple Upgrades CarPlay in Two Ways The upcoming iOS 18.4 update for the iPhone includes a smaller but meaningful improvement for Apple's in-car iPhone mirroring system CarPlay.  ...,apple upgrades carplay ways upcoming ios update iphone includes smaller meaningful improvement apples incar iphone mirroring carplay,2025-03-18 20:38:11+00:00,0
iOS update,watchOS 11.4 Beta 4: Everything New in the Latest Update,"Apple just dropped watchOS 11.4 Beta 4 for both Public and Developer Beta users. The update includes one notable change along with some general performance improvements. Here’s a breakdown of what you'll get.



New Emojis



Credits: Emojipedia



This beta …",2025-03-18 20:34:56+00:00,The Mac Observer,https://www.macobserver.com/tips/round-ups/everything-new-in-watchos-11-4-beta-4/,"watchOS 11.4 Beta 4: Everything New in the Latest Update Apple just dropped watchOS 11.4 Beta 4 for both Public and Developer Beta users. The update includes one notable change along with some general performance improvements. Here’s a breakdown of what you'll get.



New Emojis



Credits: Emojipedia



This beta …",watchos beta new latest update apple just dropped watchos beta public developer beta users update includes notable change general performance improvements heres breakdown youll new emojis credits emojipedia beta,2025-03-18 20:34:56+00:00,0
iOS update,"Show HN: ""Git who"" – A new CLI tool for industrial-scale Git blaming","I've always wanted a better way to explore the authorship data embedded in a Git commit log. I'm having fun building a CLI tool to do this.It's a bit like the ""Contributors"" tab on Github that shows you how many commits each contributor has made but much fast…",2025-03-18 20:20:09+00:00,Github.com,https://github.com/sinclairtarget/git-who,"Show HN: ""Git who"" – A new CLI tool for industrial-scale Git blaming I've always wanted a better way to explore the authorship data embedded in a Git commit log. I'm having fun building a CLI tool to do this.It's a bit like the ""Contributors"" tab on Github that shows you how many commits each contributor has made but much fast…",git new cli tool industrialscale git blaming ive wanted better way explore authorship data embedded git commit log having fun building cli tool thisits bit like contributors tab github shows commits contributor fast,2025-03-18 20:20:09+00:00,8
iOS update,Everything New in macOS 15.4 Beta 4: What Changed?,"Apple just released the fourth beta version of macOS 15.4. It comes with a few new features, plus some much-needed improvements to Apple Intelligence. These additions make it a more robust, easy-to-navigate update than the previous macOS 15.3. Let's dive into…",2025-03-18 18:55:28+00:00,The Mac Observer,https://www.macobserver.com/tips/round-ups/everything-new-in-macos-15-4-beta-4-what-changed/,"Everything New in macOS 15.4 Beta 4: What Changed? Apple just released the fourth beta version of macOS 15.4. It comes with a few new features, plus some much-needed improvements to Apple Intelligence. These additions make it a more robust, easy-to-navigate update than the previous macOS 15.3. Let's dive into…",new macos beta changed apple just released fourth beta version macos comes new features plus muchneeded improvements apple intelligence additions make robust easytonavigate update previous macos lets dive,2025-03-18 18:55:28+00:00,0
iOS update,Amazon accused of using algorithms to push warehouse workers to breaking point,"Web souk hits back at critical study into union drive at package depot
Amazon has used tricks, algorithms, and surveillance to discourage warehouse employees from unionizing, according to a paper published in the journal Socius.…",2025-03-18 18:28:10+00:00,Theregister.com,https://www.theregister.com/2025/03/18/amazon_algorithmic_worker_management/,"Amazon accused of using algorithms to push warehouse workers to breaking point Web souk hits back at critical study into union drive at package depot
Amazon has used tricks, algorithms, and surveillance to discourage warehouse employees from unionizing, according to a paper published in the journal Socius.…",amazon accused using algorithms push warehouse workers breaking point web souk hits critical study union drive package depot amazon used tricks algorithms surveillance discourage warehouse employees unionizing according paper published journal socius,2025-03-18 18:28:10+00:00,-1
iOS update,Google Chrome's upcoming context menu will help wrangle all your open tabs,Chrome on Android could soon surface useful tools with a new context menu in the tab switcher,2025-03-18 17:37:43+00:00,Android Police,https://www.androidpolice.com/chrome-canary-new-context-menu-tab-switcher/,Google Chrome's upcoming context menu will help wrangle all your open tabs Chrome on Android could soon surface useful tools with a new context menu in the tab switcher,google chromes upcoming context menu help wrangle open tabs chrome android soon surface useful tools new context menu tab switcher,2025-03-18 17:37:43+00:00,-1
iOS update,Apple iOS 18.3.2 iPhone Warning: Latest Update Causing Problems,"The latest iPhone software is barely a week old, but some users are saying it’s causing key software to break.",2025-03-18 17:30:15+00:00,Forbes,https://www.forbes.com/sites/davidphelan/2025/03/18/apple-ios-1832-iphone-warning-latest-update-causing-problems/,"Apple iOS 18.3.2 iPhone Warning: Latest Update Causing Problems The latest iPhone software is barely a week old, but some users are saying it’s causing key software to break.",apple ios iphone warning latest update causing problems latest iphone software barely week old users saying causing key software break,2025-03-18 17:30:15+00:00,0
iOS update,Apple Restricting New Pebble Smartwatches From 'Being Awesome' With iPhone,"Two new PebbleOS smartwatches were announced today by original Pebble watch creator Eric Migicovsky, revitalizing a Kickstarter-launched brand that had three years of mega popularity before it folded in 2016.





Called the Core 2 Duo and the Core Time 2, th…",2025-03-18 17:19:24+00:00,MacRumors,https://www.macrumors.com/2025/03/18/pebble-smartwatch-apple-restrictions/,"Apple Restricting New Pebble Smartwatches From 'Being Awesome' With iPhone Two new PebbleOS smartwatches were announced today by original Pebble watch creator Eric Migicovsky, revitalizing a Kickstarter-launched brand that had three years of mega popularity before it folded in 2016.





Called the Core 2 Duo and the Core Time 2, th…",apple restricting new pebble smartwatches awesome iphone new pebbleos smartwatches announced today original pebble watch creator eric migicovsky revitalizing kickstarterlaunched brand years mega popularity folded called core duo core time,2025-03-18 17:19:24+00:00,10
iOS update,Fitbit app redesigns Water stats and logging on Android [U],"After a redesign of the Weight stats page in November, Fitbit is now updating Water logging on Android.



 more…",2025-03-18 17:10:00+00:00,9to5google.com,http://9to5google.com/2025/03/18/fitbit-water-redesign/,"Fitbit app redesigns Water stats and logging on Android [U] After a redesign of the Weight stats page in November, Fitbit is now updating Water logging on Android.



 more…",fitbit app redesigns water stats logging android redesign weight stats page november fitbit updating water logging android,2025-03-18 17:10:00+00:00,10
iOS update,Apple restricts Pebble from being awesome with iPhones,"Article URL: https://ericmigi.com/blog/apple-restricts-pebble-from-being-awesome-with-iphones/
Comments URL: https://news.ycombinator.com/item?id=43401245
Points: 6
# Comments: 1",2025-03-18 16:23:21+00:00,Ericmigi.com,https://ericmigi.com/blog/apple-restricts-pebble-from-being-awesome-with-iphones/,"Apple restricts Pebble from being awesome with iPhones Article URL: https://ericmigi.com/blog/apple-restricts-pebble-from-being-awesome-with-iphones/
Comments URL: https://news.ycombinator.com/item?id=43401245
Points: 6
# Comments: 1",apple restricts pebble awesome iphones article url comments url points comments,2025-03-18 16:23:21+00:00,-1
iOS update,You have 4 days to update Firefox before everything breaks,This upgrade isn't optional.,2025-03-18 16:22:56+00:00,ZDNet,https://www.zdnet.com/article/you-have-4-days-to-update-firefox-before-everything-breaks/,You have 4 days to update Firefox before everything breaks This upgrade isn't optional.,days update firefox breaks upgrade isnt optional,2025-03-18 16:22:56+00:00,0
iOS update,Two new PebbleOS watches,Including my dream smartwatch…,2025-03-18 15:59:27+00:00,Ericmigi.com,https://ericmigi.com/blog/introducing-two-new-pebbleos-watches/,Two new PebbleOS watches Including my dream smartwatch…,new pebbleos watches including dream smartwatch,2025-03-18 15:59:27+00:00,10
iOS update,"Mozilla outs Firefox 136.0.2 to fix cookie-deleting issue, high CPU usage on Windows, more","If Firefox is causing excessive CPU usage on your computer, the latest update, version 136.0.2, is here to save the day. Read more...",2025-03-18 15:32:01+00:00,Neowin,https://www.neowin.net/news/mozilla-outs-firefox-13602-to-fix-cookie-deleting-issue-high-cpu-usage-on-windows-more/,"Mozilla outs Firefox 136.0.2 to fix cookie-deleting issue, high CPU usage on Windows, more If Firefox is causing excessive CPU usage on your computer, the latest update, version 136.0.2, is here to save the day. Read more...",mozilla outs firefox fix cookiedeleting issue high cpu usage windows firefox causing excessive cpu usage computer latest update version save day read,2025-03-18 15:32:01+00:00,-1
iOS update,Google Rolls Out a Chromecast Fix After Users Found Their Own,You probably regret performing that factory reset when Google said not to.,2025-03-18 15:12:34+00:00,TalkAndroid,https://www.talkandroid.com/502819-chromecast-bugfix-update/,Google Rolls Out a Chromecast Fix After Users Found Their Own You probably regret performing that factory reset when Google said not to.,google rolls chromecast fix users probably regret performing factory reset google said,2025-03-18 15:12:34+00:00,-1
iOS update,How To Unbrick Your Google Chromecast Dongle After A Factory Reset,"It took several days, but it looks like Google has figured out how to resolve a recent issue that borked older Chromecast (version 2) and Chromecast Audio streaming dongles, which was preventing them from functioning. An initial fix actually arrived late last…",2025-03-18 15:03:00+00:00,Hot Hardware,https://hothardware.com/news/how-unbrick-google-chromecast-dongle-after-factory-reset,"How To Unbrick Your Google Chromecast Dongle After A Factory Reset It took several days, but it looks like Google has figured out how to resolve a recent issue that borked older Chromecast (version 2) and Chromecast Audio streaming dongles, which was preventing them from functioning. An initial fix actually arrived late last…",unbrick google chromecast dongle factory reset took days looks like google figured resolve recent issue borked older chromecast version chromecast audio streaming dongles preventing functioning initial fix actually arrived late,2025-03-18 15:03:00+00:00,-1
iOS update,茴㍂篋ユсパ冴 ClickFixWeb泣、竏；腓今若潟ー篏 ...,茴㍂篋ユсパ冴 ClickFixWeb泣、竏；腓今若潟ー篏ィ❼荀綏с若カ若筝潟潟Windows PowerShell潟ッ⒢若ケ禪紙с i査,2025-03-18 15:00:00+00:00,Ryukoku.ac.jp,http://www.st.ryukoku.ac.jp/~kjm/security/memo/2025/03.html#20250319__winr,茴㍂篋ユсパ冴 ClickFixWeb泣、竏；腓今若潟ー篏 ... 茴㍂篋ユсパ冴 ClickFixWeb泣、竏；腓今若潟ー篏ィ❼荀綏с若カ若筝潟潟Windows PowerShell潟ッ⒢若ケ禪紙с i査,clickfixweb clickfixwebwindows powershell,2025-03-18 15:00:00+00:00,-1
iOS update,Beta update: Data loss prevention rules based on classification labels are now applied instantly in Gmail on the web,"What’s changing In November 2024, we announced  an open beta for data classification labels in Gmail. To further enhance the experience, we’...",2025-03-18 14:31:00+00:00,Googleblog.com,http://workspaceupdates.googleblog.com/2025/03/gmail-data-loss-prevention-rules-classification-labels-now-applied-instantly-.html,"Beta update: Data loss prevention rules based on classification labels are now applied instantly in Gmail on the web What’s changing In November 2024, we announced  an open beta for data classification labels in Gmail. To further enhance the experience, we’...",beta update data loss prevention rules based classification labels applied instantly gmail web whats changing november announced open beta data classification labels gmail enhance experience,2025-03-18 14:31:00+00:00,0
iOS update,Is your Chromecast still throwing errors? This fix will get you streaming again,"Google has rolled out an update to resolve the issue, but if you factory reset your device, you need to take an additional step.",2025-03-18 13:50:00+00:00,ZDNet,https://www.zdnet.com/home-and-office/home-entertainment/is-your-chromecast-still-throwing-errors-this-fix-will-get-you-streaming-again/,"Is your Chromecast still throwing errors? This fix will get you streaming again Google has rolled out an update to resolve the issue, but if you factory reset your device, you need to take an additional step.",chromecast throwing errors fix streaming google rolled update resolve issue factory reset device need additional step,2025-03-18 13:50:00+00:00,-1
iOS update,Looks like iOS 18.3.2 broke iCloud‌ Mail push for some iPhone owners,Apple's recent iOS 18.3.2 software update suffers from a bug preventing iCloud Mail from pushing new messages to iPhone owners.,2025-03-18 13:45:33+00:00,Idownloadblog.com,https://www.idownloadblog.com/2025/03/18/iphone-icloud-mail-push-not-working/,Looks like iOS 18.3.2 broke iCloud‌ Mail push for some iPhone owners Apple's recent iOS 18.3.2 software update suffers from a bug preventing iCloud Mail from pushing new messages to iPhone owners.,looks like ios broke icloud mail push iphone owners apples recent ios software update suffers bug preventing icloud mail pushing new messages iphone owners,2025-03-18 13:45:33+00:00,0
iOS update,How do competition laws affect Apple's sideloading policies?,"The EU's Digital Markets Act has caused Apple to allow sideloading in certain regions. This change could have broader effects on Apple's operations, mobile security and IT teams.",2025-03-18 11:50:00+00:00,Techtarget.com,https://www.techtarget.com/searchmobilecomputing/answer/How-do-competition-laws-affect-Apples-sideloading-policies,"How do competition laws affect Apple's sideloading policies? The EU's Digital Markets Act has caused Apple to allow sideloading in certain regions. This change could have broader effects on Apple's operations, mobile security and IT teams.",competition laws affect apples sideloading policies eus digital markets act caused apple allow sideloading certain regions change broader effects apples operations mobile security teams,2025-03-18 11:50:00+00:00,6
iOS update,iOS 18.4 Secrets: 12 Surprising Features Revealed,"The iOS 18.4 update brings a variety of enhancements aimed at improving your iPhone’s functionality, personalization, and overall user experience. While some highly anticipated features are being reserved for future updates like iOS 19, this release focuses o…",2025-03-18 11:30:46+00:00,Geeky Gadgets,https://www.geeky-gadgets.com/ios-18-4-secrets/,"iOS 18.4 Secrets: 12 Surprising Features Revealed The iOS 18.4 update brings a variety of enhancements aimed at improving your iPhone’s functionality, personalization, and overall user experience. While some highly anticipated features are being reserved for future updates like iOS 19, this release focuses o…",ios secrets surprising features revealed ios update brings variety enhancements aimed improving iphones functionality personalization overall user experience highly anticipated features reserved future updates like ios release focuses,2025-03-18 11:30:46+00:00,0
iOS update,Google rolls out another Chromecast bug fix for users who factory-reset their devices,The final batch of devices affected by the recent streaming bug can now be set up again via Google Home.,2025-03-18 10:49:29+00:00,TechRadar,https://www.techradar.com/televisions/streaming-devices/google-rolls-out-another-chromecast-bug-fix-for-users-who-factory-reset-their-devices,Google rolls out another Chromecast bug fix for users who factory-reset their devices The final batch of devices affected by the recent streaming bug can now be set up again via Google Home.,google rolls chromecast bug fix users factoryreset devices final batch devices affected recent streaming bug set google home,2025-03-18 10:49:29+00:00,-1
